solid OpenSCAD_Model
  facet normal 0.99142 0.130712 0
    outer loop
      vertex -21.0114 22.5115 93
      vertex -21.0456 22.7709 50.5
      vertex -21.0456 22.7709 93
    endloop
  endfacet
  facet normal 0.99142 0.130712 0
    outer loop
      vertex -21.0456 22.7709 50.5
      vertex -21.0114 22.5115 93
      vertex -21.0114 22.5115 50.5
    endloop
  endfacet
  facet normal -0.999051 -0.0435533 0
    outer loop
      vertex -27.9886 -22.5115 31
      vertex -28 -22.25 93
      vertex -28 -22.25 31
    endloop
  endfacet
  facet normal -0.999051 -0.0435533 0
    outer loop
      vertex -28 -22.25 93
      vertex -27.9886 -22.5115 31
      vertex -27.9886 -22.5115 93
    endloop
  endfacet
  facet normal -0.976349 0.216202 0
    outer loop
      vertex -27.9544 22.7709 31
      vertex -27.8978 23.0265 93
      vertex -27.8978 23.0265 31
    endloop
  endfacet
  facet normal -0.976349 0.216202 0
    outer loop
      vertex -27.8978 23.0265 93
      vertex -27.9544 22.7709 31
      vertex -27.9544 22.7709 93
    endloop
  endfacet
  facet normal 0.216202 0.976349 -0
    outer loop
      vertex -23.2235 25.1478 31
      vertex -23.4791 25.2044 93
      vertex -23.2235 25.1478 93
    endloop
  endfacet
  facet normal 0.216202 0.976349 0
    outer loop
      vertex -23.4791 25.2044 93
      vertex -23.2235 25.1478 31
      vertex -23.4791 25.2044 31
    endloop
  endfacet
  facet normal -0.953715 -0.300711 0
    outer loop
      vertex -27.8191 -23.2761 31
      vertex -27.8978 -23.0265 93
      vertex -27.8978 -23.0265 31
    endloop
  endfacet
  facet normal -0.953715 -0.300711 0
    outer loop
      vertex -27.8978 -23.0265 93
      vertex -27.8191 -23.2761 31
      vertex -27.8191 -23.2761 93
    endloop
  endfacet
  facet normal -1 0 0
    outer loop
      vertex -28 4.98097 48.1758
      vertex -28 22.25 31
      vertex -28 5 47.74
    endloop
  endfacet
  facet normal -1 0 0
    outer loop
      vertex -28 22.25 31
      vertex -28 4.98097 47.3042
      vertex -28 5 47.74
    endloop
  endfacet
  facet normal -1 0 0
    outer loop
      vertex -28 22.25 31
      vertex -28 4.92404 46.8718
      vertex -28 4.98097 47.3042
    endloop
  endfacet
  facet normal -1 0 0
    outer loop
      vertex -28 22.25 31
      vertex -28 4.82963 46.4459
      vertex -28 4.92404 46.8718
    endloop
  endfacet
  facet normal -1 0 0
    outer loop
      vertex -28 22.25 31
      vertex -28 4.69846 46.0299
      vertex -28 4.82963 46.4459
    endloop
  endfacet
  facet normal -1 0 0
    outer loop
      vertex -28 22.25 31
      vertex -28 4.53154 45.6269
      vertex -28 4.69846 46.0299
    endloop
  endfacet
  facet normal -1 0 0
    outer loop
      vertex -28 22.25 31
      vertex -28 4.33013 45.24
      vertex -28 4.53154 45.6269
    endloop
  endfacet
  facet normal -1 0 0
    outer loop
      vertex -28 22.25 31
      vertex -28 4.09576 44.8721
      vertex -28 4.33013 45.24
    endloop
  endfacet
  facet normal -1 0 0
    outer loop
      vertex -28 22.25 31
      vertex -28 3.83022 44.5261
      vertex -28 4.09576 44.8721
    endloop
  endfacet
  facet normal -1 0 0
    outer loop
      vertex -28 22.25 31
      vertex -28 3.53553 44.2045
      vertex -28 3.83022 44.5261
    endloop
  endfacet
  facet normal -1 0 0
    outer loop
      vertex -28 22.25 31
      vertex -28 3.21394 43.9098
      vertex -28 3.53553 44.2045
    endloop
  endfacet
  facet normal -1 0 0
    outer loop
      vertex -28 22.25 31
      vertex -28 2.86788 43.6442
      vertex -28 3.21394 43.9098
    endloop
  endfacet
  facet normal -1 0 0
    outer loop
      vertex -28 22.25 31
      vertex -28 2.5 43.4099
      vertex -28 2.86788 43.6442
    endloop
  endfacet
  facet normal -1 0 0
    outer loop
      vertex -28 22.25 31
      vertex -28 2.11309 43.2085
      vertex -28 2.5 43.4099
    endloop
  endfacet
  facet normal -1 0 0
    outer loop
      vertex -28 22.25 31
      vertex -28 1.7101 43.0415
      vertex -28 2.11309 43.2085
    endloop
  endfacet
  facet normal -1 0 0
    outer loop
      vertex -28 22.25 31
      vertex -28 1.2941 42.9104
      vertex -28 1.7101 43.0415
    endloop
  endfacet
  facet normal -1 0 0
    outer loop
      vertex -28 22.25 31
      vertex -28 0.86824 42.816
      vertex -28 1.2941 42.9104
    endloop
  endfacet
  facet normal -1 0 0
    outer loop
      vertex -28 22.25 31
      vertex -28 0.435779 42.759
      vertex -28 0.86824 42.816
    endloop
  endfacet
  facet normal -1 0 0
    outer loop
      vertex -28 22.25 31
      vertex -28 0 42.74
      vertex -28 0.435779 42.759
    endloop
  endfacet
  facet normal -1 0 0
    outer loop
      vertex -28 -22.25 31
      vertex -28 0 42.74
      vertex -28 22.25 31
    endloop
  endfacet
  facet normal -1 -0 0
    outer loop
      vertex -28 0 42.74
      vertex -28 -22.25 31
      vertex -28 -0.435779 42.759
    endloop
  endfacet
  facet normal -1 -0 0
    outer loop
      vertex -28 -0.435779 42.759
      vertex -28 -22.25 31
      vertex -28 -0.86824 42.816
    endloop
  endfacet
  facet normal -1 -0 0
    outer loop
      vertex -28 -0.86824 42.816
      vertex -28 -22.25 31
      vertex -28 -1.2941 42.9104
    endloop
  endfacet
  facet normal -1 -0 0
    outer loop
      vertex -28 -1.2941 42.9104
      vertex -28 -22.25 31
      vertex -28 -1.7101 43.0415
    endloop
  endfacet
  facet normal -1 -0 0
    outer loop
      vertex -28 -4.98097 47.3042
      vertex -28 -22.25 31
      vertex -28 -5 47.74
    endloop
  endfacet
  facet normal -1 -0 0
    outer loop
      vertex -28 -4.92404 46.8718
      vertex -28 -22.25 31
      vertex -28 -4.98097 47.3042
    endloop
  endfacet
  facet normal -1 -0 0
    outer loop
      vertex -28 -4.82963 46.4459
      vertex -28 -22.25 31
      vertex -28 -4.92404 46.8718
    endloop
  endfacet
  facet normal -1 -0 0
    outer loop
      vertex -28 -4.69846 46.0299
      vertex -28 -22.25 31
      vertex -28 -4.82963 46.4459
    endloop
  endfacet
  facet normal -1 -0 0
    outer loop
      vertex -28 -4.53154 45.6269
      vertex -28 -22.25 31
      vertex -28 -4.69846 46.0299
    endloop
  endfacet
  facet normal -1 -0 0
    outer loop
      vertex -28 -4.33013 45.24
      vertex -28 -22.25 31
      vertex -28 -4.53154 45.6269
    endloop
  endfacet
  facet normal -1 -0 0
    outer loop
      vertex -28 -4.09576 44.8721
      vertex -28 -22.25 31
      vertex -28 -4.33013 45.24
    endloop
  endfacet
  facet normal -1 -0 0
    outer loop
      vertex -28 -3.83022 44.5261
      vertex -28 -22.25 31
      vertex -28 -4.09576 44.8721
    endloop
  endfacet
  facet normal -1 -0 0
    outer loop
      vertex -28 -3.53553 44.2045
      vertex -28 -22.25 31
      vertex -28 -3.83022 44.5261
    endloop
  endfacet
  facet normal -1 -0 0
    outer loop
      vertex -28 -3.21394 43.9098
      vertex -28 -22.25 31
      vertex -28 -3.53553 44.2045
    endloop
  endfacet
  facet normal -1 -0 0
    outer loop
      vertex -28 -2.86788 43.6442
      vertex -28 -22.25 31
      vertex -28 -3.21394 43.9098
    endloop
  endfacet
  facet normal -1 -0 0
    outer loop
      vertex -28 -2.5 43.4099
      vertex -28 -22.25 31
      vertex -28 -2.86788 43.6442
    endloop
  endfacet
  facet normal -1 -0 0
    outer loop
      vertex -28 -2.11309 43.2085
      vertex -28 -22.25 31
      vertex -28 -2.5 43.4099
    endloop
  endfacet
  facet normal -1 -0 0
    outer loop
      vertex -28 -1.7101 43.0415
      vertex -28 -22.25 31
      vertex -28 -2.11309 43.2085
    endloop
  endfacet
  facet normal -1 0 0
    outer loop
      vertex -28 4.92404 48.6082
      vertex -28 22.25 31
      vertex -28 4.98097 48.1758
    endloop
  endfacet
  facet normal -1 0 0
    outer loop
      vertex -28 4.82963 49.0341
      vertex -28 22.25 31
      vertex -28 4.92404 48.6082
    endloop
  endfacet
  facet normal -1 0 0
    outer loop
      vertex -28 4.69846 49.4501
      vertex -28 22.25 31
      vertex -28 4.82963 49.0341
    endloop
  endfacet
  facet normal -1 0 0
    outer loop
      vertex -28 22.25 31
      vertex -28 4.69846 49.4501
      vertex -28 22.25 93
    endloop
  endfacet
  facet normal -1 0 0
    outer loop
      vertex -28 4.53154 49.8531
      vertex -28 22.25 93
      vertex -28 4.69846 49.4501
    endloop
  endfacet
  facet normal -1 0 0
    outer loop
      vertex -28 4.33013 50.24
      vertex -28 22.25 93
      vertex -28 4.53154 49.8531
    endloop
  endfacet
  facet normal -1 0 0
    outer loop
      vertex -28 4.09576 50.6079
      vertex -28 22.25 93
      vertex -28 4.33013 50.24
    endloop
  endfacet
  facet normal -1 0 0
    outer loop
      vertex -28 3.83022 50.9539
      vertex -28 22.25 93
      vertex -28 4.09576 50.6079
    endloop
  endfacet
  facet normal -1 0 0
    outer loop
      vertex -28 3.53553 51.2755
      vertex -28 22.25 93
      vertex -28 3.83022 50.9539
    endloop
  endfacet
  facet normal -1 0 0
    outer loop
      vertex -28 3.21394 51.5702
      vertex -28 22.25 93
      vertex -28 3.53553 51.2755
    endloop
  endfacet
  facet normal -1 0 0
    outer loop
      vertex -28 2.86788 51.8358
      vertex -28 22.25 93
      vertex -28 3.21394 51.5702
    endloop
  endfacet
  facet normal -1 0 0
    outer loop
      vertex -28 2.5 52.0701
      vertex -28 22.25 93
      vertex -28 2.86788 51.8358
    endloop
  endfacet
  facet normal -1 0 0
    outer loop
      vertex -28 2.11309 52.2715
      vertex -28 22.25 93
      vertex -28 2.5 52.0701
    endloop
  endfacet
  facet normal -1 0 0
    outer loop
      vertex -28 1.7101 52.4385
      vertex -28 22.25 93
      vertex -28 2.11309 52.2715
    endloop
  endfacet
  facet normal -1 0 0
    outer loop
      vertex -28 1.2941 52.5696
      vertex -28 22.25 93
      vertex -28 1.7101 52.4385
    endloop
  endfacet
  facet normal -1 0 0
    outer loop
      vertex -28 0.86824 52.664
      vertex -28 22.25 93
      vertex -28 1.2941 52.5696
    endloop
  endfacet
  facet normal -1 0 0
    outer loop
      vertex -28 0.435779 52.721
      vertex -28 22.25 93
      vertex -28 0.86824 52.664
    endloop
  endfacet
  facet normal -1 0 0
    outer loop
      vertex -28 0 52.74
      vertex -28 22.25 93
      vertex -28 0.435779 52.721
    endloop
  endfacet
  facet normal -1 0 0
    outer loop
      vertex -28 -22.25 93
      vertex -28 0 52.74
      vertex -28 -0.435779 52.721
    endloop
  endfacet
  facet normal -1 0 0
    outer loop
      vertex -28 -22.25 93
      vertex -28 -0.435779 52.721
      vertex -28 -0.86824 52.664
    endloop
  endfacet
  facet normal -1 0 0
    outer loop
      vertex -28 -22.25 93
      vertex -28 -0.86824 52.664
      vertex -28 -1.2941 52.5696
    endloop
  endfacet
  facet normal -1 0 0
    outer loop
      vertex -28 -22.25 93
      vertex -28 -1.2941 52.5696
      vertex -28 -1.7101 52.4385
    endloop
  endfacet
  facet normal -1 0 0
    outer loop
      vertex -28 -22.25 93
      vertex -28 -1.7101 52.4385
      vertex -28 -2.11309 52.2715
    endloop
  endfacet
  facet normal -1 0 0
    outer loop
      vertex -28 -22.25 93
      vertex -28 -2.11309 52.2715
      vertex -28 -2.5 52.0701
    endloop
  endfacet
  facet normal -1 0 0
    outer loop
      vertex -28 -22.25 93
      vertex -28 -2.5 52.0701
      vertex -28 -2.86788 51.8358
    endloop
  endfacet
  facet normal -1 0 0
    outer loop
      vertex -28 -22.25 93
      vertex -28 -2.86788 51.8358
      vertex -28 -3.21394 51.5702
    endloop
  endfacet
  facet normal -1 0 0
    outer loop
      vertex -28 -22.25 93
      vertex -28 -3.21394 51.5702
      vertex -28 -3.53553 51.2755
    endloop
  endfacet
  facet normal -1 0 0
    outer loop
      vertex -28 -22.25 93
      vertex -28 -3.53553 51.2755
      vertex -28 -3.83022 50.9539
    endloop
  endfacet
  facet normal -1 0 0
    outer loop
      vertex -28 -22.25 93
      vertex -28 -3.83022 50.9539
      vertex -28 -4.09576 50.6079
    endloop
  endfacet
  facet normal -1 0 0
    outer loop
      vertex -28 -22.25 93
      vertex -28 -4.09576 50.6079
      vertex -28 -4.33013 50.24
    endloop
  endfacet
  facet normal -1 0 0
    outer loop
      vertex -28 -22.25 31
      vertex -28 -4.98097 48.1758
      vertex -28 -5 47.74
    endloop
  endfacet
  facet normal -1 0 0
    outer loop
      vertex -28 -22.25 31
      vertex -28 -4.92404 48.6082
      vertex -28 -4.98097 48.1758
    endloop
  endfacet
  facet normal -1 0 0
    outer loop
      vertex -28 -22.25 31
      vertex -28 -4.82963 49.0341
      vertex -28 -4.92404 48.6082
    endloop
  endfacet
  facet normal -1 0 0
    outer loop
      vertex -28 -22.25 31
      vertex -28 -4.69846 49.4501
      vertex -28 -4.82963 49.0341
    endloop
  endfacet
  facet normal -1 0 0
    outer loop
      vertex -28 -22.25 93
      vertex -28 -4.69846 49.4501
      vertex -28 -22.25 31
    endloop
  endfacet
  facet normal -1 0 0
    outer loop
      vertex -28 -4.69846 49.4501
      vertex -28 -22.25 93
      vertex -28 -4.53154 49.8531
    endloop
  endfacet
  facet normal -1 0 0
    outer loop
      vertex -28 -4.53154 49.8531
      vertex -28 -22.25 93
      vertex -28 -4.33013 50.24
    endloop
  endfacet
  facet normal -1 0 0
    outer loop
      vertex -28 0 52.74
      vertex -28 -22.25 93
      vertex -28 22.25 93
    endloop
  endfacet
  facet normal 0.382824 -0.923821 0
    outer loop
      vertex -22.9739 -25.0691 31
      vertex -22.7321 -24.9689 93
      vertex -22.9739 -25.0691 93
    endloop
  endfacet
  facet normal 0.382824 -0.923821 0
    outer loop
      vertex -22.7321 -24.9689 93
      vertex -22.9739 -25.0691 31
      vertex -22.7321 -24.9689 31
    endloop
  endfacet
  facet normal 0.382824 0.923821 -0
    outer loop
      vertex -22.7321 24.9689 31
      vertex -22.9739 25.0691 93
      vertex -22.7321 24.9689 93
    endloop
  endfacet
  facet normal 0.382824 0.923821 0
    outer loop
      vertex -22.9739 25.0691 93
      vertex -22.7321 24.9689 31
      vertex -22.9739 25.0691 31
    endloop
  endfacet
  facet normal 0.216202 -0.976349 0
    outer loop
      vertex -23.4791 -25.2044 31
      vertex -23.2235 -25.1478 93
      vertex -23.4791 -25.2044 93
    endloop
  endfacet
  facet normal 0.216202 -0.976349 0
    outer loop
      vertex -23.2235 -25.1478 93
      vertex -23.4791 -25.2044 31
      vertex -23.2235 -25.1478 31
    endloop
  endfacet
  facet normal -0.999051 0.0435533 0
    outer loop
      vertex -28 22.25 31
      vertex -27.9886 22.5115 93
      vertex -27.9886 22.5115 31
    endloop
  endfacet
  facet normal -0.999051 0.0435533 0
    outer loop
      vertex -27.9886 22.5115 93
      vertex -28 22.25 31
      vertex -28 22.25 93
    endloop
  endfacet
  facet normal -0.130712 -0.99142 0
    outer loop
      vertex -25.5209 -25.2044 31
      vertex -25.2615 -25.2386 93
      vertex -25.5209 -25.2044 93
    endloop
  endfacet
  facet normal -0.130712 -0.99142 -0
    outer loop
      vertex -25.2615 -25.2386 93
      vertex -25.5209 -25.2044 31
      vertex -25.2615 -25.2386 31
    endloop
  endfacet
  facet normal -0.99142 -0.130712 0
    outer loop
      vertex -27.9544 -22.7709 31
      vertex -27.9886 -22.5115 93
      vertex -27.9886 -22.5115 31
    endloop
  endfacet
  facet normal -0.99142 -0.130712 0
    outer loop
      vertex -27.9886 -22.5115 93
      vertex -27.9544 -22.7709 31
      vertex -27.9544 -22.7709 93
    endloop
  endfacet
  facet normal -0.737202 -0.675673 0
    outer loop
      vertex -27.1213 -24.3713 31
      vertex -27.2981 -24.1784 93
      vertex -27.2981 -24.1784 31
    endloop
  endfacet
  facet normal -0.737202 -0.675673 0
    outer loop
      vertex -27.2981 -24.1784 93
      vertex -27.1213 -24.3713 31
      vertex -27.1213 -24.3713 93
    endloop
  endfacet
  facet normal -0.976349 -0.216202 0
    outer loop
      vertex -27.8978 -23.0265 31
      vertex -27.9544 -22.7709 93
      vertex -27.9544 -22.7709 31
    endloop
  endfacet
  facet normal -0.976349 -0.216202 0
    outer loop
      vertex -27.9544 -22.7709 93
      vertex -27.8978 -23.0265 31
      vertex -27.8978 -23.0265 93
    endloop
  endfacet
  facet normal 0.537296 0.843394 -0
    outer loop
      vertex -22.2793 24.7075 31
      vertex -22.5 24.8481 93
      vertex -22.2793 24.7075 93
    endloop
  endfacet
  facet normal 0.537296 0.843394 0
    outer loop
      vertex -22.5 24.8481 93
      vertex -22.2793 24.7075 31
      vertex -22.5 24.8481 31
    endloop
  endfacet
  facet normal -0.461678 0.887048 0
    outer loop
      vertex -26.2679 24.9689 31
      vertex -26.5 24.8481 93
      vertex -26.2679 24.9689 93
    endloop
  endfacet
  facet normal -0.461678 0.887048 0
    outer loop
      vertex -26.5 24.8481 93
      vertex -26.2679 24.9689 31
      vertex -26.5 24.8481 31
    endloop
  endfacet
  facet normal 1 -0 0
    outer loop
      vertex -21 2.5 52.0701
      vertex -21 22.25 50.5
      vertex -21 22.25 93
    endloop
  endfacet
  facet normal 1 0 0
    outer loop
      vertex -21 22.25 50.5
      vertex -21 4.09576 50.6079
      vertex -21 4.16449 50.5
    endloop
  endfacet
  facet normal 1 0 0
    outer loop
      vertex -21 22.25 50.5
      vertex -21 3.83022 50.9539
      vertex -21 4.09576 50.6079
    endloop
  endfacet
  facet normal 1 0 0
    outer loop
      vertex -21 22.25 50.5
      vertex -21 3.53553 51.2755
      vertex -21 3.83022 50.9539
    endloop
  endfacet
  facet normal 1 0 0
    outer loop
      vertex -21 22.25 50.5
      vertex -21 3.21394 51.5702
      vertex -21 3.53553 51.2755
    endloop
  endfacet
  facet normal 1 0 0
    outer loop
      vertex -21 22.25 50.5
      vertex -21 2.86788 51.8358
      vertex -21 3.21394 51.5702
    endloop
  endfacet
  facet normal 1 0 0
    outer loop
      vertex -21 22.25 50.5
      vertex -21 2.5 52.0701
      vertex -21 2.86788 51.8358
    endloop
  endfacet
  facet normal 1 0 0
    outer loop
      vertex -21 22.25 93
      vertex -21 2.11309 52.2715
      vertex -21 2.5 52.0701
    endloop
  endfacet
  facet normal 1 0 0
    outer loop
      vertex -21 22.25 93
      vertex -21 1.7101 52.4385
      vertex -21 2.11309 52.2715
    endloop
  endfacet
  facet normal 1 0 0
    outer loop
      vertex -21 22.25 93
      vertex -21 1.2941 52.5696
      vertex -21 1.7101 52.4385
    endloop
  endfacet
  facet normal 1 0 0
    outer loop
      vertex -21 22.25 93
      vertex -21 0.86824 52.664
      vertex -21 1.2941 52.5696
    endloop
  endfacet
  facet normal 1 0 0
    outer loop
      vertex -21 22.25 93
      vertex -21 0.435779 52.721
      vertex -21 0.86824 52.664
    endloop
  endfacet
  facet normal 1 0 0
    outer loop
      vertex -21 22.25 93
      vertex -21 0 52.74
      vertex -21 0.435779 52.721
    endloop
  endfacet
  facet normal 1 -0 0
    outer loop
      vertex -21 -22.25 93
      vertex -21 0 52.74
      vertex -21 22.25 93
    endloop
  endfacet
  facet normal 1 0 0
    outer loop
      vertex -21 0 52.74
      vertex -21 -22.25 93
      vertex -21 -0.435779 52.721
    endloop
  endfacet
  facet normal 1 0 0
    outer loop
      vertex -21 -0.435779 52.721
      vertex -21 -22.25 93
      vertex -21 -0.86824 52.664
    endloop
  endfacet
  facet normal 1 0 0
    outer loop
      vertex -21 -0.86824 52.664
      vertex -21 -22.25 93
      vertex -21 -1.2941 52.5696
    endloop
  endfacet
  facet normal 1 0 0
    outer loop
      vertex -21 -1.2941 52.5696
      vertex -21 -22.25 93
      vertex -21 -1.7101 52.4385
    endloop
  endfacet
  facet normal 1 0 0
    outer loop
      vertex -21 -1.7101 52.4385
      vertex -21 -22.25 93
      vertex -21 -2.11309 52.2715
    endloop
  endfacet
  facet normal 1 0 0
    outer loop
      vertex -21 -2.11309 52.2715
      vertex -21 -22.25 93
      vertex -21 -2.5 52.0701
    endloop
  endfacet
  facet normal 1 0 0
    outer loop
      vertex -21 -22.25 50.5
      vertex -21 -2.5 52.0701
      vertex -21 -22.25 93
    endloop
  endfacet
  facet normal 1 0 0
    outer loop
      vertex -21 -2.5 52.0701
      vertex -21 -22.25 50.5
      vertex -21 -2.86788 51.8358
    endloop
  endfacet
  facet normal 1 0 0
    outer loop
      vertex -21 -2.86788 51.8358
      vertex -21 -22.25 50.5
      vertex -21 -3.21394 51.5702
    endloop
  endfacet
  facet normal 1 0 0
    outer loop
      vertex -21 -3.21394 51.5702
      vertex -21 -22.25 50.5
      vertex -21 -3.53553 51.2755
    endloop
  endfacet
  facet normal 1 0 0
    outer loop
      vertex -21 -3.53553 51.2755
      vertex -21 -22.25 50.5
      vertex -21 -3.83022 50.9539
    endloop
  endfacet
  facet normal 1 0 0
    outer loop
      vertex -21 -3.83022 50.9539
      vertex -21 -22.25 50.5
      vertex -21 -4.09576 50.6079
    endloop
  endfacet
  facet normal 1 0 0
    outer loop
      vertex -21 -4.09576 50.6079
      vertex -21 -22.25 50.5
      vertex -21 -4.16449 50.5
    endloop
  endfacet
  facet normal 0.675673 -0.737202 0
    outer loop
      vertex -22.0716 -24.5481 31
      vertex -21.8787 -24.3713 93
      vertex -22.0716 -24.5481 93
    endloop
  endfacet
  facet normal 0.675673 -0.737202 0
    outer loop
      vertex -21.8787 -24.3713 93
      vertex -22.0716 -24.5481 31
      vertex -21.8787 -24.3713 31
    endloop
  endfacet
  facet normal 0 1 -0
    outer loop
      vertex -24 25.25 31
      vertex -25 25.25 93
      vertex -24 25.25 93
    endloop
  endfacet
  facet normal 0 1 0
    outer loop
      vertex -25 25.25 93
      vertex -24 25.25 31
      vertex -25 25.25 31
    endloop
  endfacet
  facet normal 0.887048 -0.461678 0
    outer loop
      vertex -21.4019 -23.75 93
      vertex -21.2811 -23.5179 31
      vertex -21.2811 -23.5179 93
    endloop
  endfacet
  facet normal 0.887048 -0.461678 0
    outer loop
      vertex -21.2811 -23.5179 31
      vertex -21.4019 -23.75 93
      vertex -21.4019 -23.75 31
    endloop
  endfacet
  facet normal -0.382824 -0.923821 0
    outer loop
      vertex -26.2679 -24.9689 31
      vertex -26.0261 -25.0691 93
      vertex -26.2679 -24.9689 93
    endloop
  endfacet
  facet normal -0.382824 -0.923821 -0
    outer loop
      vertex -26.0261 -25.0691 93
      vertex -26.2679 -24.9689 31
      vertex -26.0261 -25.0691 31
    endloop
  endfacet
  facet normal 0.953715 -0.300711 0
    outer loop
      vertex -21.1809 -23.2761 93
      vertex -21.1022 -23.0265 31
      vertex -21.1022 -23.0265 93
    endloop
  endfacet
  facet normal 0.953715 -0.300711 0
    outer loop
      vertex -21.1022 -23.0265 31
      vertex -21.1809 -23.2761 93
      vertex -21.1809 -23.2761 31
    endloop
  endfacet
  facet normal -0.793305 -0.608824 0
    outer loop
      vertex -27.2981 -24.1784 31
      vertex -27.4575 -23.9707 93
      vertex -27.4575 -23.9707 31
    endloop
  endfacet
  facet normal -0.793305 -0.608824 0
    outer loop
      vertex -27.4575 -23.9707 93
      vertex -27.2981 -24.1784 31
      vertex -27.2981 -24.1784 93
    endloop
  endfacet
  facet normal 0.737202 0.675673 0
    outer loop
      vertex -21.7019 24.1784 93
      vertex -21.8787 24.3713 31
      vertex -21.8787 24.3713 93
    endloop
  endfacet
  facet normal 0.737202 0.675673 0
    outer loop
      vertex -21.8787 24.3713 31
      vertex -21.7019 24.1784 93
      vertex -21.7019 24.1784 31
    endloop
  endfacet
  facet normal -0.675673 -0.737202 0
    outer loop
      vertex -27.1213 -24.3713 31
      vertex -26.9284 -24.5481 93
      vertex -27.1213 -24.3713 93
    endloop
  endfacet
  facet normal -0.675673 -0.737202 -0
    outer loop
      vertex -26.9284 -24.5481 93
      vertex -27.1213 -24.3713 31
      vertex -26.9284 -24.5481 31
    endloop
  endfacet
  facet normal 0.999051 0.0435533 0
    outer loop
      vertex -21 22.25 93
      vertex -21.0114 22.5115 50.5
      vertex -21.0114 22.5115 93
    endloop
  endfacet
  facet normal 0.999051 0.0435533 0
    outer loop
      vertex -21.0114 22.5115 50.5
      vertex -21 22.25 93
      vertex -21 22.25 50.5
    endloop
  endfacet
  facet normal -0.0435533 -0.999051 0
    outer loop
      vertex -25.2615 -25.2386 31
      vertex -25 -25.25 93
      vertex -25.2615 -25.2386 93
    endloop
  endfacet
  facet normal -0.0435533 -0.999051 -0
    outer loop
      vertex -25 -25.25 93
      vertex -25.2615 -25.2386 31
      vertex -25 -25.25 31
    endloop
  endfacet
  facet normal -0.923821 0.382824 0
    outer loop
      vertex -27.8191 23.2761 31
      vertex -27.7189 23.5179 93
      vertex -27.7189 23.5179 31
    endloop
  endfacet
  facet normal -0.923821 0.382824 0
    outer loop
      vertex -27.7189 23.5179 93
      vertex -27.8191 23.2761 31
      vertex -27.8191 23.2761 93
    endloop
  endfacet
  facet normal 0.130712 0.99142 -0
    outer loop
      vertex -23.4791 25.2044 31
      vertex -23.7385 25.2386 93
      vertex -23.4791 25.2044 93
    endloop
  endfacet
  facet normal 0.130712 0.99142 0
    outer loop
      vertex -23.7385 25.2386 93
      vertex -23.4791 25.2044 31
      vertex -23.7385 25.2386 31
    endloop
  endfacet
  facet normal -0.0435533 0.999051 0
    outer loop
      vertex -25 25.25 31
      vertex -25.2615 25.2386 93
      vertex -25 25.25 93
    endloop
  endfacet
  facet normal -0.0435533 0.999051 0
    outer loop
      vertex -25.2615 25.2386 93
      vertex -25 25.25 31
      vertex -25.2615 25.2386 31
    endloop
  endfacet
  facet normal 0.0435533 -0.999051 0
    outer loop
      vertex -24 -25.25 31
      vertex -23.7385 -25.2386 93
      vertex -24 -25.25 93
    endloop
  endfacet
  facet normal 0.0435533 -0.999051 0
    outer loop
      vertex -23.7385 -25.2386 93
      vertex -24 -25.25 31
      vertex -23.7385 -25.2386 31
    endloop
  endfacet
  facet normal 0.130712 -0.99142 0
    outer loop
      vertex -23.7385 -25.2386 31
      vertex -23.4791 -25.2044 93
      vertex -23.7385 -25.2386 93
    endloop
  endfacet
  facet normal 0.130712 -0.99142 0
    outer loop
      vertex -23.4791 -25.2044 93
      vertex -23.7385 -25.2386 31
      vertex -23.4791 -25.2044 31
    endloop
  endfacet
  facet normal 0.99142 -0.130712 0
    outer loop
      vertex -21.0456 -22.7709 93
      vertex -21.0114 -22.5115 50.5
      vertex -21.0114 -22.5115 93
    endloop
  endfacet
  facet normal 0.99142 -0.130712 0
    outer loop
      vertex -21.0114 -22.5115 50.5
      vertex -21.0456 -22.7709 93
      vertex -21.0456 -22.7709 50.5
    endloop
  endfacet
  facet normal -0.608824 -0.793305 0
    outer loop
      vertex -26.9284 -24.5481 31
      vertex -26.7207 -24.7075 93
      vertex -26.9284 -24.5481 93
    endloop
  endfacet
  facet normal -0.608824 -0.793305 -0
    outer loop
      vertex -26.7207 -24.7075 93
      vertex -26.9284 -24.5481 31
      vertex -26.7207 -24.7075 31
    endloop
  endfacet
  facet normal -0.737202 0.675673 0
    outer loop
      vertex -27.2981 24.1784 31
      vertex -27.1213 24.3713 93
      vertex -27.1213 24.3713 31
    endloop
  endfacet
  facet normal -0.737202 0.675673 0
    outer loop
      vertex -27.1213 24.3713 93
      vertex -27.2981 24.1784 31
      vertex -27.2981 24.1784 93
    endloop
  endfacet
  facet normal -0.887048 -0.461678 0
    outer loop
      vertex -27.5981 -23.75 31
      vertex -27.7189 -23.5179 93
      vertex -27.7189 -23.5179 31
    endloop
  endfacet
  facet normal -0.887048 -0.461678 0
    outer loop
      vertex -27.7189 -23.5179 93
      vertex -27.5981 -23.75 31
      vertex -27.5981 -23.75 93
    endloop
  endfacet
  facet normal -0.953715 0.300711 0
    outer loop
      vertex -27.8978 23.0265 31
      vertex -27.8191 23.2761 93
      vertex -27.8191 23.2761 31
    endloop
  endfacet
  facet normal -0.953715 0.300711 0
    outer loop
      vertex -27.8191 23.2761 93
      vertex -27.8978 23.0265 31
      vertex -27.8978 23.0265 93
    endloop
  endfacet
  facet normal 0.300711 -0.953715 0
    outer loop
      vertex -23.2235 -25.1478 31
      vertex -22.9739 -25.0691 93
      vertex -23.2235 -25.1478 93
    endloop
  endfacet
  facet normal 0.300711 -0.953715 0
    outer loop
      vertex -22.9739 -25.0691 93
      vertex -23.2235 -25.1478 31
      vertex -22.9739 -25.0691 31
    endloop
  endfacet
  facet normal -0.923821 -0.382824 0
    outer loop
      vertex -27.7189 -23.5179 31
      vertex -27.8191 -23.2761 93
      vertex -27.8191 -23.2761 31
    endloop
  endfacet
  facet normal -0.923821 -0.382824 0
    outer loop
      vertex -27.8191 -23.2761 93
      vertex -27.7189 -23.5179 31
      vertex -27.7189 -23.5179 93
    endloop
  endfacet
  facet normal -0.216202 -0.976349 0
    outer loop
      vertex -25.7765 -25.1478 31
      vertex -25.5209 -25.2044 93
      vertex -25.7765 -25.1478 93
    endloop
  endfacet
  facet normal -0.216202 -0.976349 -0
    outer loop
      vertex -25.5209 -25.2044 93
      vertex -25.7765 -25.1478 31
      vertex -25.5209 -25.2044 31
    endloop
  endfacet
  facet normal -0.130712 0.99142 0
    outer loop
      vertex -25.2615 25.2386 31
      vertex -25.5209 25.2044 93
      vertex -25.2615 25.2386 93
    endloop
  endfacet
  facet normal -0.130712 0.99142 0
    outer loop
      vertex -25.5209 25.2044 93
      vertex -25.2615 25.2386 31
      vertex -25.5209 25.2044 31
    endloop
  endfacet
  facet normal 0.608824 -0.793305 0
    outer loop
      vertex -22.2793 -24.7075 31
      vertex -22.0716 -24.5481 93
      vertex -22.2793 -24.7075 93
    endloop
  endfacet
  facet normal 0.608824 -0.793305 0
    outer loop
      vertex -22.0716 -24.5481 93
      vertex -22.2793 -24.7075 31
      vertex -22.0716 -24.5481 31
    endloop
  endfacet
  facet normal 0.737202 -0.675673 0
    outer loop
      vertex -21.8787 -24.3713 93
      vertex -21.7019 -24.1784 31
      vertex -21.7019 -24.1784 93
    endloop
  endfacet
  facet normal 0.737202 -0.675673 0
    outer loop
      vertex -21.7019 -24.1784 31
      vertex -21.8787 -24.3713 93
      vertex -21.8787 -24.3713 31
    endloop
  endfacet
  facet normal -0.793305 0.608824 0
    outer loop
      vertex -27.4575 23.9707 31
      vertex -27.2981 24.1784 93
      vertex -27.2981 24.1784 31
    endloop
  endfacet
  facet normal -0.793305 0.608824 0
    outer loop
      vertex -27.2981 24.1784 93
      vertex -27.4575 23.9707 31
      vertex -27.4575 23.9707 93
    endloop
  endfacet
  facet normal -0.843394 -0.537296 0
    outer loop
      vertex -27.4575 -23.9707 31
      vertex -27.5981 -23.75 93
      vertex -27.5981 -23.75 31
    endloop
  endfacet
  facet normal -0.843394 -0.537296 0
    outer loop
      vertex -27.5981 -23.75 93
      vertex -27.4575 -23.9707 31
      vertex -27.4575 -23.9707 93
    endloop
  endfacet
  facet normal -0.216202 0.976349 0
    outer loop
      vertex -25.5209 25.2044 31
      vertex -25.7765 25.1478 93
      vertex -25.5209 25.2044 93
    endloop
  endfacet
  facet normal -0.216202 0.976349 0
    outer loop
      vertex -25.7765 25.1478 93
      vertex -25.5209 25.2044 31
      vertex -25.7765 25.1478 31
    endloop
  endfacet
  facet normal 0.461678 0.887048 -0
    outer loop
      vertex -22.5 24.8481 31
      vertex -22.7321 24.9689 93
      vertex -22.5 24.8481 93
    endloop
  endfacet
  facet normal 0.461678 0.887048 0
    outer loop
      vertex -22.7321 24.9689 93
      vertex -22.5 24.8481 31
      vertex -22.7321 24.9689 31
    endloop
  endfacet
  facet normal -0.537296 -0.843394 0
    outer loop
      vertex -26.7207 -24.7075 31
      vertex -26.5 -24.8481 93
      vertex -26.7207 -24.7075 93
    endloop
  endfacet
  facet normal -0.537296 -0.843394 -0
    outer loop
      vertex -26.5 -24.8481 93
      vertex -26.7207 -24.7075 31
      vertex -26.5 -24.8481 31
    endloop
  endfacet
  facet normal -0.99142 0.130712 0
    outer loop
      vertex -27.9886 22.5115 31
      vertex -27.9544 22.7709 93
      vertex -27.9544 22.7709 31
    endloop
  endfacet
  facet normal -0.99142 0.130712 0
    outer loop
      vertex -27.9544 22.7709 93
      vertex -27.9886 22.5115 31
      vertex -27.9886 22.5115 93
    endloop
  endfacet
  facet normal 0.793305 -0.608824 0
    outer loop
      vertex -21.7019 -24.1784 93
      vertex -21.5425 -23.9707 31
      vertex -21.5425 -23.9707 93
    endloop
  endfacet
  facet normal 0.793305 -0.608824 0
    outer loop
      vertex -21.5425 -23.9707 31
      vertex -21.7019 -24.1784 93
      vertex -21.7019 -24.1784 31
    endloop
  endfacet
  facet normal 0.461678 -0.887048 0
    outer loop
      vertex -22.7321 -24.9689 31
      vertex -22.5 -24.8481 93
      vertex -22.7321 -24.9689 93
    endloop
  endfacet
  facet normal 0.461678 -0.887048 0
    outer loop
      vertex -22.5 -24.8481 93
      vertex -22.7321 -24.9689 31
      vertex -22.5 -24.8481 31
    endloop
  endfacet
  facet normal -0.887048 0.461678 0
    outer loop
      vertex -27.7189 23.5179 31
      vertex -27.5981 23.75 93
      vertex -27.5981 23.75 31
    endloop
  endfacet
  facet normal -0.887048 0.461678 0
    outer loop
      vertex -27.5981 23.75 93
      vertex -27.7189 23.5179 31
      vertex -27.7189 23.5179 93
    endloop
  endfacet
  facet normal 0.976372 0.216098 0
    outer loop
      vertex -21.1022 23.0265 93
      vertex -21.0582 22.8277 50.5
      vertex -21.1022 23.0265 31
    endloop
  endfacet
  facet normal 0.976349 0.216202 -5.10509e-07
    outer loop
      vertex -21.0456 22.7709 93
      vertex -21.0582 22.8277 50.5
      vertex -21.1022 23.0265 93
    endloop
  endfacet
  facet normal 0.976268 0.216566 0
    outer loop
      vertex -21.0582 22.8277 50.5
      vertex -21.0456 22.7709 93
      vertex -21.0456 22.7709 50.5
    endloop
  endfacet
  facet normal 0.976372 0.216098 0
    outer loop
      vertex -21.1022 23.0265 31
      vertex -21.0582 22.8277 50.5
      vertex -21.0582 22.8277 31
    endloop
  endfacet
  facet normal -0.843394 0.537296 0
    outer loop
      vertex -27.5981 23.75 31
      vertex -27.4575 23.9707 93
      vertex -27.4575 23.9707 31
    endloop
  endfacet
  facet normal -0.843394 0.537296 0
    outer loop
      vertex -27.4575 23.9707 93
      vertex -27.5981 23.75 31
      vertex -27.5981 23.75 93
    endloop
  endfacet
  facet normal -0.300711 -0.953715 0
    outer loop
      vertex -26.0261 -25.0691 31
      vertex -25.7765 -25.1478 93
      vertex -26.0261 -25.0691 93
    endloop
  endfacet
  facet normal -0.300711 -0.953715 -0
    outer loop
      vertex -25.7765 -25.1478 93
      vertex -26.0261 -25.0691 31
      vertex -25.7765 -25.1478 31
    endloop
  endfacet
  facet normal 0 0 -1
    outer loop
      vertex -21.1022 -23.0265 31
      vertex -21.0642 -22.8211 31
      vertex -21.0582 -22.8277 31
    endloop
  endfacet
  facet normal 0 0 -1
    outer loop
      vertex -21.2766 -22.5443 31
      vertex -21.1022 -23.0265 31
      vertex -21.1809 -23.2761 31
    endloop
  endfacet
  facet normal 0 0 -1
    outer loop
      vertex -21.1022 -23.0265 31
      vertex -21.2766 -22.5443 31
      vertex -21.0642 -22.8211 31
    endloop
  endfacet
  facet normal 0 0 -1
    outer loop
      vertex -21.2811 -23.5179 31
      vertex -21.2766 -22.5443 31
      vertex -21.1809 -23.2761 31
    endloop
  endfacet
  facet normal 0 0 -1
    outer loop
      vertex -21.4641 -22.25 31
      vertex -21.2811 -23.5179 31
      vertex -21.4019 -23.75 31
    endloop
  endfacet
  facet normal 0 0 -1
    outer loop
      vertex -21.2811 -23.5179 31
      vertex -21.4641 -22.25 31
      vertex -21.2766 -22.5443 31
    endloop
  endfacet
  facet normal 0 0 -1
    outer loop
      vertex -21.5425 -23.9707 31
      vertex -21.4641 -22.25 31
      vertex -21.4019 -23.75 31
    endloop
  endfacet
  facet normal 0 0 -1
    outer loop
      vertex -21.7019 -24.1784 31
      vertex -21.4641 -22.25 31
      vertex -21.5425 -23.9707 31
    endloop
  endfacet
  facet normal 0 0 -1
    outer loop
      vertex -21.8787 -24.3713 31
      vertex -21.4641 -22.25 31
      vertex -21.7019 -24.1784 31
    endloop
  endfacet
  facet normal -0 0 -1
    outer loop
      vertex -21.4641 -22.25 31
      vertex -21.8787 -24.3713 31
      vertex -21.6252 -21.9405 31
    endloop
  endfacet
  facet normal 0 0 -1
    outer loop
      vertex -22.0716 -24.5481 31
      vertex -21.6252 -21.9405 31
      vertex -21.8787 -24.3713 31
    endloop
  endfacet
  facet normal 0 0 -1
    outer loop
      vertex -22.2793 -24.7075 31
      vertex -21.6252 -21.9405 31
      vertex -22.0716 -24.5481 31
    endloop
  endfacet
  facet normal 0 0 -1
    outer loop
      vertex -22.5 -24.8481 31
      vertex -21.6252 -21.9405 31
      vertex -22.2793 -24.7075 31
    endloop
  endfacet
  facet normal 0 0 -1
    outer loop
      vertex -22.7321 -24.9689 31
      vertex -21.6252 -21.9405 31
      vertex -22.5 -24.8481 31
    endloop
  endfacet
  facet normal 0 0 -1
    outer loop
      vertex -22.9739 -25.0691 31
      vertex -21.6252 -21.9405 31
      vertex -22.7321 -24.9689 31
    endloop
  endfacet
  facet normal 0 0 -1
    outer loop
      vertex -23.4791 -25.2044 31
      vertex -21.6252 -21.9405 31
      vertex -23.2235 -25.1478 31
    endloop
  endfacet
  facet normal 0 0 -1
    outer loop
      vertex -23.2235 -25.1478 31
      vertex -21.6252 -21.9405 31
      vertex -22.9739 -25.0691 31
    endloop
  endfacet
  facet normal 0 0 -1
    outer loop
      vertex -21.0642 22.8211 31
      vertex -21.1022 23.0265 31
      vertex -21.0582 22.8277 31
    endloop
  endfacet
  facet normal 0 0 -1
    outer loop
      vertex -21.2766 22.5443 31
      vertex -21.1022 23.0265 31
      vertex -21.0642 22.8211 31
    endloop
  endfacet
  facet normal -0 0 -1
    outer loop
      vertex -21.1022 23.0265 31
      vertex -21.2766 22.5443 31
      vertex -21.1809 23.2761 31
    endloop
  endfacet
  facet normal 0 0 -1
    outer loop
      vertex -21.2766 22.5443 31
      vertex -21.2811 23.5179 31
      vertex -21.1809 23.2761 31
    endloop
  endfacet
  facet normal 0 0 -1
    outer loop
      vertex -21.4641 22.25 31
      vertex -21.2811 23.5179 31
      vertex -21.2766 22.5443 31
    endloop
  endfacet
  facet normal -0 0 -1
    outer loop
      vertex -21.2811 23.5179 31
      vertex -21.4641 22.25 31
      vertex -21.4019 23.75 31
    endloop
  endfacet
  facet normal 0 0 -1
    outer loop
      vertex -21.4641 22.25 31
      vertex -21.5425 23.9707 31
      vertex -21.4019 23.75 31
    endloop
  endfacet
  facet normal 0 0 -1
    outer loop
      vertex -21.8787 24.3713 31
      vertex -21.4641 22.25 31
      vertex -21.6252 21.9405 31
    endloop
  endfacet
  facet normal 0 0 -1
    outer loop
      vertex -21.4641 22.25 31
      vertex -21.7019 24.1784 31
      vertex -21.5425 23.9707 31
    endloop
  endfacet
  facet normal 0 0 -1
    outer loop
      vertex -24 25.25 31
      vertex -21.6252 21.9405 31
      vertex -21.7588 21.6181 31
    endloop
  endfacet
  facet normal 0 0 -1
    outer loop
      vertex -25 25.25 31
      vertex -21.7588 21.6181 31
      vertex -21.8637 21.2853 31
    endloop
  endfacet
  facet normal 0 0 -1
    outer loop
      vertex -21.4641 22.25 31
      vertex -21.8787 24.3713 31
      vertex -21.7019 24.1784 31
    endloop
  endfacet
  facet normal 0 0 -1
    outer loop
      vertex -28 22.25 31
      vertex -21.8637 21.2853 31
      vertex -21.9392 20.9446 31
    endloop
  endfacet
  facet normal 0 0 -1
    outer loop
      vertex -28 22.25 31
      vertex -21.9392 20.9446 31
      vertex -21.9848 20.5986 31
    endloop
  endfacet
  facet normal 0 0 -1
    outer loop
      vertex -28 22.25 31
      vertex -21.9848 20.5986 31
      vertex -22 20.25 31
    endloop
  endfacet
  facet normal 0 0 -1
    outer loop
      vertex -21.6252 21.9405 31
      vertex -22.0716 24.5481 31
      vertex -21.8787 24.3713 31
    endloop
  endfacet
  facet normal -0 0 -1
    outer loop
      vertex -22 -20.25 31
      vertex -28 -22.25 31
      vertex -22 20.25 31
    endloop
  endfacet
  facet normal 0 0 -1
    outer loop
      vertex -23.7385 -25.2386 31
      vertex -21.6252 -21.9405 31
      vertex -23.4791 -25.2044 31
    endloop
  endfacet
  facet normal 0 0 -1
    outer loop
      vertex -28 22.25 31
      vertex -22 20.25 31
      vertex -28 -22.25 31
    endloop
  endfacet
  facet normal 0 0 -1
    outer loop
      vertex -24 -25.25 31
      vertex -21.6252 -21.9405 31
      vertex -23.7385 -25.2386 31
    endloop
  endfacet
  facet normal 0 0 -1
    outer loop
      vertex -21.8637 21.2853 31
      vertex -28 22.25 31
      vertex -25 25.25 31
    endloop
  endfacet
  facet normal -0 0 -1
    outer loop
      vertex -21.8637 -21.2853 31
      vertex -28 -22.25 31
      vertex -21.9392 -20.9446 31
    endloop
  endfacet
  facet normal 0 0 -1
    outer loop
      vertex -21.6252 21.9405 31
      vertex -24 25.25 31
      vertex -23.7385 25.2386 31
    endloop
  endfacet
  facet normal -0 0 -1
    outer loop
      vertex -21.6252 -21.9405 31
      vertex -24 -25.25 31
      vertex -21.7588 -21.6181 31
    endloop
  endfacet
  facet normal 0 0 -1
    outer loop
      vertex -21.6252 21.9405 31
      vertex -22.2793 24.7075 31
      vertex -22.0716 24.5481 31
    endloop
  endfacet
  facet normal 0 0 -1
    outer loop
      vertex -25 -25.25 31
      vertex -21.7588 -21.6181 31
      vertex -24 -25.25 31
    endloop
  endfacet
  facet normal 0 0 -1
    outer loop
      vertex -21.6252 21.9405 31
      vertex -22.5 24.8481 31
      vertex -22.2793 24.7075 31
    endloop
  endfacet
  facet normal 0 0 -1
    outer loop
      vertex -28 -22.25 31
      vertex -21.8637 -21.2853 31
      vertex -25 -25.25 31
    endloop
  endfacet
  facet normal 0 0 -1
    outer loop
      vertex -21.6252 21.9405 31
      vertex -22.7321 24.9689 31
      vertex -22.5 24.8481 31
    endloop
  endfacet
  facet normal -0 0 -1
    outer loop
      vertex -21.7588 -21.6181 31
      vertex -25 -25.25 31
      vertex -21.8637 -21.2853 31
    endloop
  endfacet
  facet normal 0 0 -1
    outer loop
      vertex -21.6252 21.9405 31
      vertex -22.9739 25.0691 31
      vertex -22.7321 24.9689 31
    endloop
  endfacet
  facet normal -0 0 -1
    outer loop
      vertex -21.9392 -20.9446 31
      vertex -28 -22.25 31
      vertex -21.9848 -20.5986 31
    endloop
  endfacet
  facet normal 0 0 -1
    outer loop
      vertex -21.6252 21.9405 31
      vertex -23.2235 25.1478 31
      vertex -22.9739 25.0691 31
    endloop
  endfacet
  facet normal -0 0 -1
    outer loop
      vertex -21.9848 -20.5986 31
      vertex -28 -22.25 31
      vertex -22 -20.25 31
    endloop
  endfacet
  facet normal 0 0 -1
    outer loop
      vertex -21.6252 21.9405 31
      vertex -23.4791 25.2044 31
      vertex -23.2235 25.1478 31
    endloop
  endfacet
  facet normal 0 0 -1
    outer loop
      vertex -28 -22.25 31
      vertex -25 -25.25 31
      vertex -25.2615 -25.2386 31
    endloop
  endfacet
  facet normal 0 0 -1
    outer loop
      vertex -21.6252 21.9405 31
      vertex -23.7385 25.2386 31
      vertex -23.4791 25.2044 31
    endloop
  endfacet
  facet normal 0 0 -1
    outer loop
      vertex -28 -22.25 31
      vertex -25.2615 -25.2386 31
      vertex -25.5209 -25.2044 31
    endloop
  endfacet
  facet normal 0 0 -1
    outer loop
      vertex -21.7588 21.6181 31
      vertex -25 25.25 31
      vertex -24 25.25 31
    endloop
  endfacet
  facet normal 0 0 -1
    outer loop
      vertex -28 -22.25 31
      vertex -25.5209 -25.2044 31
      vertex -25.7765 -25.1478 31
    endloop
  endfacet
  facet normal 0 0 -1
    outer loop
      vertex -25 25.25 31
      vertex -28 22.25 31
      vertex -25.2615 25.2386 31
    endloop
  endfacet
  facet normal 0 0 -1
    outer loop
      vertex -28 -22.25 31
      vertex -25.7765 -25.1478 31
      vertex -26.0261 -25.0691 31
    endloop
  endfacet
  facet normal 0 0 -1
    outer loop
      vertex -25.2615 25.2386 31
      vertex -28 22.25 31
      vertex -25.5209 25.2044 31
    endloop
  endfacet
  facet normal 0 0 -1
    outer loop
      vertex -28 -22.25 31
      vertex -26.0261 -25.0691 31
      vertex -26.2679 -24.9689 31
    endloop
  endfacet
  facet normal 0 0 -1
    outer loop
      vertex -25.5209 25.2044 31
      vertex -28 22.25 31
      vertex -25.7765 25.1478 31
    endloop
  endfacet
  facet normal 0 0 -1
    outer loop
      vertex -28 -22.25 31
      vertex -26.2679 -24.9689 31
      vertex -26.5 -24.8481 31
    endloop
  endfacet
  facet normal 0 0 -1
    outer loop
      vertex -25.7765 25.1478 31
      vertex -28 22.25 31
      vertex -26.0261 25.0691 31
    endloop
  endfacet
  facet normal 0 0 -1
    outer loop
      vertex -28 -22.25 31
      vertex -26.5 -24.8481 31
      vertex -26.7207 -24.7075 31
    endloop
  endfacet
  facet normal 0 0 -1
    outer loop
      vertex -26.0261 25.0691 31
      vertex -28 22.25 31
      vertex -26.2679 24.9689 31
    endloop
  endfacet
  facet normal 0 0 -1
    outer loop
      vertex -28 -22.25 31
      vertex -26.7207 -24.7075 31
      vertex -26.9284 -24.5481 31
    endloop
  endfacet
  facet normal 0 0 -1
    outer loop
      vertex -26.2679 24.9689 31
      vertex -28 22.25 31
      vertex -26.5 24.8481 31
    endloop
  endfacet
  facet normal 0 0 -1
    outer loop
      vertex -28 -22.25 31
      vertex -26.9284 -24.5481 31
      vertex -27.1213 -24.3713 31
    endloop
  endfacet
  facet normal 0 0 -1
    outer loop
      vertex -26.5 24.8481 31
      vertex -28 22.25 31
      vertex -26.7207 24.7075 31
    endloop
  endfacet
  facet normal 0 0 -1
    outer loop
      vertex -28 -22.25 31
      vertex -27.1213 -24.3713 31
      vertex -27.2981 -24.1784 31
    endloop
  endfacet
  facet normal 0 0 -1
    outer loop
      vertex -26.7207 24.7075 31
      vertex -28 22.25 31
      vertex -26.9284 24.5481 31
    endloop
  endfacet
  facet normal 0 0 -1
    outer loop
      vertex -28 -22.25 31
      vertex -27.2981 -24.1784 31
      vertex -27.4575 -23.9707 31
    endloop
  endfacet
  facet normal 0 0 -1
    outer loop
      vertex -26.9284 24.5481 31
      vertex -28 22.25 31
      vertex -27.1213 24.3713 31
    endloop
  endfacet
  facet normal 0 0 -1
    outer loop
      vertex -28 -22.25 31
      vertex -27.4575 -23.9707 31
      vertex -27.5981 -23.75 31
    endloop
  endfacet
  facet normal 0 0 -1
    outer loop
      vertex -27.1213 24.3713 31
      vertex -28 22.25 31
      vertex -27.2981 24.1784 31
    endloop
  endfacet
  facet normal 0 0 -1
    outer loop
      vertex -28 -22.25 31
      vertex -27.5981 -23.75 31
      vertex -27.7189 -23.5179 31
    endloop
  endfacet
  facet normal 0 0 -1
    outer loop
      vertex -27.2981 24.1784 31
      vertex -28 22.25 31
      vertex -27.4575 23.9707 31
    endloop
  endfacet
  facet normal 0 0 -1
    outer loop
      vertex -28 -22.25 31
      vertex -27.7189 -23.5179 31
      vertex -27.8191 -23.2761 31
    endloop
  endfacet
  facet normal 0 0 -1
    outer loop
      vertex -27.4575 23.9707 31
      vertex -28 22.25 31
      vertex -27.5981 23.75 31
    endloop
  endfacet
  facet normal 0 0 -1
    outer loop
      vertex -28 -22.25 31
      vertex -27.8191 -23.2761 31
      vertex -27.8978 -23.0265 31
    endloop
  endfacet
  facet normal 0 0 -1
    outer loop
      vertex -27.5981 23.75 31
      vertex -28 22.25 31
      vertex -27.7189 23.5179 31
    endloop
  endfacet
  facet normal 0 0 -1
    outer loop
      vertex -28 -22.25 31
      vertex -27.8978 -23.0265 31
      vertex -27.9544 -22.7709 31
    endloop
  endfacet
  facet normal 0 0 -1
    outer loop
      vertex -27.7189 23.5179 31
      vertex -28 22.25 31
      vertex -27.8191 23.2761 31
    endloop
  endfacet
  facet normal 0 0 -1
    outer loop
      vertex -28 -22.25 31
      vertex -27.9544 -22.7709 31
      vertex -27.9886 -22.5115 31
    endloop
  endfacet
  facet normal 0 0 -1
    outer loop
      vertex -27.8191 23.2761 31
      vertex -28 22.25 31
      vertex -27.8978 23.0265 31
    endloop
  endfacet
  facet normal 0 0 -1
    outer loop
      vertex -27.8978 23.0265 31
      vertex -28 22.25 31
      vertex -27.9544 22.7709 31
    endloop
  endfacet
  facet normal 0 0 -1
    outer loop
      vertex -27.9544 22.7709 31
      vertex -28 22.25 31
      vertex -27.9886 22.5115 31
    endloop
  endfacet
  facet normal 0.537296 -0.843394 0
    outer loop
      vertex -22.5 -24.8481 31
      vertex -22.2793 -24.7075 93
      vertex -22.5 -24.8481 93
    endloop
  endfacet
  facet normal 0.537296 -0.843394 0
    outer loop
      vertex -22.2793 -24.7075 93
      vertex -22.5 -24.8481 31
      vertex -22.2793 -24.7075 31
    endloop
  endfacet
  facet normal 0.843394 -0.537296 0
    outer loop
      vertex -21.5425 -23.9707 93
      vertex -21.4019 -23.75 31
      vertex -21.4019 -23.75 93
    endloop
  endfacet
  facet normal 0.843394 -0.537296 0
    outer loop
      vertex -21.4019 -23.75 31
      vertex -21.5425 -23.9707 93
      vertex -21.5425 -23.9707 31
    endloop
  endfacet
  facet normal 0 -1 0
    outer loop
      vertex -25 -25.25 31
      vertex -24 -25.25 93
      vertex -25 -25.25 93
    endloop
  endfacet
  facet normal 0 -1 -0
    outer loop
      vertex -24 -25.25 93
      vertex -25 -25.25 31
      vertex -24 -25.25 31
    endloop
  endfacet
  facet normal 0.843394 0.537296 0
    outer loop
      vertex -21.4019 23.75 93
      vertex -21.5425 23.9707 31
      vertex -21.5425 23.9707 93
    endloop
  endfacet
  facet normal 0.843394 0.537296 0
    outer loop
      vertex -21.5425 23.9707 31
      vertex -21.4019 23.75 93
      vertex -21.4019 23.75 31
    endloop
  endfacet
  facet normal -0.300711 0.953715 0
    outer loop
      vertex -25.7765 25.1478 31
      vertex -26.0261 25.0691 93
      vertex -25.7765 25.1478 93
    endloop
  endfacet
  facet normal -0.300711 0.953715 0
    outer loop
      vertex -26.0261 25.0691 93
      vertex -25.7765 25.1478 31
      vertex -26.0261 25.0691 31
    endloop
  endfacet
  facet normal -0.461678 -0.887048 0
    outer loop
      vertex -26.5 -24.8481 31
      vertex -26.2679 -24.9689 93
      vertex -26.5 -24.8481 93
    endloop
  endfacet
  facet normal -0.461678 -0.887048 -0
    outer loop
      vertex -26.2679 -24.9689 93
      vertex -26.5 -24.8481 31
      vertex -26.2679 -24.9689 31
    endloop
  endfacet
  facet normal 0.923821 -0.382824 0
    outer loop
      vertex -21.2811 -23.5179 93
      vertex -21.1809 -23.2761 31
      vertex -21.1809 -23.2761 93
    endloop
  endfacet
  facet normal 0.923821 -0.382824 0
    outer loop
      vertex -21.1809 -23.2761 31
      vertex -21.2811 -23.5179 93
      vertex -21.2811 -23.5179 31
    endloop
  endfacet
  facet normal 0.976268 -0.216566 0
    outer loop
      vertex -21.0456 -22.7709 93
      vertex -21.0582 -22.8277 50.5
      vertex -21.0456 -22.7709 50.5
    endloop
  endfacet
  facet normal 0.976349 -0.216202 -5.10509e-07
    outer loop
      vertex -21.1022 -23.0265 93
      vertex -21.0582 -22.8277 50.5
      vertex -21.0456 -22.7709 93
    endloop
  endfacet
  facet normal 0.976372 -0.216098 0
    outer loop
      vertex -21.1022 -23.0265 31
      vertex -21.0582 -22.8277 50.5
      vertex -21.1022 -23.0265 93
    endloop
  endfacet
  facet normal 0.976372 -0.216098 0
    outer loop
      vertex -21.0582 -22.8277 50.5
      vertex -21.1022 -23.0265 31
      vertex -21.0582 -22.8277 31
    endloop
  endfacet
  facet normal 0.953715 0.300711 0
    outer loop
      vertex -21.1022 23.0265 93
      vertex -21.1809 23.2761 31
      vertex -21.1809 23.2761 93
    endloop
  endfacet
  facet normal 0.953715 0.300711 0
    outer loop
      vertex -21.1809 23.2761 31
      vertex -21.1022 23.0265 93
      vertex -21.1022 23.0265 31
    endloop
  endfacet
  facet normal 0.300711 0.953715 -0
    outer loop
      vertex -22.9739 25.0691 31
      vertex -23.2235 25.1478 93
      vertex -22.9739 25.0691 93
    endloop
  endfacet
  facet normal 0.300711 0.953715 0
    outer loop
      vertex -23.2235 25.1478 93
      vertex -22.9739 25.0691 31
      vertex -23.2235 25.1478 31
    endloop
  endfacet
  facet normal -0.608824 0.793305 0
    outer loop
      vertex -26.7207 24.7075 31
      vertex -26.9284 24.5481 93
      vertex -26.7207 24.7075 93
    endloop
  endfacet
  facet normal -0.608824 0.793305 0
    outer loop
      vertex -26.9284 24.5481 93
      vertex -26.7207 24.7075 31
      vertex -26.9284 24.5481 31
    endloop
  endfacet
  facet normal -0.382824 0.923821 0
    outer loop
      vertex -26.0261 25.0691 31
      vertex -26.2679 24.9689 93
      vertex -26.0261 25.0691 93
    endloop
  endfacet
  facet normal -0.382824 0.923821 0
    outer loop
      vertex -26.2679 24.9689 93
      vertex -26.0261 25.0691 31
      vertex -26.2679 24.9689 31
    endloop
  endfacet
  facet normal 0.887048 0.461678 0
    outer loop
      vertex -21.2811 23.5179 93
      vertex -21.4019 23.75 31
      vertex -21.4019 23.75 93
    endloop
  endfacet
  facet normal 0.887048 0.461678 0
    outer loop
      vertex -21.4019 23.75 31
      vertex -21.2811 23.5179 93
      vertex -21.2811 23.5179 31
    endloop
  endfacet
  facet normal -0.537296 0.843394 0
    outer loop
      vertex -26.5 24.8481 31
      vertex -26.7207 24.7075 93
      vertex -26.5 24.8481 93
    endloop
  endfacet
  facet normal -0.537296 0.843394 0
    outer loop
      vertex -26.7207 24.7075 93
      vertex -26.5 24.8481 31
      vertex -26.7207 24.7075 31
    endloop
  endfacet
  facet normal 0.999051 -0.0435533 0
    outer loop
      vertex -21.0114 -22.5115 93
      vertex -21 -22.25 50.5
      vertex -21 -22.25 93
    endloop
  endfacet
  facet normal 0.999051 -0.0435533 0
    outer loop
      vertex -21 -22.25 50.5
      vertex -21.0114 -22.5115 93
      vertex -21.0114 -22.5115 50.5
    endloop
  endfacet
  facet normal 0.0435533 0.999051 -0
    outer loop
      vertex -23.7385 25.2386 31
      vertex -24 25.25 93
      vertex -23.7385 25.2386 93
    endloop
  endfacet
  facet normal 0.0435533 0.999051 0
    outer loop
      vertex -24 25.25 93
      vertex -23.7385 25.2386 31
      vertex -24 25.25 31
    endloop
  endfacet
  facet normal 0.793305 0.608824 0
    outer loop
      vertex -21.5425 23.9707 93
      vertex -21.7019 24.1784 31
      vertex -21.7019 24.1784 93
    endloop
  endfacet
  facet normal 0.793305 0.608824 0
    outer loop
      vertex -21.7019 24.1784 31
      vertex -21.5425 23.9707 93
      vertex -21.5425 23.9707 31
    endloop
  endfacet
  facet normal 0.675673 0.737202 -0
    outer loop
      vertex -21.8787 24.3713 31
      vertex -22.0716 24.5481 93
      vertex -21.8787 24.3713 93
    endloop
  endfacet
  facet normal 0.675673 0.737202 0
    outer loop
      vertex -22.0716 24.5481 93
      vertex -21.8787 24.3713 31
      vertex -22.0716 24.5481 31
    endloop
  endfacet
  facet normal 0.923821 0.382824 0
    outer loop
      vertex -21.1809 23.2761 93
      vertex -21.2811 23.5179 31
      vertex -21.2811 23.5179 93
    endloop
  endfacet
  facet normal 0.923821 0.382824 0
    outer loop
      vertex -21.2811 23.5179 31
      vertex -21.1809 23.2761 93
      vertex -21.1809 23.2761 31
    endloop
  endfacet
  facet normal 0.608824 0.793305 -0
    outer loop
      vertex -22.0716 24.5481 31
      vertex -22.2793 24.7075 93
      vertex -22.0716 24.5481 93
    endloop
  endfacet
  facet normal 0.608824 0.793305 0
    outer loop
      vertex -22.2793 24.7075 93
      vertex -22.0716 24.5481 31
      vertex -22.2793 24.7075 31
    endloop
  endfacet
  facet normal -0.675673 0.737202 0
    outer loop
      vertex -26.9284 24.5481 31
      vertex -27.1213 24.3713 93
      vertex -26.9284 24.5481 93
    endloop
  endfacet
  facet normal -0.675673 0.737202 0
    outer loop
      vertex -27.1213 24.3713 93
      vertex -26.9284 24.5481 31
      vertex -27.1213 24.3713 31
    endloop
  endfacet
  facet normal 0 0 1
    outer loop
      vertex -24 25.25 93
      vertex -21 22.25 93
      vertex -21.0114 22.5115 93
    endloop
  endfacet
  facet normal 0 0 1
    outer loop
      vertex -21 22.25 93
      vertex -28 22.25 93
      vertex -21 -22.25 93
    endloop
  endfacet
  facet normal 0 0 1
    outer loop
      vertex -24 25.25 93
      vertex -21.0114 22.5115 93
      vertex -21.0456 22.7709 93
    endloop
  endfacet
  facet normal 0 0 1
    outer loop
      vertex -28 -22.25 93
      vertex -21 -22.25 93
      vertex -28 22.25 93
    endloop
  endfacet
  facet normal 0 0 1
    outer loop
      vertex -24 25.25 93
      vertex -21.0456 22.7709 93
      vertex -21.1022 23.0265 93
    endloop
  endfacet
  facet normal 0 -0 1
    outer loop
      vertex -24 -25.25 93
      vertex -21 -22.25 93
      vertex -28 -22.25 93
    endloop
  endfacet
  facet normal 0 0 1
    outer loop
      vertex -24 25.25 93
      vertex -21.1022 23.0265 93
      vertex -21.1809 23.2761 93
    endloop
  endfacet
  facet normal 0 0 1
    outer loop
      vertex -21 -22.25 93
      vertex -24 -25.25 93
      vertex -21.0114 -22.5115 93
    endloop
  endfacet
  facet normal 0 0 1
    outer loop
      vertex -24 25.25 93
      vertex -21.1809 23.2761 93
      vertex -21.2811 23.5179 93
    endloop
  endfacet
  facet normal 0 0 1
    outer loop
      vertex -21.0114 -22.5115 93
      vertex -24 -25.25 93
      vertex -21.0456 -22.7709 93
    endloop
  endfacet
  facet normal 0 0 1
    outer loop
      vertex -24 25.25 93
      vertex -21.2811 23.5179 93
      vertex -21.4019 23.75 93
    endloop
  endfacet
  facet normal 0 0 1
    outer loop
      vertex -21.0456 -22.7709 93
      vertex -24 -25.25 93
      vertex -21.1022 -23.0265 93
    endloop
  endfacet
  facet normal 0 0 1
    outer loop
      vertex -24 25.25 93
      vertex -21.4019 23.75 93
      vertex -21.5425 23.9707 93
    endloop
  endfacet
  facet normal 0 0 1
    outer loop
      vertex -21.1022 -23.0265 93
      vertex -24 -25.25 93
      vertex -21.1809 -23.2761 93
    endloop
  endfacet
  facet normal 0 0 1
    outer loop
      vertex -24 25.25 93
      vertex -21.5425 23.9707 93
      vertex -21.7019 24.1784 93
    endloop
  endfacet
  facet normal 0 0 1
    outer loop
      vertex -21.1809 -23.2761 93
      vertex -24 -25.25 93
      vertex -21.2811 -23.5179 93
    endloop
  endfacet
  facet normal 0 0 1
    outer loop
      vertex -24 25.25 93
      vertex -21.7019 24.1784 93
      vertex -21.8787 24.3713 93
    endloop
  endfacet
  facet normal 0 0 1
    outer loop
      vertex -21.2811 -23.5179 93
      vertex -24 -25.25 93
      vertex -21.4019 -23.75 93
    endloop
  endfacet
  facet normal 0 0 1
    outer loop
      vertex -24 25.25 93
      vertex -21.8787 24.3713 93
      vertex -22.0716 24.5481 93
    endloop
  endfacet
  facet normal 0 0 1
    outer loop
      vertex -21.4019 -23.75 93
      vertex -24 -25.25 93
      vertex -21.5425 -23.9707 93
    endloop
  endfacet
  facet normal 0 0 1
    outer loop
      vertex -24 25.25 93
      vertex -22.0716 24.5481 93
      vertex -22.2793 24.7075 93
    endloop
  endfacet
  facet normal 0 0 1
    outer loop
      vertex -21.5425 -23.9707 93
      vertex -24 -25.25 93
      vertex -21.7019 -24.1784 93
    endloop
  endfacet
  facet normal 0 0 1
    outer loop
      vertex -24 25.25 93
      vertex -22.2793 24.7075 93
      vertex -22.5 24.8481 93
    endloop
  endfacet
  facet normal 0 0 1
    outer loop
      vertex -21.7019 -24.1784 93
      vertex -24 -25.25 93
      vertex -21.8787 -24.3713 93
    endloop
  endfacet
  facet normal 0 0 1
    outer loop
      vertex -24 25.25 93
      vertex -22.5 24.8481 93
      vertex -22.7321 24.9689 93
    endloop
  endfacet
  facet normal 0 0 1
    outer loop
      vertex -21.8787 -24.3713 93
      vertex -24 -25.25 93
      vertex -22.0716 -24.5481 93
    endloop
  endfacet
  facet normal 0 0 1
    outer loop
      vertex -24 25.25 93
      vertex -22.7321 24.9689 93
      vertex -22.9739 25.0691 93
    endloop
  endfacet
  facet normal 0 0 1
    outer loop
      vertex -22.0716 -24.5481 93
      vertex -24 -25.25 93
      vertex -22.2793 -24.7075 93
    endloop
  endfacet
  facet normal 0 0 1
    outer loop
      vertex -24 25.25 93
      vertex -22.9739 25.0691 93
      vertex -23.2235 25.1478 93
    endloop
  endfacet
  facet normal 0 0 1
    outer loop
      vertex -22.2793 -24.7075 93
      vertex -24 -25.25 93
      vertex -22.5 -24.8481 93
    endloop
  endfacet
  facet normal 0 0 1
    outer loop
      vertex -24 25.25 93
      vertex -23.2235 25.1478 93
      vertex -23.4791 25.2044 93
    endloop
  endfacet
  facet normal 0 0 1
    outer loop
      vertex -22.5 -24.8481 93
      vertex -24 -25.25 93
      vertex -22.7321 -24.9689 93
    endloop
  endfacet
  facet normal 0 0 1
    outer loop
      vertex -24 25.25 93
      vertex -23.4791 25.2044 93
      vertex -23.7385 25.2386 93
    endloop
  endfacet
  facet normal 0 0 1
    outer loop
      vertex -22.7321 -24.9689 93
      vertex -24 -25.25 93
      vertex -22.9739 -25.0691 93
    endloop
  endfacet
  facet normal 0 0 1
    outer loop
      vertex -21 22.25 93
      vertex -24 25.25 93
      vertex -28 22.25 93
    endloop
  endfacet
  facet normal 0 0 1
    outer loop
      vertex -22.9739 -25.0691 93
      vertex -24 -25.25 93
      vertex -23.2235 -25.1478 93
    endloop
  endfacet
  facet normal 0 0 1
    outer loop
      vertex -28 22.25 93
      vertex -24 25.25 93
      vertex -25 25.25 93
    endloop
  endfacet
  facet normal 0 0 1
    outer loop
      vertex -23.2235 -25.1478 93
      vertex -24 -25.25 93
      vertex -23.4791 -25.2044 93
    endloop
  endfacet
  facet normal 0 0 1
    outer loop
      vertex -28 22.25 93
      vertex -25 25.25 93
      vertex -25.2615 25.2386 93
    endloop
  endfacet
  facet normal 0 0 1
    outer loop
      vertex -23.4791 -25.2044 93
      vertex -24 -25.25 93
      vertex -23.7385 -25.2386 93
    endloop
  endfacet
  facet normal 0 0 1
    outer loop
      vertex -28 22.25 93
      vertex -25.2615 25.2386 93
      vertex -25.5209 25.2044 93
    endloop
  endfacet
  facet normal 0 0 1
    outer loop
      vertex -24 -25.25 93
      vertex -28 -22.25 93
      vertex -25 -25.25 93
    endloop
  endfacet
  facet normal 0 0 1
    outer loop
      vertex -28 22.25 93
      vertex -25.5209 25.2044 93
      vertex -25.7765 25.1478 93
    endloop
  endfacet
  facet normal 0 0 1
    outer loop
      vertex -25 -25.25 93
      vertex -28 -22.25 93
      vertex -25.2615 -25.2386 93
    endloop
  endfacet
  facet normal 0 0 1
    outer loop
      vertex -28 22.25 93
      vertex -25.7765 25.1478 93
      vertex -26.0261 25.0691 93
    endloop
  endfacet
  facet normal 0 0 1
    outer loop
      vertex -25.2615 -25.2386 93
      vertex -28 -22.25 93
      vertex -25.5209 -25.2044 93
    endloop
  endfacet
  facet normal 0 0 1
    outer loop
      vertex -28 22.25 93
      vertex -26.0261 25.0691 93
      vertex -26.2679 24.9689 93
    endloop
  endfacet
  facet normal 0 0 1
    outer loop
      vertex -25.5209 -25.2044 93
      vertex -28 -22.25 93
      vertex -25.7765 -25.1478 93
    endloop
  endfacet
  facet normal 0 0 1
    outer loop
      vertex -28 22.25 93
      vertex -26.2679 24.9689 93
      vertex -26.5 24.8481 93
    endloop
  endfacet
  facet normal 0 0 1
    outer loop
      vertex -25.7765 -25.1478 93
      vertex -28 -22.25 93
      vertex -26.0261 -25.0691 93
    endloop
  endfacet
  facet normal 0 0 1
    outer loop
      vertex -28 22.25 93
      vertex -26.5 24.8481 93
      vertex -26.7207 24.7075 93
    endloop
  endfacet
  facet normal 0 0 1
    outer loop
      vertex -26.0261 -25.0691 93
      vertex -28 -22.25 93
      vertex -26.2679 -24.9689 93
    endloop
  endfacet
  facet normal 0 0 1
    outer loop
      vertex -28 22.25 93
      vertex -26.7207 24.7075 93
      vertex -26.9284 24.5481 93
    endloop
  endfacet
  facet normal 0 0 1
    outer loop
      vertex -26.2679 -24.9689 93
      vertex -28 -22.25 93
      vertex -26.5 -24.8481 93
    endloop
  endfacet
  facet normal 0 0 1
    outer loop
      vertex -28 22.25 93
      vertex -26.9284 24.5481 93
      vertex -27.1213 24.3713 93
    endloop
  endfacet
  facet normal 0 0 1
    outer loop
      vertex -26.5 -24.8481 93
      vertex -28 -22.25 93
      vertex -26.7207 -24.7075 93
    endloop
  endfacet
  facet normal 0 0 1
    outer loop
      vertex -28 22.25 93
      vertex -27.1213 24.3713 93
      vertex -27.2981 24.1784 93
    endloop
  endfacet
  facet normal 0 0 1
    outer loop
      vertex -26.7207 -24.7075 93
      vertex -28 -22.25 93
      vertex -26.9284 -24.5481 93
    endloop
  endfacet
  facet normal 0 0 1
    outer loop
      vertex -28 22.25 93
      vertex -27.2981 24.1784 93
      vertex -27.4575 23.9707 93
    endloop
  endfacet
  facet normal 0 0 1
    outer loop
      vertex -26.9284 -24.5481 93
      vertex -28 -22.25 93
      vertex -27.1213 -24.3713 93
    endloop
  endfacet
  facet normal 0 0 1
    outer loop
      vertex -28 22.25 93
      vertex -27.4575 23.9707 93
      vertex -27.5981 23.75 93
    endloop
  endfacet
  facet normal 0 0 1
    outer loop
      vertex -27.1213 -24.3713 93
      vertex -28 -22.25 93
      vertex -27.2981 -24.1784 93
    endloop
  endfacet
  facet normal 0 0 1
    outer loop
      vertex -28 22.25 93
      vertex -27.5981 23.75 93
      vertex -27.7189 23.5179 93
    endloop
  endfacet
  facet normal 0 0 1
    outer loop
      vertex -27.2981 -24.1784 93
      vertex -28 -22.25 93
      vertex -27.4575 -23.9707 93
    endloop
  endfacet
  facet normal 0 0 1
    outer loop
      vertex -28 22.25 93
      vertex -27.7189 23.5179 93
      vertex -27.8191 23.2761 93
    endloop
  endfacet
  facet normal 0 0 1
    outer loop
      vertex -27.4575 -23.9707 93
      vertex -28 -22.25 93
      vertex -27.5981 -23.75 93
    endloop
  endfacet
  facet normal 0 0 1
    outer loop
      vertex -28 22.25 93
      vertex -27.8191 23.2761 93
      vertex -27.8978 23.0265 93
    endloop
  endfacet
  facet normal 0 0 1
    outer loop
      vertex -27.5981 -23.75 93
      vertex -28 -22.25 93
      vertex -27.7189 -23.5179 93
    endloop
  endfacet
  facet normal 0 0 1
    outer loop
      vertex -28 22.25 93
      vertex -27.8978 23.0265 93
      vertex -27.9544 22.7709 93
    endloop
  endfacet
  facet normal 0 0 1
    outer loop
      vertex -27.7189 -23.5179 93
      vertex -28 -22.25 93
      vertex -27.8191 -23.2761 93
    endloop
  endfacet
  facet normal 0 0 1
    outer loop
      vertex -28 22.25 93
      vertex -27.9544 22.7709 93
      vertex -27.9886 22.5115 93
    endloop
  endfacet
  facet normal 0 0 1
    outer loop
      vertex -27.8191 -23.2761 93
      vertex -28 -22.25 93
      vertex -27.8978 -23.0265 93
    endloop
  endfacet
  facet normal 0 0 1
    outer loop
      vertex -27.8978 -23.0265 93
      vertex -28 -22.25 93
      vertex -27.9544 -22.7709 93
    endloop
  endfacet
  facet normal 0 0 1
    outer loop
      vertex -27.9544 -22.7709 93
      vertex -28 -22.25 93
      vertex -27.9886 -22.5115 93
    endloop
  endfacet
  facet normal 0 -0.923886 0.382668
    outer loop
      vertex -28 4.53154 45.6269
      vertex -22 4.69846 46.0299
      vertex -28 4.69846 46.0299
    endloop
  endfacet
  facet normal 0 -0.923886 0.382668
    outer loop
      vertex -22 4.69846 46.0299
      vertex -28 4.53154 45.6269
      vertex -22 4.53154 45.6269
    endloop
  endfacet
  facet normal 0 0.991444 -0.130534
    outer loop
      vertex -22 -4.98097 48.1758
      vertex -28 -4.92404 48.6082
      vertex -22 -4.92404 48.6082
    endloop
  endfacet
  facet normal 0 0.991444 -0.130534
    outer loop
      vertex -28 -4.92404 48.6082
      vertex -22 -4.98097 48.1758
      vertex -28 -4.98097 48.1758
    endloop
  endfacet
  facet normal 0 -0.608846 0.793288
    outer loop
      vertex -28 3.21394 43.9098
      vertex -22 2.86788 43.6442
      vertex -22 3.21394 43.9098
    endloop
  endfacet
  facet normal 0 -0.608846 0.793288
    outer loop
      vertex -22 2.86788 43.6442
      vertex -28 3.21394 43.9098
      vertex -28 2.86788 43.6442
    endloop
  endfacet
  facet normal 0 -0.923886 -0.382668
    outer loop
      vertex -28 4.69846 49.4501
      vertex -22 4.53154 49.8531
      vertex -28 4.53154 49.8531
    endloop
  endfacet
  facet normal 0 -0.923886 -0.382668
    outer loop
      vertex -22 4.53154 49.8531
      vertex -28 4.69846 49.4501
      vertex -22 4.69846 49.4501
    endloop
  endfacet
  facet normal 0 0.843426 -0.537245
    outer loop
      vertex -22 -4.16449 50.5
      vertex -21 -4.09576 50.6079
      vertex -21 -4.16449 50.5
    endloop
  endfacet
  facet normal 0 0.843426 -0.537245
    outer loop
      vertex -21 -4.09576 50.6079
      vertex -22 -4.16449 50.5
      vertex -28 -4.09576 50.6079
    endloop
  endfacet
  facet normal 0 0.843389 -0.537304
    outer loop
      vertex -28 -4.33013 50.24
      vertex -22 -4.16449 50.5
      vertex -22 -4.33013 50.24
    endloop
  endfacet
  facet normal -1.05301e-06 0.8434 -0.537286
    outer loop
      vertex -22 -4.16449 50.5
      vertex -28 -4.33013 50.24
      vertex -28 -4.09576 50.6079
    endloop
  endfacet
  facet normal 0 -0.8434 0.537286
    outer loop
      vertex -28 4.09576 44.8721
      vertex -22 4.33013 45.24
      vertex -28 4.33013 45.24
    endloop
  endfacet
  facet normal 0 -0.8434 0.537286
    outer loop
      vertex -22 4.33013 45.24
      vertex -28 4.09576 44.8721
      vertex -22 4.09576 44.8721
    endloop
  endfacet
  facet normal 0 -0.0435587 -0.999051
    outer loop
      vertex -28 0 52.74
      vertex -21 0.435779 52.721
      vertex -21 0 52.74
    endloop
  endfacet
  facet normal -0 -0.0435587 -0.999051
    outer loop
      vertex -21 0.435779 52.721
      vertex -28 0 52.74
      vertex -28 0.435779 52.721
    endloop
  endfacet
  facet normal 0 0.793304 0.608826
    outer loop
      vertex -22 -3.83022 44.5261
      vertex -28 -4.09576 44.8721
      vertex -22 -4.09576 44.8721
    endloop
  endfacet
  facet normal 0 0.793304 0.608826
    outer loop
      vertex -28 -4.09576 44.8721
      vertex -22 -3.83022 44.5261
      vertex -28 -3.83022 44.5261
    endloop
  endfacet
  facet normal -0 0.382832 0.923818
    outer loop
      vertex -28 -1.7101 43.0415
      vertex -22 -2.11309 43.2085
      vertex -22 -1.7101 43.0415
    endloop
  endfacet
  facet normal 0 0.382832 0.923818
    outer loop
      vertex -22 -2.11309 43.2085
      vertex -28 -1.7101 43.0415
      vertex -28 -2.11309 43.2085
    endloop
  endfacet
  facet normal 0 -0.953713 0.300718
    outer loop
      vertex -28 4.69846 46.0299
      vertex -22 4.82963 46.4459
      vertex -28 4.82963 46.4459
    endloop
  endfacet
  facet normal 0 -0.953713 0.300718
    outer loop
      vertex -22 4.82963 46.4459
      vertex -28 4.69846 46.0299
      vertex -22 4.69846 46.0299
    endloop
  endfacet
  facet normal 0 -0.537193 -0.843459
    outer loop
      vertex -28 2.5 52.0701
      vertex -21 2.86788 51.8358
      vertex -21 2.5 52.0701
    endloop
  endfacet
  facet normal -0 -0.537193 -0.843459
    outer loop
      vertex -21 2.86788 51.8358
      vertex -28 2.5 52.0701
      vertex -28 2.86788 51.8358
    endloop
  endfacet
  facet normal 0 -0.976301 0.216418
    outer loop
      vertex -28 4.82963 46.4459
      vertex -22 4.92404 46.8718
      vertex -28 4.92404 46.8718
    endloop
  endfacet
  facet normal 0 -0.976301 0.216418
    outer loop
      vertex -22 4.92404 46.8718
      vertex -28 4.82963 46.4459
      vertex -22 4.82963 46.4459
    endloop
  endfacet
  facet normal 0 -0.991444 0.130534
    outer loop
      vertex -28 4.92404 46.8718
      vertex -22 4.98097 47.3042
      vertex -28 4.98097 47.3042
    endloop
  endfacet
  facet normal 0 -0.991444 0.130534
    outer loop
      vertex -22 4.98097 47.3042
      vertex -28 4.92404 46.8718
      vertex -22 4.92404 46.8718
    endloop
  endfacet
  facet normal 0 -0.675611 -0.737258
    outer loop
      vertex -28 3.21394 51.5702
      vertex -21 3.53553 51.2755
      vertex -21 3.21394 51.5702
    endloop
  endfacet
  facet normal -0 -0.675611 -0.737258
    outer loop
      vertex -21 3.53553 51.2755
      vertex -28 3.21394 51.5702
      vertex -28 3.53553 51.2755
    endloop
  endfacet
  facet normal 0 -0.976301 -0.216418
    outer loop
      vertex -28 4.92404 48.6082
      vertex -22 4.82963 49.0341
      vertex -28 4.82963 49.0341
    endloop
  endfacet
  facet normal 0 -0.976301 -0.216418
    outer loop
      vertex -22 4.82963 49.0341
      vertex -28 4.92404 48.6082
      vertex -22 4.92404 48.6082
    endloop
  endfacet
  facet normal 0 -0.991444 -0.130534
    outer loop
      vertex -28 4.98097 48.1758
      vertex -22 4.92404 48.6082
      vertex -28 4.92404 48.6082
    endloop
  endfacet
  facet normal 0 -0.991444 -0.130534
    outer loop
      vertex -22 4.92404 48.6082
      vertex -28 4.98097 48.1758
      vertex -22 4.98097 48.1758
    endloop
  endfacet
  facet normal 0 -0.130674 0.991425
    outer loop
      vertex -28 0.86824 42.816
      vertex -22 0.435779 42.759
      vertex -22 0.86824 42.816
    endloop
  endfacet
  facet normal 0 -0.130674 0.991425
    outer loop
      vertex -22 0.435779 42.759
      vertex -28 0.86824 42.816
      vertex -28 0.435779 42.759
    endloop
  endfacet
  facet normal 0 -0.675611 0.737258
    outer loop
      vertex -28 3.53553 44.2045
      vertex -22 3.21394 43.9098
      vertex -22 3.53553 44.2045
    endloop
  endfacet
  facet normal 0 -0.675611 0.737258
    outer loop
      vertex -22 3.21394 43.9098
      vertex -28 3.53553 44.2045
      vertex -28 3.21394 43.9098
    endloop
  endfacet
  facet normal 0 -0.0435587 0.999051
    outer loop
      vertex -28 0.435779 42.759
      vertex -22 0 42.74
      vertex -22 0.435779 42.759
    endloop
  endfacet
  facet normal 0 -0.0435587 0.999051
    outer loop
      vertex -22 0 42.74
      vertex -28 0.435779 42.759
      vertex -28 0 42.74
    endloop
  endfacet
  facet normal 0 -0.130674 -0.991425
    outer loop
      vertex -28 0.435779 52.721
      vertex -21 0.86824 52.664
      vertex -21 0.435779 52.721
    endloop
  endfacet
  facet normal -0 -0.130674 -0.991425
    outer loop
      vertex -21 0.86824 52.664
      vertex -28 0.435779 52.721
      vertex -28 0.86824 52.664
    endloop
  endfacet
  facet normal 0 0.991444 0.130534
    outer loop
      vertex -22 -4.92404 46.8718
      vertex -28 -4.98097 47.3042
      vertex -22 -4.98097 47.3042
    endloop
  endfacet
  facet normal 0 0.991444 0.130534
    outer loop
      vertex -28 -4.98097 47.3042
      vertex -22 -4.92404 46.8718
      vertex -28 -4.92404 46.8718
    endloop
  endfacet
  facet normal 0 0.675611 -0.737258
    outer loop
      vertex -28 -3.53553 51.2755
      vertex -21 -3.21394 51.5702
      vertex -21 -3.53553 51.2755
    endloop
  endfacet
  facet normal 0 0.675611 -0.737258
    outer loop
      vertex -21 -3.21394 51.5702
      vertex -28 -3.53553 51.2755
      vertex -28 -3.21394 51.5702
    endloop
  endfacet
  facet normal 0 0.999048 0.0436252
    outer loop
      vertex -22 -4.98097 47.3042
      vertex -28 -5 47.74
      vertex -22 -5 47.74
    endloop
  endfacet
  facet normal 0 0.999048 0.0436252
    outer loop
      vertex -28 -5 47.74
      vertex -22 -4.98097 47.3042
      vertex -28 -4.98097 47.3042
    endloop
  endfacet
  facet normal 0 -0.73728 0.675588
    outer loop
      vertex -28 3.53553 44.2045
      vertex -22 3.83022 44.5261
      vertex -28 3.83022 44.5261
    endloop
  endfacet
  facet normal 0 -0.73728 0.675588
    outer loop
      vertex -22 3.83022 44.5261
      vertex -28 3.53553 44.2045
      vertex -22 3.53553 44.2045
    endloop
  endfacet
  facet normal 0 0.953713 0.300718
    outer loop
      vertex -22 -4.69846 46.0299
      vertex -28 -4.82963 46.4459
      vertex -22 -4.82963 46.4459
    endloop
  endfacet
  facet normal 0 0.953713 0.300718
    outer loop
      vertex -28 -4.82963 46.4459
      vertex -22 -4.69846 46.0299
      vertex -28 -4.69846 46.0299
    endloop
  endfacet
  facet normal -0 0.300572 0.953759
    outer loop
      vertex -28 -1.2941 42.9104
      vertex -22 -1.7101 43.0415
      vertex -22 -1.2941 42.9104
    endloop
  endfacet
  facet normal 0 0.300572 0.953759
    outer loop
      vertex -22 -1.7101 43.0415
      vertex -28 -1.2941 42.9104
      vertex -28 -1.7101 43.0415
    endloop
  endfacet
  facet normal 0 -0.382832 -0.923818
    outer loop
      vertex -28 1.7101 52.4385
      vertex -21 2.11309 52.2715
      vertex -21 1.7101 52.4385
    endloop
  endfacet
  facet normal -0 -0.382832 -0.923818
    outer loop
      vertex -21 2.11309 52.2715
      vertex -28 1.7101 52.4385
      vertex -28 2.11309 52.2715
    endloop
  endfacet
  facet normal 0 -0.887008 0.461753
    outer loop
      vertex -28 4.33013 45.24
      vertex -22 4.53154 45.6269
      vertex -28 4.53154 45.6269
    endloop
  endfacet
  facet normal 0 -0.887008 0.461753
    outer loop
      vertex -22 4.53154 45.6269
      vertex -28 4.33013 45.24
      vertex -22 4.33013 45.24
    endloop
  endfacet
  facet normal 0 0.608846 -0.793288
    outer loop
      vertex -28 -3.21394 51.5702
      vertex -21 -2.86788 51.8358
      vertex -21 -3.21394 51.5702
    endloop
  endfacet
  facet normal 0 0.608846 -0.793288
    outer loop
      vertex -21 -2.86788 51.8358
      vertex -28 -3.21394 51.5702
      vertex -28 -2.86788 51.8358
    endloop
  endfacet
  facet normal 0 -0.537193 0.843459
    outer loop
      vertex -28 2.86788 43.6442
      vertex -22 2.5 43.4099
      vertex -22 2.86788 43.6442
    endloop
  endfacet
  facet normal 0 -0.537193 0.843459
    outer loop
      vertex -22 2.5 43.4099
      vertex -28 2.86788 43.6442
      vertex -28 2.5 43.4099
    endloop
  endfacet
  facet normal 0 -0.382832 0.923818
    outer loop
      vertex -28 2.11309 43.2085
      vertex -22 1.7101 43.0415
      vertex -22 2.11309 43.2085
    endloop
  endfacet
  facet normal 0 -0.382832 0.923818
    outer loop
      vertex -22 1.7101 43.0415
      vertex -28 2.11309 43.2085
      vertex -28 1.7101 43.0415
    endloop
  endfacet
  facet normal 0 -0.461726 0.887023
    outer loop
      vertex -28 2.5 43.4099
      vertex -22 2.11309 43.2085
      vertex -22 2.5 43.4099
    endloop
  endfacet
  facet normal 0 -0.461726 0.887023
    outer loop
      vertex -22 2.11309 43.2085
      vertex -28 2.5 43.4099
      vertex -28 2.11309 43.2085
    endloop
  endfacet
  facet normal 0 -0.953713 -0.300718
    outer loop
      vertex -28 4.82963 49.0341
      vertex -22 4.69846 49.4501
      vertex -28 4.69846 49.4501
    endloop
  endfacet
  facet normal 0 -0.953713 -0.300718
    outer loop
      vertex -22 4.69846 49.4501
      vertex -28 4.82963 49.0341
      vertex -22 4.82963 49.0341
    endloop
  endfacet
  facet normal 0 0.300572 -0.953759
    outer loop
      vertex -28 -1.7101 52.4385
      vertex -21 -1.2941 52.5696
      vertex -21 -1.7101 52.4385
    endloop
  endfacet
  facet normal 0 0.300572 -0.953759
    outer loop
      vertex -21 -1.2941 52.5696
      vertex -28 -1.7101 52.4385
      vertex -28 -1.2941 52.5696
    endloop
  endfacet
  facet normal 0 0.887008 0.461753
    outer loop
      vertex -22 -4.33013 45.24
      vertex -28 -4.53154 45.6269
      vertex -22 -4.53154 45.6269
    endloop
  endfacet
  facet normal 0 0.887008 0.461753
    outer loop
      vertex -28 -4.53154 45.6269
      vertex -22 -4.33013 45.24
      vertex -28 -4.33013 45.24
    endloop
  endfacet
  facet normal 0 0.130674 -0.991425
    outer loop
      vertex -28 -0.86824 52.664
      vertex -21 -0.435779 52.721
      vertex -21 -0.86824 52.664
    endloop
  endfacet
  facet normal 0 0.130674 -0.991425
    outer loop
      vertex -21 -0.435779 52.721
      vertex -28 -0.86824 52.664
      vertex -28 -0.435779 52.721
    endloop
  endfacet
  facet normal -0 0.675611 0.737258
    outer loop
      vertex -28 -3.21394 43.9098
      vertex -22 -3.53553 44.2045
      vertex -22 -3.21394 43.9098
    endloop
  endfacet
  facet normal 0 0.675611 0.737258
    outer loop
      vertex -22 -3.53553 44.2045
      vertex -28 -3.21394 43.9098
      vertex -28 -3.53553 44.2045
    endloop
  endfacet
  facet normal 0 0.976301 -0.216418
    outer loop
      vertex -22 -4.92404 48.6082
      vertex -28 -4.82963 49.0341
      vertex -22 -4.82963 49.0341
    endloop
  endfacet
  facet normal 0 0.976301 -0.216418
    outer loop
      vertex -28 -4.82963 49.0341
      vertex -22 -4.92404 48.6082
      vertex -28 -4.92404 48.6082
    endloop
  endfacet
  facet normal -0 0.461726 0.887023
    outer loop
      vertex -28 -2.11309 43.2085
      vertex -22 -2.5 43.4099
      vertex -22 -2.11309 43.2085
    endloop
  endfacet
  facet normal 0 0.461726 0.887023
    outer loop
      vertex -22 -2.5 43.4099
      vertex -28 -2.11309 43.2085
      vertex -28 -2.5 43.4099
    endloop
  endfacet
  facet normal -0 0.608846 0.793288
    outer loop
      vertex -28 -2.86788 43.6442
      vertex -22 -3.21394 43.9098
      vertex -22 -2.86788 43.6442
    endloop
  endfacet
  facet normal 0 0.608846 0.793288
    outer loop
      vertex -22 -3.21394 43.9098
      vertex -28 -2.86788 43.6442
      vertex -28 -3.21394 43.9098
    endloop
  endfacet
  facet normal 0 0.461726 -0.887023
    outer loop
      vertex -28 -2.5 52.0701
      vertex -21 -2.11309 52.2715
      vertex -21 -2.5 52.0701
    endloop
  endfacet
  facet normal 0 0.461726 -0.887023
    outer loop
      vertex -21 -2.11309 52.2715
      vertex -28 -2.5 52.0701
      vertex -28 -2.11309 52.2715
    endloop
  endfacet
  facet normal -0 0.216416 0.976301
    outer loop
      vertex -28 -0.86824 42.816
      vertex -22 -1.2941 42.9104
      vertex -22 -0.86824 42.816
    endloop
  endfacet
  facet normal 0 0.216416 0.976301
    outer loop
      vertex -22 -1.2941 42.9104
      vertex -28 -0.86824 42.816
      vertex -28 -1.2941 42.9104
    endloop
  endfacet
  facet normal 0 0.953713 -0.300718
    outer loop
      vertex -22 -4.82963 49.0341
      vertex -28 -4.69846 49.4501
      vertex -22 -4.69846 49.4501
    endloop
  endfacet
  facet normal 0 0.953713 -0.300718
    outer loop
      vertex -28 -4.69846 49.4501
      vertex -22 -4.82963 49.0341
      vertex -28 -4.82963 49.0341
    endloop
  endfacet
  facet normal 0 -0.216416 -0.976301
    outer loop
      vertex -28 0.86824 52.664
      vertex -21 1.2941 52.5696
      vertex -21 0.86824 52.664
    endloop
  endfacet
  facet normal -0 -0.216416 -0.976301
    outer loop
      vertex -21 1.2941 52.5696
      vertex -28 0.86824 52.664
      vertex -28 1.2941 52.5696
    endloop
  endfacet
  facet normal 0 -0.887008 -0.461753
    outer loop
      vertex -28 4.53154 49.8531
      vertex -22 4.33013 50.24
      vertex -28 4.33013 50.24
    endloop
  endfacet
  facet normal 0 -0.887008 -0.461753
    outer loop
      vertex -22 4.33013 50.24
      vertex -28 4.53154 49.8531
      vertex -22 4.53154 49.8531
    endloop
  endfacet
  facet normal 0 -0.999048 0.0436252
    outer loop
      vertex -28 4.98097 47.3042
      vertex -22 5 47.74
      vertex -28 5 47.74
    endloop
  endfacet
  facet normal 0 -0.999048 0.0436252
    outer loop
      vertex -22 5 47.74
      vertex -28 4.98097 47.3042
      vertex -22 4.98097 47.3042
    endloop
  endfacet
  facet normal 0 -0.73728 -0.675588
    outer loop
      vertex -28 3.83022 50.9539
      vertex -21 3.53553 51.2755
      vertex -28 3.53553 51.2755
    endloop
  endfacet
  facet normal 0 -0.73728 -0.675588
    outer loop
      vertex -21 3.53553 51.2755
      vertex -28 3.83022 50.9539
      vertex -21 3.83022 50.9539
    endloop
  endfacet
  facet normal 0 -0.793304 0.608826
    outer loop
      vertex -28 3.83022 44.5261
      vertex -22 4.09576 44.8721
      vertex -28 4.09576 44.8721
    endloop
  endfacet
  facet normal 0 -0.793304 0.608826
    outer loop
      vertex -22 4.09576 44.8721
      vertex -28 3.83022 44.5261
      vertex -22 3.83022 44.5261
    endloop
  endfacet
  facet normal 0 -0.999048 -0.0436252
    outer loop
      vertex -28 5 47.74
      vertex -22 4.98097 48.1758
      vertex -28 4.98097 48.1758
    endloop
  endfacet
  facet normal 0 -0.999048 -0.0436252
    outer loop
      vertex -22 4.98097 48.1758
      vertex -28 5 47.74
      vertex -22 5 47.74
    endloop
  endfacet
  facet normal 0 0.0435587 -0.999051
    outer loop
      vertex -28 -0.435779 52.721
      vertex -21 0 52.74
      vertex -21 -0.435779 52.721
    endloop
  endfacet
  facet normal 0 0.0435587 -0.999051
    outer loop
      vertex -21 0 52.74
      vertex -28 -0.435779 52.721
      vertex -28 0 52.74
    endloop
  endfacet
  facet normal 0 -0.300572 0.953759
    outer loop
      vertex -28 1.7101 43.0415
      vertex -22 1.2941 42.9104
      vertex -22 1.7101 43.0415
    endloop
  endfacet
  facet normal 0 -0.300572 0.953759
    outer loop
      vertex -22 1.2941 42.9104
      vertex -28 1.7101 43.0415
      vertex -28 1.2941 42.9104
    endloop
  endfacet
  facet normal -0 0.0435587 0.999051
    outer loop
      vertex -28 0 42.74
      vertex -22 -0.435779 42.759
      vertex -22 0 42.74
    endloop
  endfacet
  facet normal 0 0.0435587 0.999051
    outer loop
      vertex -22 -0.435779 42.759
      vertex -28 0 42.74
      vertex -28 -0.435779 42.759
    endloop
  endfacet
  facet normal 0 0.8434 0.537286
    outer loop
      vertex -22 -4.09576 44.8721
      vertex -28 -4.33013 45.24
      vertex -22 -4.33013 45.24
    endloop
  endfacet
  facet normal 0 0.8434 0.537286
    outer loop
      vertex -28 -4.33013 45.24
      vertex -22 -4.09576 44.8721
      vertex -28 -4.09576 44.8721
    endloop
  endfacet
  facet normal 0 0.976301 0.216418
    outer loop
      vertex -22 -4.82963 46.4459
      vertex -28 -4.92404 46.8718
      vertex -22 -4.92404 46.8718
    endloop
  endfacet
  facet normal 0 0.976301 0.216418
    outer loop
      vertex -28 -4.92404 46.8718
      vertex -22 -4.82963 46.4459
      vertex -28 -4.82963 46.4459
    endloop
  endfacet
  facet normal 0 0.793304 -0.608826
    outer loop
      vertex -21 -4.09576 50.6079
      vertex -28 -3.83022 50.9539
      vertex -21 -3.83022 50.9539
    endloop
  endfacet
  facet normal 0 0.793304 -0.608826
    outer loop
      vertex -28 -3.83022 50.9539
      vertex -21 -4.09576 50.6079
      vertex -28 -4.09576 50.6079
    endloop
  endfacet
  facet normal 0 -0.793304 -0.608826
    outer loop
      vertex -28 4.09576 50.6079
      vertex -21 3.83022 50.9539
      vertex -28 3.83022 50.9539
    endloop
  endfacet
  facet normal 0 -0.793304 -0.608826
    outer loop
      vertex -21 3.83022 50.9539
      vertex -28 4.09576 50.6079
      vertex -21 4.09576 50.6079
    endloop
  endfacet
  facet normal 0 0.382832 -0.923818
    outer loop
      vertex -28 -2.11309 52.2715
      vertex -21 -1.7101 52.4385
      vertex -21 -2.11309 52.2715
    endloop
  endfacet
  facet normal 0 0.382832 -0.923818
    outer loop
      vertex -21 -1.7101 52.4385
      vertex -28 -2.11309 52.2715
      vertex -28 -1.7101 52.4385
    endloop
  endfacet
  facet normal 0 0.216416 -0.976301
    outer loop
      vertex -28 -1.2941 52.5696
      vertex -21 -0.86824 52.664
      vertex -21 -1.2941 52.5696
    endloop
  endfacet
  facet normal 0 0.216416 -0.976301
    outer loop
      vertex -21 -0.86824 52.664
      vertex -28 -1.2941 52.5696
      vertex -28 -0.86824 52.664
    endloop
  endfacet
  facet normal 0 -0.461726 -0.887023
    outer loop
      vertex -28 2.11309 52.2715
      vertex -21 2.5 52.0701
      vertex -21 2.11309 52.2715
    endloop
  endfacet
  facet normal -0 -0.461726 -0.887023
    outer loop
      vertex -21 2.5 52.0701
      vertex -28 2.11309 52.2715
      vertex -28 2.5 52.0701
    endloop
  endfacet
  facet normal 0 -0.843426 -0.537245
    outer loop
      vertex -28 4.09576 50.6079
      vertex -22 4.16449 50.5
      vertex -21 4.09576 50.6079
    endloop
  endfacet
  facet normal -1.05301e-06 -0.8434 -0.537286
    outer loop
      vertex -28 4.33013 50.24
      vertex -22 4.16449 50.5
      vertex -28 4.09576 50.6079
    endloop
  endfacet
  facet normal 0 -0.843389 -0.537304
    outer loop
      vertex -22 4.16449 50.5
      vertex -28 4.33013 50.24
      vertex -22 4.33013 50.24
    endloop
  endfacet
  facet normal 0 -0.843426 -0.537245
    outer loop
      vertex -21 4.09576 50.6079
      vertex -22 4.16449 50.5
      vertex -21 4.16449 50.5
    endloop
  endfacet
  facet normal -0 0.130674 0.991425
    outer loop
      vertex -28 -0.435779 42.759
      vertex -22 -0.86824 42.816
      vertex -22 -0.435779 42.759
    endloop
  endfacet
  facet normal 0 0.130674 0.991425
    outer loop
      vertex -22 -0.86824 42.816
      vertex -28 -0.435779 42.759
      vertex -28 -0.86824 42.816
    endloop
  endfacet
  facet normal 0 -0.216416 0.976301
    outer loop
      vertex -28 1.2941 42.9104
      vertex -22 0.86824 42.816
      vertex -22 1.2941 42.9104
    endloop
  endfacet
  facet normal 0 -0.216416 0.976301
    outer loop
      vertex -22 0.86824 42.816
      vertex -28 1.2941 42.9104
      vertex -28 0.86824 42.816
    endloop
  endfacet
  facet normal 0 0.923886 0.382668
    outer loop
      vertex -22 -4.53154 45.6269
      vertex -28 -4.69846 46.0299
      vertex -22 -4.69846 46.0299
    endloop
  endfacet
  facet normal 0 0.923886 0.382668
    outer loop
      vertex -28 -4.69846 46.0299
      vertex -22 -4.53154 45.6269
      vertex -28 -4.53154 45.6269
    endloop
  endfacet
  facet normal 0 -0.300572 -0.953759
    outer loop
      vertex -28 1.2941 52.5696
      vertex -21 1.7101 52.4385
      vertex -21 1.2941 52.5696
    endloop
  endfacet
  facet normal -0 -0.300572 -0.953759
    outer loop
      vertex -21 1.7101 52.4385
      vertex -28 1.2941 52.5696
      vertex -28 1.7101 52.4385
    endloop
  endfacet
  facet normal 0 0.73728 -0.675588
    outer loop
      vertex -21 -3.83022 50.9539
      vertex -28 -3.53553 51.2755
      vertex -21 -3.53553 51.2755
    endloop
  endfacet
  facet normal 0 0.73728 -0.675588
    outer loop
      vertex -28 -3.53553 51.2755
      vertex -21 -3.83022 50.9539
      vertex -28 -3.83022 50.9539
    endloop
  endfacet
  facet normal 0 0.537193 -0.843459
    outer loop
      vertex -28 -2.86788 51.8358
      vertex -21 -2.5 52.0701
      vertex -21 -2.86788 51.8358
    endloop
  endfacet
  facet normal 0 0.537193 -0.843459
    outer loop
      vertex -21 -2.5 52.0701
      vertex -28 -2.86788 51.8358
      vertex -28 -2.5 52.0701
    endloop
  endfacet
  facet normal 0 0.999048 -0.0436252
    outer loop
      vertex -22 -5 47.74
      vertex -28 -4.98097 48.1758
      vertex -22 -4.98097 48.1758
    endloop
  endfacet
  facet normal 0 0.999048 -0.0436252
    outer loop
      vertex -28 -4.98097 48.1758
      vertex -22 -5 47.74
      vertex -28 -5 47.74
    endloop
  endfacet
  facet normal 0 0.73728 0.675588
    outer loop
      vertex -22 -3.53553 44.2045
      vertex -28 -3.83022 44.5261
      vertex -22 -3.83022 44.5261
    endloop
  endfacet
  facet normal 0 0.73728 0.675588
    outer loop
      vertex -28 -3.83022 44.5261
      vertex -22 -3.53553 44.2045
      vertex -28 -3.53553 44.2045
    endloop
  endfacet
  facet normal 0 0.923886 -0.382668
    outer loop
      vertex -22 -4.69846 49.4501
      vertex -28 -4.53154 49.8531
      vertex -22 -4.53154 49.8531
    endloop
  endfacet
  facet normal 0 0.923886 -0.382668
    outer loop
      vertex -28 -4.53154 49.8531
      vertex -22 -4.69846 49.4501
      vertex -28 -4.69846 49.4501
    endloop
  endfacet
  facet normal -0 0.537193 0.843459
    outer loop
      vertex -28 -2.5 43.4099
      vertex -22 -2.86788 43.6442
      vertex -22 -2.5 43.4099
    endloop
  endfacet
  facet normal 0 0.537193 0.843459
    outer loop
      vertex -22 -2.86788 43.6442
      vertex -28 -2.5 43.4099
      vertex -28 -2.86788 43.6442
    endloop
  endfacet
  facet normal 0 -0.608846 -0.793288
    outer loop
      vertex -28 2.86788 51.8358
      vertex -21 3.21394 51.5702
      vertex -21 2.86788 51.8358
    endloop
  endfacet
  facet normal -0 -0.608846 -0.793288
    outer loop
      vertex -21 3.21394 51.5702
      vertex -28 2.86788 51.8358
      vertex -28 3.21394 51.5702
    endloop
  endfacet
  facet normal 0 0.887008 -0.461753
    outer loop
      vertex -22 -4.53154 49.8531
      vertex -28 -4.33013 50.24
      vertex -22 -4.33013 50.24
    endloop
  endfacet
  facet normal 0 0.887008 -0.461753
    outer loop
      vertex -28 -4.33013 50.24
      vertex -22 -4.53154 49.8531
      vertex -28 -4.53154 49.8531
    endloop
  endfacet
  facet normal 0.99142 0.130712 0
    outer loop
      vertex 27.9886 22.5115 93
      vertex 27.9544 22.7709 31
      vertex 27.9544 22.7709 93
    endloop
  endfacet
  facet normal 0.99142 0.130712 0
    outer loop
      vertex 27.9544 22.7709 31
      vertex 27.9886 22.5115 93
      vertex 27.9886 22.5115 31
    endloop
  endfacet
  facet normal -0.999051 -0.0435533 0
    outer loop
      vertex 21.0114 -22.5115 50.5
      vertex 21 -22.25 93
      vertex 21 -22.25 50.5
    endloop
  endfacet
  facet normal -0.999051 -0.0435533 0
    outer loop
      vertex 21 -22.25 93
      vertex 21.0114 -22.5115 50.5
      vertex 21.0114 -22.5115 93
    endloop
  endfacet
  facet normal -0.976372 0.216098 0
    outer loop
      vertex 21.0582 22.8277 50.5
      vertex 21.1022 23.0265 31
      vertex 21.0582 22.8277 31
    endloop
  endfacet
  facet normal -0.976372 0.216098 0
    outer loop
      vertex 21.1022 23.0265 31
      vertex 21.0582 22.8277 50.5
      vertex 21.1022 23.0265 93
    endloop
  endfacet
  facet normal -0.976268 0.216566 -2.2971e-06
    outer loop
      vertex 21.0456 22.7709 50.5
      vertex 21.1022 23.0265 93
      vertex 21.0582 22.8277 50.5
    endloop
  endfacet
  facet normal -0.976349 0.216202 0
    outer loop
      vertex 21.1022 23.0265 93
      vertex 21.0456 22.7709 50.5
      vertex 21.0456 22.7709 93
    endloop
  endfacet
  facet normal 0.216202 0.976349 -0
    outer loop
      vertex 25.7765 25.1478 31
      vertex 25.5209 25.2044 93
      vertex 25.7765 25.1478 93
    endloop
  endfacet
  facet normal 0.216202 0.976349 0
    outer loop
      vertex 25.5209 25.2044 93
      vertex 25.7765 25.1478 31
      vertex 25.5209 25.2044 31
    endloop
  endfacet
  facet normal -0.953715 -0.300711 0
    outer loop
      vertex 21.1809 -23.2761 31
      vertex 21.1022 -23.0265 93
      vertex 21.1022 -23.0265 31
    endloop
  endfacet
  facet normal -0.953715 -0.300711 0
    outer loop
      vertex 21.1022 -23.0265 93
      vertex 21.1809 -23.2761 31
      vertex 21.1809 -23.2761 93
    endloop
  endfacet
  facet normal -1 0 0
    outer loop
      vertex 21 4.09576 50.6079
      vertex 21 22.25 50.5
      vertex 21 4.16449 50.5
    endloop
  endfacet
  facet normal -1 0 0
    outer loop
      vertex 21 3.83022 50.9539
      vertex 21 22.25 50.5
      vertex 21 4.09576 50.6079
    endloop
  endfacet
  facet normal -1 0 0
    outer loop
      vertex 21 3.53553 51.2755
      vertex 21 22.25 50.5
      vertex 21 3.83022 50.9539
    endloop
  endfacet
  facet normal -1 0 0
    outer loop
      vertex 21 3.21394 51.5702
      vertex 21 22.25 50.5
      vertex 21 3.53553 51.2755
    endloop
  endfacet
  facet normal -1 0 0
    outer loop
      vertex 21 2.86788 51.8358
      vertex 21 22.25 50.5
      vertex 21 3.21394 51.5702
    endloop
  endfacet
  facet normal -1 0 0
    outer loop
      vertex 21 2.5 52.0701
      vertex 21 22.25 50.5
      vertex 21 2.86788 51.8358
    endloop
  endfacet
  facet normal -1 0 0
    outer loop
      vertex 21 22.25 50.5
      vertex 21 2.5 52.0701
      vertex 21 22.25 93
    endloop
  endfacet
  facet normal -1 0 0
    outer loop
      vertex 21 2.11309 52.2715
      vertex 21 22.25 93
      vertex 21 2.5 52.0701
    endloop
  endfacet
  facet normal -1 0 0
    outer loop
      vertex 21 1.7101 52.4385
      vertex 21 22.25 93
      vertex 21 2.11309 52.2715
    endloop
  endfacet
  facet normal -1 0 0
    outer loop
      vertex 21 1.2941 52.5696
      vertex 21 22.25 93
      vertex 21 1.7101 52.4385
    endloop
  endfacet
  facet normal -1 0 0
    outer loop
      vertex 21 0.86824 52.664
      vertex 21 22.25 93
      vertex 21 1.2941 52.5696
    endloop
  endfacet
  facet normal -1 0 0
    outer loop
      vertex 21 0.435779 52.721
      vertex 21 22.25 93
      vertex 21 0.86824 52.664
    endloop
  endfacet
  facet normal -1 0 0
    outer loop
      vertex 21 0 52.74
      vertex 21 22.25 93
      vertex 21 0.435779 52.721
    endloop
  endfacet
  facet normal -1 0 0
    outer loop
      vertex 21 -22.25 93
      vertex 21 0 52.74
      vertex 21 -0.435779 52.721
    endloop
  endfacet
  facet normal -1 0 0
    outer loop
      vertex 21 -22.25 93
      vertex 21 -0.435779 52.721
      vertex 21 -0.86824 52.664
    endloop
  endfacet
  facet normal -1 0 0
    outer loop
      vertex 21 -22.25 93
      vertex 21 -0.86824 52.664
      vertex 21 -1.2941 52.5696
    endloop
  endfacet
  facet normal -1 0 0
    outer loop
      vertex 21 -22.25 93
      vertex 21 -1.2941 52.5696
      vertex 21 -1.7101 52.4385
    endloop
  endfacet
  facet normal -1 0 0
    outer loop
      vertex 21 -22.25 93
      vertex 21 -1.7101 52.4385
      vertex 21 -2.11309 52.2715
    endloop
  endfacet
  facet normal -1 0 0
    outer loop
      vertex 21 -22.25 93
      vertex 21 -2.11309 52.2715
      vertex 21 -2.5 52.0701
    endloop
  endfacet
  facet normal -1 0 0
    outer loop
      vertex 21 -22.25 50.5
      vertex 21 -2.5 52.0701
      vertex 21 -2.86788 51.8358
    endloop
  endfacet
  facet normal -1 0 0
    outer loop
      vertex 21 -22.25 50.5
      vertex 21 -2.86788 51.8358
      vertex 21 -3.21394 51.5702
    endloop
  endfacet
  facet normal -1 0 0
    outer loop
      vertex 21 -22.25 50.5
      vertex 21 -3.21394 51.5702
      vertex 21 -3.53553 51.2755
    endloop
  endfacet
  facet normal -1 0 0
    outer loop
      vertex 21 -22.25 50.5
      vertex 21 -3.53553 51.2755
      vertex 21 -3.83022 50.9539
    endloop
  endfacet
  facet normal -1 0 0
    outer loop
      vertex 21 -22.25 50.5
      vertex 21 -3.83022 50.9539
      vertex 21 -4.09576 50.6079
    endloop
  endfacet
  facet normal -1 0 0
    outer loop
      vertex 21 -22.25 50.5
      vertex 21 -4.09576 50.6079
      vertex 21 -4.16449 50.5
    endloop
  endfacet
  facet normal -1 -0 0
    outer loop
      vertex 21 -2.5 52.0701
      vertex 21 -22.25 50.5
      vertex 21 -22.25 93
    endloop
  endfacet
  facet normal -1 0 0
    outer loop
      vertex 21 0 52.74
      vertex 21 -22.25 93
      vertex 21 22.25 93
    endloop
  endfacet
  facet normal 0.382824 -0.923821 0
    outer loop
      vertex 26.0261 -25.0691 31
      vertex 26.2679 -24.9689 93
      vertex 26.0261 -25.0691 93
    endloop
  endfacet
  facet normal 0.382824 -0.923821 0
    outer loop
      vertex 26.2679 -24.9689 93
      vertex 26.0261 -25.0691 31
      vertex 26.2679 -24.9689 31
    endloop
  endfacet
  facet normal 0.382824 0.923821 -0
    outer loop
      vertex 26.2679 24.9689 31
      vertex 26.0261 25.0691 93
      vertex 26.2679 24.9689 93
    endloop
  endfacet
  facet normal 0.382824 0.923821 0
    outer loop
      vertex 26.0261 25.0691 93
      vertex 26.2679 24.9689 31
      vertex 26.0261 25.0691 31
    endloop
  endfacet
  facet normal 0.216202 -0.976349 0
    outer loop
      vertex 25.5209 -25.2044 31
      vertex 25.7765 -25.1478 93
      vertex 25.5209 -25.2044 93
    endloop
  endfacet
  facet normal 0.216202 -0.976349 0
    outer loop
      vertex 25.7765 -25.1478 93
      vertex 25.5209 -25.2044 31
      vertex 25.7765 -25.1478 31
    endloop
  endfacet
  facet normal -0.999051 0.0435533 0
    outer loop
      vertex 21 22.25 50.5
      vertex 21.0114 22.5115 93
      vertex 21.0114 22.5115 50.5
    endloop
  endfacet
  facet normal -0.999051 0.0435533 0
    outer loop
      vertex 21.0114 22.5115 93
      vertex 21 22.25 50.5
      vertex 21 22.25 93
    endloop
  endfacet
  facet normal -0.130712 -0.99142 0
    outer loop
      vertex 23.4791 -25.2044 31
      vertex 23.7385 -25.2386 93
      vertex 23.4791 -25.2044 93
    endloop
  endfacet
  facet normal -0.130712 -0.99142 -0
    outer loop
      vertex 23.7385 -25.2386 93
      vertex 23.4791 -25.2044 31
      vertex 23.7385 -25.2386 31
    endloop
  endfacet
  facet normal -0.99142 -0.130712 0
    outer loop
      vertex 21.0456 -22.7709 50.5
      vertex 21.0114 -22.5115 93
      vertex 21.0114 -22.5115 50.5
    endloop
  endfacet
  facet normal -0.99142 -0.130712 0
    outer loop
      vertex 21.0114 -22.5115 93
      vertex 21.0456 -22.7709 50.5
      vertex 21.0456 -22.7709 93
    endloop
  endfacet
  facet normal -0.737202 -0.675673 0
    outer loop
      vertex 21.8787 -24.3713 31
      vertex 21.7019 -24.1784 93
      vertex 21.7019 -24.1784 31
    endloop
  endfacet
  facet normal -0.737202 -0.675673 0
    outer loop
      vertex 21.7019 -24.1784 93
      vertex 21.8787 -24.3713 31
      vertex 21.8787 -24.3713 93
    endloop
  endfacet
  facet normal -0.976372 -0.216098 0
    outer loop
      vertex 21.0582 -22.8277 31
      vertex 21.1022 -23.0265 31
      vertex 21.0582 -22.8277 50.5
    endloop
  endfacet
  facet normal -0.976268 -0.216566 0
    outer loop
      vertex 21.0582 -22.8277 50.5
      vertex 21.0456 -22.7709 93
      vertex 21.0456 -22.7709 50.5
    endloop
  endfacet
  facet normal -0.976372 -0.216098 -0
    outer loop
      vertex 21.1022 -23.0265 93
      vertex 21.0582 -22.8277 50.5
      vertex 21.1022 -23.0265 31
    endloop
  endfacet
  facet normal -0.976349 -0.216202 -5.10509e-07
    outer loop
      vertex 21.0582 -22.8277 50.5
      vertex 21.1022 -23.0265 93
      vertex 21.0456 -22.7709 93
    endloop
  endfacet
  facet normal 0.537296 0.843394 -0
    outer loop
      vertex 26.7207 24.7075 31
      vertex 26.5 24.8481 93
      vertex 26.7207 24.7075 93
    endloop
  endfacet
  facet normal 0.537296 0.843394 0
    outer loop
      vertex 26.5 24.8481 93
      vertex 26.7207 24.7075 31
      vertex 26.5 24.8481 31
    endloop
  endfacet
  facet normal -0.461678 0.887048 0
    outer loop
      vertex 22.7321 24.9689 31
      vertex 22.5 24.8481 93
      vertex 22.7321 24.9689 93
    endloop
  endfacet
  facet normal -0.461678 0.887048 0
    outer loop
      vertex 22.5 24.8481 93
      vertex 22.7321 24.9689 31
      vertex 22.5 24.8481 31
    endloop
  endfacet
  facet normal 1 -0 0
    outer loop
      vertex 28 4.69846 49.4501
      vertex 28 22.25 31
      vertex 28 22.25 93
    endloop
  endfacet
  facet normal 1 0 0
    outer loop
      vertex 28 22.25 31
      vertex 28 4.98097 48.1758
      vertex 28 5 47.74
    endloop
  endfacet
  facet normal 1 0 0
    outer loop
      vertex 28 22.25 31
      vertex 28 4.92404 48.6082
      vertex 28 4.98097 48.1758
    endloop
  endfacet
  facet normal 1 0 0
    outer loop
      vertex 28 22.25 31
      vertex 28 4.82963 49.0341
      vertex 28 4.92404 48.6082
    endloop
  endfacet
  facet normal 1 0 0
    outer loop
      vertex 28 22.25 31
      vertex 28 4.69846 49.4501
      vertex 28 4.82963 49.0341
    endloop
  endfacet
  facet normal 1 0 0
    outer loop
      vertex 28 22.25 93
      vertex 28 4.53154 49.8531
      vertex 28 4.69846 49.4501
    endloop
  endfacet
  facet normal 1 0 0
    outer loop
      vertex 28 22.25 93
      vertex 28 4.33013 50.24
      vertex 28 4.53154 49.8531
    endloop
  endfacet
  facet normal 1 0 0
    outer loop
      vertex 28 22.25 93
      vertex 28 4.09576 50.6079
      vertex 28 4.33013 50.24
    endloop
  endfacet
  facet normal 1 0 0
    outer loop
      vertex 28 22.25 93
      vertex 28 3.83022 50.9539
      vertex 28 4.09576 50.6079
    endloop
  endfacet
  facet normal 1 0 0
    outer loop
      vertex 28 22.25 93
      vertex 28 3.53553 51.2755
      vertex 28 3.83022 50.9539
    endloop
  endfacet
  facet normal 1 0 0
    outer loop
      vertex 28 22.25 93
      vertex 28 3.21394 51.5702
      vertex 28 3.53553 51.2755
    endloop
  endfacet
  facet normal 1 0 0
    outer loop
      vertex 28 22.25 93
      vertex 28 2.86788 51.8358
      vertex 28 3.21394 51.5702
    endloop
  endfacet
  facet normal 1 0 0
    outer loop
      vertex 28 22.25 93
      vertex 28 2.5 52.0701
      vertex 28 2.86788 51.8358
    endloop
  endfacet
  facet normal 1 0 0
    outer loop
      vertex 28 22.25 93
      vertex 28 2.11309 52.2715
      vertex 28 2.5 52.0701
    endloop
  endfacet
  facet normal 1 0 0
    outer loop
      vertex 28 22.25 93
      vertex 28 1.7101 52.4385
      vertex 28 2.11309 52.2715
    endloop
  endfacet
  facet normal 1 0 0
    outer loop
      vertex 28 22.25 93
      vertex 28 1.2941 52.5696
      vertex 28 1.7101 52.4385
    endloop
  endfacet
  facet normal 1 0 0
    outer loop
      vertex 28 22.25 93
      vertex 28 0.86824 52.664
      vertex 28 1.2941 52.5696
    endloop
  endfacet
  facet normal 1 0 0
    outer loop
      vertex 28 22.25 93
      vertex 28 0.435779 52.721
      vertex 28 0.86824 52.664
    endloop
  endfacet
  facet normal 1 0 0
    outer loop
      vertex 28 22.25 93
      vertex 28 0 52.74
      vertex 28 0.435779 52.721
    endloop
  endfacet
  facet normal 1 -0 0
    outer loop
      vertex 28 -22.25 93
      vertex 28 0 52.74
      vertex 28 22.25 93
    endloop
  endfacet
  facet normal 1 0 0
    outer loop
      vertex 28 0 52.74
      vertex 28 -22.25 93
      vertex 28 -0.435779 52.721
    endloop
  endfacet
  facet normal 1 0 0
    outer loop
      vertex 28 -0.435779 52.721
      vertex 28 -22.25 93
      vertex 28 -0.86824 52.664
    endloop
  endfacet
  facet normal 1 0 0
    outer loop
      vertex 28 -0.86824 52.664
      vertex 28 -22.25 93
      vertex 28 -1.2941 52.5696
    endloop
  endfacet
  facet normal 1 0 0
    outer loop
      vertex 28 -1.2941 52.5696
      vertex 28 -22.25 93
      vertex 28 -1.7101 52.4385
    endloop
  endfacet
  facet normal 1 0 0
    outer loop
      vertex 28 -1.7101 52.4385
      vertex 28 -22.25 93
      vertex 28 -2.11309 52.2715
    endloop
  endfacet
  facet normal 1 0 0
    outer loop
      vertex 28 -2.11309 52.2715
      vertex 28 -22.25 93
      vertex 28 -2.5 52.0701
    endloop
  endfacet
  facet normal 1 0 0
    outer loop
      vertex 28 -2.5 52.0701
      vertex 28 -22.25 93
      vertex 28 -2.86788 51.8358
    endloop
  endfacet
  facet normal 1 0 0
    outer loop
      vertex 28 -2.86788 51.8358
      vertex 28 -22.25 93
      vertex 28 -3.21394 51.5702
    endloop
  endfacet
  facet normal 1 0 0
    outer loop
      vertex 28 -3.21394 51.5702
      vertex 28 -22.25 93
      vertex 28 -3.53553 51.2755
    endloop
  endfacet
  facet normal 1 0 0
    outer loop
      vertex 28 -3.53553 51.2755
      vertex 28 -22.25 93
      vertex 28 -3.83022 50.9539
    endloop
  endfacet
  facet normal 1 0 0
    outer loop
      vertex 28 -3.83022 50.9539
      vertex 28 -22.25 93
      vertex 28 -4.09576 50.6079
    endloop
  endfacet
  facet normal 1 0 0
    outer loop
      vertex 28 -4.92404 48.6082
      vertex 28 -22.25 31
      vertex 28 -4.98097 48.1758
    endloop
  endfacet
  facet normal 1 0 0
    outer loop
      vertex 28 -4.82963 49.0341
      vertex 28 -22.25 31
      vertex 28 -4.92404 48.6082
    endloop
  endfacet
  facet normal 1 0 0
    outer loop
      vertex 28 -4.69846 49.4501
      vertex 28 -22.25 31
      vertex 28 -4.82963 49.0341
    endloop
  endfacet
  facet normal 1 0 0
    outer loop
      vertex 28 -22.25 31
      vertex 28 -4.69846 49.4501
      vertex 28 -22.25 93
    endloop
  endfacet
  facet normal 1 0 0
    outer loop
      vertex 28 -4.53154 49.8531
      vertex 28 -22.25 93
      vertex 28 -4.69846 49.4501
    endloop
  endfacet
  facet normal 1 0 0
    outer loop
      vertex 28 -4.33013 50.24
      vertex 28 -22.25 93
      vertex 28 -4.53154 49.8531
    endloop
  endfacet
  facet normal 1 0 0
    outer loop
      vertex 28 -4.09576 50.6079
      vertex 28 -22.25 93
      vertex 28 -4.33013 50.24
    endloop
  endfacet
  facet normal 1 -0 0
    outer loop
      vertex 28 4.98097 47.3042
      vertex 28 22.25 31
      vertex 28 5 47.74
    endloop
  endfacet
  facet normal 1 -0 0
    outer loop
      vertex 28 4.92404 46.8718
      vertex 28 22.25 31
      vertex 28 4.98097 47.3042
    endloop
  endfacet
  facet normal 1 -0 0
    outer loop
      vertex 28 4.82963 46.4459
      vertex 28 22.25 31
      vertex 28 4.92404 46.8718
    endloop
  endfacet
  facet normal 1 -0 0
    outer loop
      vertex 28 4.69846 46.0299
      vertex 28 22.25 31
      vertex 28 4.82963 46.4459
    endloop
  endfacet
  facet normal 1 -0 0
    outer loop
      vertex 28 4.53154 45.6269
      vertex 28 22.25 31
      vertex 28 4.69846 46.0299
    endloop
  endfacet
  facet normal 1 -0 0
    outer loop
      vertex 28 4.33013 45.24
      vertex 28 22.25 31
      vertex 28 4.53154 45.6269
    endloop
  endfacet
  facet normal 1 -0 0
    outer loop
      vertex 28 4.09576 44.8721
      vertex 28 22.25 31
      vertex 28 4.33013 45.24
    endloop
  endfacet
  facet normal 1 -0 0
    outer loop
      vertex 28 3.83022 44.5261
      vertex 28 22.25 31
      vertex 28 4.09576 44.8721
    endloop
  endfacet
  facet normal 1 -0 0
    outer loop
      vertex 28 3.53553 44.2045
      vertex 28 22.25 31
      vertex 28 3.83022 44.5261
    endloop
  endfacet
  facet normal 1 -0 0
    outer loop
      vertex 28 3.21394 43.9098
      vertex 28 22.25 31
      vertex 28 3.53553 44.2045
    endloop
  endfacet
  facet normal 1 -0 0
    outer loop
      vertex 28 2.86788 43.6442
      vertex 28 22.25 31
      vertex 28 3.21394 43.9098
    endloop
  endfacet
  facet normal 1 -0 0
    outer loop
      vertex 28 2.5 43.4099
      vertex 28 22.25 31
      vertex 28 2.86788 43.6442
    endloop
  endfacet
  facet normal 1 -0 0
    outer loop
      vertex 28 2.11309 43.2085
      vertex 28 22.25 31
      vertex 28 2.5 43.4099
    endloop
  endfacet
  facet normal 1 -0 0
    outer loop
      vertex 28 1.7101 43.0415
      vertex 28 22.25 31
      vertex 28 2.11309 43.2085
    endloop
  endfacet
  facet normal 1 -0 0
    outer loop
      vertex 28 1.2941 42.9104
      vertex 28 22.25 31
      vertex 28 1.7101 43.0415
    endloop
  endfacet
  facet normal 1 -0 0
    outer loop
      vertex 28 0.86824 42.816
      vertex 28 22.25 31
      vertex 28 1.2941 42.9104
    endloop
  endfacet
  facet normal 1 -0 0
    outer loop
      vertex 28 0.435779 42.759
      vertex 28 22.25 31
      vertex 28 0.86824 42.816
    endloop
  endfacet
  facet normal 1 -0 0
    outer loop
      vertex 28 0 42.74
      vertex 28 22.25 31
      vertex 28 0.435779 42.759
    endloop
  endfacet
  facet normal 1 0 0
    outer loop
      vertex 28 -22.25 31
      vertex 28 0 42.74
      vertex 28 -0.435779 42.759
    endloop
  endfacet
  facet normal 1 0 0
    outer loop
      vertex 28 -22.25 31
      vertex 28 -0.435779 42.759
      vertex 28 -0.86824 42.816
    endloop
  endfacet
  facet normal 1 0 0
    outer loop
      vertex 28 -22.25 31
      vertex 28 -0.86824 42.816
      vertex 28 -1.2941 42.9104
    endloop
  endfacet
  facet normal 1 0 0
    outer loop
      vertex 28 -22.25 31
      vertex 28 -1.2941 42.9104
      vertex 28 -1.7101 43.0415
    endloop
  endfacet
  facet normal 1 0 0
    outer loop
      vertex 28 -22.25 31
      vertex 28 -1.7101 43.0415
      vertex 28 -2.11309 43.2085
    endloop
  endfacet
  facet normal 1 0 0
    outer loop
      vertex 28 -4.98097 48.1758
      vertex 28 -22.25 31
      vertex 28 -5 47.74
    endloop
  endfacet
  facet normal 1 0 0
    outer loop
      vertex 28 -5 47.74
      vertex 28 -22.25 31
      vertex 28 -4.98097 47.3042
    endloop
  endfacet
  facet normal 1 0 0
    outer loop
      vertex 28 -4.98097 47.3042
      vertex 28 -22.25 31
      vertex 28 -4.92404 46.8718
    endloop
  endfacet
  facet normal 1 0 0
    outer loop
      vertex 28 -4.92404 46.8718
      vertex 28 -22.25 31
      vertex 28 -4.82963 46.4459
    endloop
  endfacet
  facet normal 1 0 0
    outer loop
      vertex 28 0 42.74
      vertex 28 -22.25 31
      vertex 28 22.25 31
    endloop
  endfacet
  facet normal 1 0 0
    outer loop
      vertex 28 -2.5 43.4099
      vertex 28 -22.25 31
      vertex 28 -2.11309 43.2085
    endloop
  endfacet
  facet normal 1 0 0
    outer loop
      vertex 28 -2.86788 43.6442
      vertex 28 -22.25 31
      vertex 28 -2.5 43.4099
    endloop
  endfacet
  facet normal 1 0 0
    outer loop
      vertex 28 -3.21394 43.9098
      vertex 28 -22.25 31
      vertex 28 -2.86788 43.6442
    endloop
  endfacet
  facet normal 1 0 0
    outer loop
      vertex 28 -3.53553 44.2045
      vertex 28 -22.25 31
      vertex 28 -3.21394 43.9098
    endloop
  endfacet
  facet normal 1 0 0
    outer loop
      vertex 28 -3.83022 44.5261
      vertex 28 -22.25 31
      vertex 28 -3.53553 44.2045
    endloop
  endfacet
  facet normal 1 0 0
    outer loop
      vertex 28 -4.09576 44.8721
      vertex 28 -22.25 31
      vertex 28 -3.83022 44.5261
    endloop
  endfacet
  facet normal 1 0 0
    outer loop
      vertex 28 -4.33013 45.24
      vertex 28 -22.25 31
      vertex 28 -4.09576 44.8721
    endloop
  endfacet
  facet normal 1 0 0
    outer loop
      vertex 28 -4.53154 45.6269
      vertex 28 -22.25 31
      vertex 28 -4.33013 45.24
    endloop
  endfacet
  facet normal 1 0 0
    outer loop
      vertex 28 -4.69846 46.0299
      vertex 28 -22.25 31
      vertex 28 -4.53154 45.6269
    endloop
  endfacet
  facet normal 1 0 0
    outer loop
      vertex 28 -4.82963 46.4459
      vertex 28 -22.25 31
      vertex 28 -4.69846 46.0299
    endloop
  endfacet
  facet normal 0.675673 -0.737202 0
    outer loop
      vertex 26.9284 -24.5481 31
      vertex 27.1213 -24.3713 93
      vertex 26.9284 -24.5481 93
    endloop
  endfacet
  facet normal 0.675673 -0.737202 0
    outer loop
      vertex 27.1213 -24.3713 93
      vertex 26.9284 -24.5481 31
      vertex 27.1213 -24.3713 31
    endloop
  endfacet
  facet normal 0 1 -0
    outer loop
      vertex 25 25.25 31
      vertex 24 25.25 93
      vertex 25 25.25 93
    endloop
  endfacet
  facet normal 0 1 0
    outer loop
      vertex 24 25.25 93
      vertex 25 25.25 31
      vertex 24 25.25 31
    endloop
  endfacet
  facet normal 0.887048 -0.461678 0
    outer loop
      vertex 27.5981 -23.75 93
      vertex 27.7189 -23.5179 31
      vertex 27.7189 -23.5179 93
    endloop
  endfacet
  facet normal 0.887048 -0.461678 0
    outer loop
      vertex 27.7189 -23.5179 31
      vertex 27.5981 -23.75 93
      vertex 27.5981 -23.75 31
    endloop
  endfacet
  facet normal -0.382824 -0.923821 0
    outer loop
      vertex 22.7321 -24.9689 31
      vertex 22.9739 -25.0691 93
      vertex 22.7321 -24.9689 93
    endloop
  endfacet
  facet normal -0.382824 -0.923821 -0
    outer loop
      vertex 22.9739 -25.0691 93
      vertex 22.7321 -24.9689 31
      vertex 22.9739 -25.0691 31
    endloop
  endfacet
  facet normal 0.953715 -0.300711 0
    outer loop
      vertex 27.8191 -23.2761 93
      vertex 27.8978 -23.0265 31
      vertex 27.8978 -23.0265 93
    endloop
  endfacet
  facet normal 0.953715 -0.300711 0
    outer loop
      vertex 27.8978 -23.0265 31
      vertex 27.8191 -23.2761 93
      vertex 27.8191 -23.2761 31
    endloop
  endfacet
  facet normal -0.793305 -0.608824 0
    outer loop
      vertex 21.7019 -24.1784 31
      vertex 21.5425 -23.9707 93
      vertex 21.5425 -23.9707 31
    endloop
  endfacet
  facet normal -0.793305 -0.608824 0
    outer loop
      vertex 21.5425 -23.9707 93
      vertex 21.7019 -24.1784 31
      vertex 21.7019 -24.1784 93
    endloop
  endfacet
  facet normal 0.737202 0.675673 0
    outer loop
      vertex 27.2981 24.1784 93
      vertex 27.1213 24.3713 31
      vertex 27.1213 24.3713 93
    endloop
  endfacet
  facet normal 0.737202 0.675673 0
    outer loop
      vertex 27.1213 24.3713 31
      vertex 27.2981 24.1784 93
      vertex 27.2981 24.1784 31
    endloop
  endfacet
  facet normal -0.675673 -0.737202 0
    outer loop
      vertex 21.8787 -24.3713 31
      vertex 22.0716 -24.5481 93
      vertex 21.8787 -24.3713 93
    endloop
  endfacet
  facet normal -0.675673 -0.737202 -0
    outer loop
      vertex 22.0716 -24.5481 93
      vertex 21.8787 -24.3713 31
      vertex 22.0716 -24.5481 31
    endloop
  endfacet
  facet normal 0.999051 0.0435533 0
    outer loop
      vertex 28 22.25 93
      vertex 27.9886 22.5115 31
      vertex 27.9886 22.5115 93
    endloop
  endfacet
  facet normal 0.999051 0.0435533 0
    outer loop
      vertex 27.9886 22.5115 31
      vertex 28 22.25 93
      vertex 28 22.25 31
    endloop
  endfacet
  facet normal -0.0435533 -0.999051 0
    outer loop
      vertex 23.7385 -25.2386 31
      vertex 24 -25.25 93
      vertex 23.7385 -25.2386 93
    endloop
  endfacet
  facet normal -0.0435533 -0.999051 -0
    outer loop
      vertex 24 -25.25 93
      vertex 23.7385 -25.2386 31
      vertex 24 -25.25 31
    endloop
  endfacet
  facet normal -0.923821 0.382824 0
    outer loop
      vertex 21.1809 23.2761 31
      vertex 21.2811 23.5179 93
      vertex 21.2811 23.5179 31
    endloop
  endfacet
  facet normal -0.923821 0.382824 0
    outer loop
      vertex 21.2811 23.5179 93
      vertex 21.1809 23.2761 31
      vertex 21.1809 23.2761 93
    endloop
  endfacet
  facet normal 0.130712 0.99142 -0
    outer loop
      vertex 25.5209 25.2044 31
      vertex 25.2615 25.2386 93
      vertex 25.5209 25.2044 93
    endloop
  endfacet
  facet normal 0.130712 0.99142 0
    outer loop
      vertex 25.2615 25.2386 93
      vertex 25.5209 25.2044 31
      vertex 25.2615 25.2386 31
    endloop
  endfacet
  facet normal -0.0435533 0.999051 0
    outer loop
      vertex 24 25.25 31
      vertex 23.7385 25.2386 93
      vertex 24 25.25 93
    endloop
  endfacet
  facet normal -0.0435533 0.999051 0
    outer loop
      vertex 23.7385 25.2386 93
      vertex 24 25.25 31
      vertex 23.7385 25.2386 31
    endloop
  endfacet
  facet normal 0.0435533 -0.999051 0
    outer loop
      vertex 25 -25.25 31
      vertex 25.2615 -25.2386 93
      vertex 25 -25.25 93
    endloop
  endfacet
  facet normal 0.0435533 -0.999051 0
    outer loop
      vertex 25.2615 -25.2386 93
      vertex 25 -25.25 31
      vertex 25.2615 -25.2386 31
    endloop
  endfacet
  facet normal 0.130712 -0.99142 0
    outer loop
      vertex 25.2615 -25.2386 31
      vertex 25.5209 -25.2044 93
      vertex 25.2615 -25.2386 93
    endloop
  endfacet
  facet normal 0.130712 -0.99142 0
    outer loop
      vertex 25.5209 -25.2044 93
      vertex 25.2615 -25.2386 31
      vertex 25.5209 -25.2044 31
    endloop
  endfacet
  facet normal 0.99142 -0.130712 0
    outer loop
      vertex 27.9544 -22.7709 93
      vertex 27.9886 -22.5115 31
      vertex 27.9886 -22.5115 93
    endloop
  endfacet
  facet normal 0.99142 -0.130712 0
    outer loop
      vertex 27.9886 -22.5115 31
      vertex 27.9544 -22.7709 93
      vertex 27.9544 -22.7709 31
    endloop
  endfacet
  facet normal -0.608824 -0.793305 0
    outer loop
      vertex 22.0716 -24.5481 31
      vertex 22.2793 -24.7075 93
      vertex 22.0716 -24.5481 93
    endloop
  endfacet
  facet normal -0.608824 -0.793305 -0
    outer loop
      vertex 22.2793 -24.7075 93
      vertex 22.0716 -24.5481 31
      vertex 22.2793 -24.7075 31
    endloop
  endfacet
  facet normal -0.737202 0.675673 0
    outer loop
      vertex 21.7019 24.1784 31
      vertex 21.8787 24.3713 93
      vertex 21.8787 24.3713 31
    endloop
  endfacet
  facet normal -0.737202 0.675673 0
    outer loop
      vertex 21.8787 24.3713 93
      vertex 21.7019 24.1784 31
      vertex 21.7019 24.1784 93
    endloop
  endfacet
  facet normal -0.887048 -0.461678 0
    outer loop
      vertex 21.4019 -23.75 31
      vertex 21.2811 -23.5179 93
      vertex 21.2811 -23.5179 31
    endloop
  endfacet
  facet normal -0.887048 -0.461678 0
    outer loop
      vertex 21.2811 -23.5179 93
      vertex 21.4019 -23.75 31
      vertex 21.4019 -23.75 93
    endloop
  endfacet
  facet normal -0.953715 0.300711 0
    outer loop
      vertex 21.1022 23.0265 31
      vertex 21.1809 23.2761 93
      vertex 21.1809 23.2761 31
    endloop
  endfacet
  facet normal -0.953715 0.300711 0
    outer loop
      vertex 21.1809 23.2761 93
      vertex 21.1022 23.0265 31
      vertex 21.1022 23.0265 93
    endloop
  endfacet
  facet normal 0.300711 -0.953715 0
    outer loop
      vertex 25.7765 -25.1478 31
      vertex 26.0261 -25.0691 93
      vertex 25.7765 -25.1478 93
    endloop
  endfacet
  facet normal 0.300711 -0.953715 0
    outer loop
      vertex 26.0261 -25.0691 93
      vertex 25.7765 -25.1478 31
      vertex 26.0261 -25.0691 31
    endloop
  endfacet
  facet normal -0.923821 -0.382824 0
    outer loop
      vertex 21.2811 -23.5179 31
      vertex 21.1809 -23.2761 93
      vertex 21.1809 -23.2761 31
    endloop
  endfacet
  facet normal -0.923821 -0.382824 0
    outer loop
      vertex 21.1809 -23.2761 93
      vertex 21.2811 -23.5179 31
      vertex 21.2811 -23.5179 93
    endloop
  endfacet
  facet normal -0.216202 -0.976349 0
    outer loop
      vertex 23.2235 -25.1478 31
      vertex 23.4791 -25.2044 93
      vertex 23.2235 -25.1478 93
    endloop
  endfacet
  facet normal -0.216202 -0.976349 -0
    outer loop
      vertex 23.4791 -25.2044 93
      vertex 23.2235 -25.1478 31
      vertex 23.4791 -25.2044 31
    endloop
  endfacet
  facet normal -0.130712 0.99142 0
    outer loop
      vertex 23.7385 25.2386 31
      vertex 23.4791 25.2044 93
      vertex 23.7385 25.2386 93
    endloop
  endfacet
  facet normal -0.130712 0.99142 0
    outer loop
      vertex 23.4791 25.2044 93
      vertex 23.7385 25.2386 31
      vertex 23.4791 25.2044 31
    endloop
  endfacet
  facet normal 0.608824 -0.793305 0
    outer loop
      vertex 26.7207 -24.7075 31
      vertex 26.9284 -24.5481 93
      vertex 26.7207 -24.7075 93
    endloop
  endfacet
  facet normal 0.608824 -0.793305 0
    outer loop
      vertex 26.9284 -24.5481 93
      vertex 26.7207 -24.7075 31
      vertex 26.9284 -24.5481 31
    endloop
  endfacet
  facet normal 0.737202 -0.675673 0
    outer loop
      vertex 27.1213 -24.3713 93
      vertex 27.2981 -24.1784 31
      vertex 27.2981 -24.1784 93
    endloop
  endfacet
  facet normal 0.737202 -0.675673 0
    outer loop
      vertex 27.2981 -24.1784 31
      vertex 27.1213 -24.3713 93
      vertex 27.1213 -24.3713 31
    endloop
  endfacet
  facet normal -0.793305 0.608824 0
    outer loop
      vertex 21.5425 23.9707 31
      vertex 21.7019 24.1784 93
      vertex 21.7019 24.1784 31
    endloop
  endfacet
  facet normal -0.793305 0.608824 0
    outer loop
      vertex 21.7019 24.1784 93
      vertex 21.5425 23.9707 31
      vertex 21.5425 23.9707 93
    endloop
  endfacet
  facet normal -0.843394 -0.537296 0
    outer loop
      vertex 21.5425 -23.9707 31
      vertex 21.4019 -23.75 93
      vertex 21.4019 -23.75 31
    endloop
  endfacet
  facet normal -0.843394 -0.537296 0
    outer loop
      vertex 21.4019 -23.75 93
      vertex 21.5425 -23.9707 31
      vertex 21.5425 -23.9707 93
    endloop
  endfacet
  facet normal -0.216202 0.976349 0
    outer loop
      vertex 23.4791 25.2044 31
      vertex 23.2235 25.1478 93
      vertex 23.4791 25.2044 93
    endloop
  endfacet
  facet normal -0.216202 0.976349 0
    outer loop
      vertex 23.2235 25.1478 93
      vertex 23.4791 25.2044 31
      vertex 23.2235 25.1478 31
    endloop
  endfacet
  facet normal 0.461678 0.887048 -0
    outer loop
      vertex 26.5 24.8481 31
      vertex 26.2679 24.9689 93
      vertex 26.5 24.8481 93
    endloop
  endfacet
  facet normal 0.461678 0.887048 0
    outer loop
      vertex 26.2679 24.9689 93
      vertex 26.5 24.8481 31
      vertex 26.2679 24.9689 31
    endloop
  endfacet
  facet normal -0.537296 -0.843394 0
    outer loop
      vertex 22.2793 -24.7075 31
      vertex 22.5 -24.8481 93
      vertex 22.2793 -24.7075 93
    endloop
  endfacet
  facet normal -0.537296 -0.843394 -0
    outer loop
      vertex 22.5 -24.8481 93
      vertex 22.2793 -24.7075 31
      vertex 22.5 -24.8481 31
    endloop
  endfacet
  facet normal -0.99142 0.130712 0
    outer loop
      vertex 21.0114 22.5115 50.5
      vertex 21.0456 22.7709 93
      vertex 21.0456 22.7709 50.5
    endloop
  endfacet
  facet normal -0.99142 0.130712 0
    outer loop
      vertex 21.0456 22.7709 93
      vertex 21.0114 22.5115 50.5
      vertex 21.0114 22.5115 93
    endloop
  endfacet
  facet normal 0.793305 -0.608824 0
    outer loop
      vertex 27.2981 -24.1784 93
      vertex 27.4575 -23.9707 31
      vertex 27.4575 -23.9707 93
    endloop
  endfacet
  facet normal 0.793305 -0.608824 0
    outer loop
      vertex 27.4575 -23.9707 31
      vertex 27.2981 -24.1784 93
      vertex 27.2981 -24.1784 31
    endloop
  endfacet
  facet normal 0.461678 -0.887048 0
    outer loop
      vertex 26.2679 -24.9689 31
      vertex 26.5 -24.8481 93
      vertex 26.2679 -24.9689 93
    endloop
  endfacet
  facet normal 0.461678 -0.887048 0
    outer loop
      vertex 26.5 -24.8481 93
      vertex 26.2679 -24.9689 31
      vertex 26.5 -24.8481 31
    endloop
  endfacet
  facet normal -0.887048 0.461678 0
    outer loop
      vertex 21.2811 23.5179 31
      vertex 21.4019 23.75 93
      vertex 21.4019 23.75 31
    endloop
  endfacet
  facet normal -0.887048 0.461678 0
    outer loop
      vertex 21.4019 23.75 93
      vertex 21.2811 23.5179 31
      vertex 21.2811 23.5179 93
    endloop
  endfacet
  facet normal 0.976349 0.216202 0
    outer loop
      vertex 27.9544 22.7709 93
      vertex 27.8978 23.0265 31
      vertex 27.8978 23.0265 93
    endloop
  endfacet
  facet normal 0.976349 0.216202 0
    outer loop
      vertex 27.8978 23.0265 31
      vertex 27.9544 22.7709 93
      vertex 27.9544 22.7709 31
    endloop
  endfacet
  facet normal -0.843394 0.537296 0
    outer loop
      vertex 21.4019 23.75 31
      vertex 21.5425 23.9707 93
      vertex 21.5425 23.9707 31
    endloop
  endfacet
  facet normal -0.843394 0.537296 0
    outer loop
      vertex 21.5425 23.9707 93
      vertex 21.4019 23.75 31
      vertex 21.4019 23.75 93
    endloop
  endfacet
  facet normal -0.300711 -0.953715 0
    outer loop
      vertex 22.9739 -25.0691 31
      vertex 23.2235 -25.1478 93
      vertex 22.9739 -25.0691 93
    endloop
  endfacet
  facet normal -0.300711 -0.953715 -0
    outer loop
      vertex 23.2235 -25.1478 93
      vertex 22.9739 -25.0691 31
      vertex 23.2235 -25.1478 31
    endloop
  endfacet
  facet normal 0 0 -1
    outer loop
      vertex 21.8637 -21.2853 31
      vertex 28 -22.25 31
      vertex 27.9886 -22.5115 31
    endloop
  endfacet
  facet normal 0 0 -1
    outer loop
      vertex 28 -22.25 31
      vertex 22 -20.25 31
      vertex 28 22.25 31
    endloop
  endfacet
  facet normal 0 0 -1
    outer loop
      vertex 21.8637 -21.2853 31
      vertex 27.9886 -22.5115 31
      vertex 27.9544 -22.7709 31
    endloop
  endfacet
  facet normal 0 0 -1
    outer loop
      vertex 22 20.25 31
      vertex 28 22.25 31
      vertex 22 -20.25 31
    endloop
  endfacet
  facet normal 0 0 -1
    outer loop
      vertex 21.8637 -21.2853 31
      vertex 27.9544 -22.7709 31
      vertex 27.8978 -23.0265 31
    endloop
  endfacet
  facet normal 0 0 -1
    outer loop
      vertex 21.9848 20.5986 31
      vertex 28 22.25 31
      vertex 22 20.25 31
    endloop
  endfacet
  facet normal 0 0 -1
    outer loop
      vertex 21.8637 -21.2853 31
      vertex 27.8978 -23.0265 31
      vertex 27.8191 -23.2761 31
    endloop
  endfacet
  facet normal 0 0 -1
    outer loop
      vertex 21.9392 20.9446 31
      vertex 28 22.25 31
      vertex 21.9848 20.5986 31
    endloop
  endfacet
  facet normal 0 0 -1
    outer loop
      vertex 21.8637 -21.2853 31
      vertex 27.8191 -23.2761 31
      vertex 27.7189 -23.5179 31
    endloop
  endfacet
  facet normal 0 0 -1
    outer loop
      vertex 21.8637 21.2853 31
      vertex 28 22.25 31
      vertex 21.9392 20.9446 31
    endloop
  endfacet
  facet normal 0 0 -1
    outer loop
      vertex 21.8637 -21.2853 31
      vertex 27.7189 -23.5179 31
      vertex 27.5981 -23.75 31
    endloop
  endfacet
  facet normal -0 0 -1
    outer loop
      vertex 28 22.25 31
      vertex 21.8637 21.2853 31
      vertex 27.9886 22.5115 31
    endloop
  endfacet
  facet normal 0 0 -1
    outer loop
      vertex 21.8637 -21.2853 31
      vertex 27.5981 -23.75 31
      vertex 27.4575 -23.9707 31
    endloop
  endfacet
  facet normal -0 0 -1
    outer loop
      vertex 27.9886 22.5115 31
      vertex 21.8637 21.2853 31
      vertex 27.9544 22.7709 31
    endloop
  endfacet
  facet normal 0 0 -1
    outer loop
      vertex 21.8637 -21.2853 31
      vertex 27.4575 -23.9707 31
      vertex 27.2981 -24.1784 31
    endloop
  endfacet
  facet normal -0 0 -1
    outer loop
      vertex 27.9544 22.7709 31
      vertex 21.8637 21.2853 31
      vertex 27.8978 23.0265 31
    endloop
  endfacet
  facet normal 0 0 -1
    outer loop
      vertex 21.8637 -21.2853 31
      vertex 27.2981 -24.1784 31
      vertex 27.1213 -24.3713 31
    endloop
  endfacet
  facet normal -0 0 -1
    outer loop
      vertex 27.8978 23.0265 31
      vertex 21.8637 21.2853 31
      vertex 27.8191 23.2761 31
    endloop
  endfacet
  facet normal 0 0 -1
    outer loop
      vertex 21.8637 -21.2853 31
      vertex 27.1213 -24.3713 31
      vertex 26.9284 -24.5481 31
    endloop
  endfacet
  facet normal -0 0 -1
    outer loop
      vertex 27.8191 23.2761 31
      vertex 21.8637 21.2853 31
      vertex 27.7189 23.5179 31
    endloop
  endfacet
  facet normal 0 0 -1
    outer loop
      vertex 21.8637 -21.2853 31
      vertex 26.9284 -24.5481 31
      vertex 26.7207 -24.7075 31
    endloop
  endfacet
  facet normal -0 0 -1
    outer loop
      vertex 27.7189 23.5179 31
      vertex 21.8637 21.2853 31
      vertex 27.5981 23.75 31
    endloop
  endfacet
  facet normal 0 0 -1
    outer loop
      vertex 21.8637 -21.2853 31
      vertex 26.7207 -24.7075 31
      vertex 26.5 -24.8481 31
    endloop
  endfacet
  facet normal -0 0 -1
    outer loop
      vertex 27.5981 23.75 31
      vertex 21.8637 21.2853 31
      vertex 27.4575 23.9707 31
    endloop
  endfacet
  facet normal 0 0 -1
    outer loop
      vertex 21.8637 -21.2853 31
      vertex 26.5 -24.8481 31
      vertex 26.2679 -24.9689 31
    endloop
  endfacet
  facet normal -0 0 -1
    outer loop
      vertex 27.4575 23.9707 31
      vertex 21.8637 21.2853 31
      vertex 27.2981 24.1784 31
    endloop
  endfacet
  facet normal 0 0 -1
    outer loop
      vertex 21.8637 -21.2853 31
      vertex 26.2679 -24.9689 31
      vertex 26.0261 -25.0691 31
    endloop
  endfacet
  facet normal -0 0 -1
    outer loop
      vertex 27.2981 24.1784 31
      vertex 21.8637 21.2853 31
      vertex 27.1213 24.3713 31
    endloop
  endfacet
  facet normal 0 0 -1
    outer loop
      vertex 21.8637 -21.2853 31
      vertex 26.0261 -25.0691 31
      vertex 25.7765 -25.1478 31
    endloop
  endfacet
  facet normal -0 0 -1
    outer loop
      vertex 27.1213 24.3713 31
      vertex 21.8637 21.2853 31
      vertex 26.9284 24.5481 31
    endloop
  endfacet
  facet normal 0 0 -1
    outer loop
      vertex 21.8637 -21.2853 31
      vertex 25.7765 -25.1478 31
      vertex 25.5209 -25.2044 31
    endloop
  endfacet
  facet normal -0 0 -1
    outer loop
      vertex 26.9284 24.5481 31
      vertex 21.8637 21.2853 31
      vertex 26.7207 24.7075 31
    endloop
  endfacet
  facet normal 0 0 -1
    outer loop
      vertex 21.8637 -21.2853 31
      vertex 25.5209 -25.2044 31
      vertex 25.2615 -25.2386 31
    endloop
  endfacet
  facet normal -0 0 -1
    outer loop
      vertex 26.7207 24.7075 31
      vertex 21.8637 21.2853 31
      vertex 26.5 24.8481 31
    endloop
  endfacet
  facet normal 0 0 -1
    outer loop
      vertex 21.8637 -21.2853 31
      vertex 25.2615 -25.2386 31
      vertex 25 -25.25 31
    endloop
  endfacet
  facet normal -0 0 -1
    outer loop
      vertex 26.5 24.8481 31
      vertex 21.8637 21.2853 31
      vertex 26.2679 24.9689 31
    endloop
  endfacet
  facet normal 0 0 -1
    outer loop
      vertex 21.7588 -21.6181 31
      vertex 25 -25.25 31
      vertex 24 -25.25 31
    endloop
  endfacet
  facet normal -0 0 -1
    outer loop
      vertex 26.2679 24.9689 31
      vertex 21.8637 21.2853 31
      vertex 26.0261 25.0691 31
    endloop
  endfacet
  facet normal 0 0 -1
    outer loop
      vertex 21.6252 -21.9405 31
      vertex 24 -25.25 31
      vertex 23.7385 -25.2386 31
    endloop
  endfacet
  facet normal -0 0 -1
    outer loop
      vertex 26.0261 25.0691 31
      vertex 21.8637 21.2853 31
      vertex 25.7765 25.1478 31
    endloop
  endfacet
  facet normal 0 0 -1
    outer loop
      vertex 21.6252 -21.9405 31
      vertex 23.7385 -25.2386 31
      vertex 23.4791 -25.2044 31
    endloop
  endfacet
  facet normal -0 0 -1
    outer loop
      vertex 25.7765 25.1478 31
      vertex 21.8637 21.2853 31
      vertex 25.5209 25.2044 31
    endloop
  endfacet
  facet normal 0 0 -1
    outer loop
      vertex 21.6252 -21.9405 31
      vertex 23.4791 -25.2044 31
      vertex 23.2235 -25.1478 31
    endloop
  endfacet
  facet normal -0 0 -1
    outer loop
      vertex 25.5209 25.2044 31
      vertex 21.8637 21.2853 31
      vertex 25.2615 25.2386 31
    endloop
  endfacet
  facet normal 0 0 -1
    outer loop
      vertex 21.6252 -21.9405 31
      vertex 23.2235 -25.1478 31
      vertex 22.9739 -25.0691 31
    endloop
  endfacet
  facet normal -0 0 -1
    outer loop
      vertex 25.2615 25.2386 31
      vertex 21.8637 21.2853 31
      vertex 25 25.25 31
    endloop
  endfacet
  facet normal 0 0 -1
    outer loop
      vertex 21.6252 -21.9405 31
      vertex 22.9739 -25.0691 31
      vertex 22.7321 -24.9689 31
    endloop
  endfacet
  facet normal 0 0 -1
    outer loop
      vertex 21.7588 21.6181 31
      vertex 25 25.25 31
      vertex 21.8637 21.2853 31
    endloop
  endfacet
  facet normal 0 0 -1
    outer loop
      vertex 21.6252 -21.9405 31
      vertex 22.7321 -24.9689 31
      vertex 22.5 -24.8481 31
    endloop
  endfacet
  facet normal -0 0 -1
    outer loop
      vertex 25 25.25 31
      vertex 21.7588 21.6181 31
      vertex 24 25.25 31
    endloop
  endfacet
  facet normal 0 0 -1
    outer loop
      vertex 21.6252 -21.9405 31
      vertex 22.5 -24.8481 31
      vertex 22.2793 -24.7075 31
    endloop
  endfacet
  facet normal 0 0 -1
    outer loop
      vertex 21.6252 21.9405 31
      vertex 24 25.25 31
      vertex 21.7588 21.6181 31
    endloop
  endfacet
  facet normal 0 0 -1
    outer loop
      vertex 21.6252 -21.9405 31
      vertex 22.2793 -24.7075 31
      vertex 22.0716 -24.5481 31
    endloop
  endfacet
  facet normal 0 0 -1
    outer loop
      vertex 24 25.25 31
      vertex 21.6252 21.9405 31
      vertex 23.7385 25.2386 31
    endloop
  endfacet
  facet normal 0 0 -1
    outer loop
      vertex 23.7385 25.2386 31
      vertex 21.6252 21.9405 31
      vertex 23.4791 25.2044 31
    endloop
  endfacet
  facet normal 0 0 -1
    outer loop
      vertex 28 -22.25 31
      vertex 21.9848 -20.5986 31
      vertex 22 -20.25 31
    endloop
  endfacet
  facet normal 0 0 -1
    outer loop
      vertex 28 -22.25 31
      vertex 21.9392 -20.9446 31
      vertex 21.9848 -20.5986 31
    endloop
  endfacet
  facet normal 0 0 -1
    outer loop
      vertex 21.6252 -21.9405 31
      vertex 22.0716 -24.5481 31
      vertex 21.8787 -24.3713 31
    endloop
  endfacet
  facet normal 0 0 -1
    outer loop
      vertex 28 -22.25 31
      vertex 21.8637 -21.2853 31
      vertex 21.9392 -20.9446 31
    endloop
  endfacet
  facet normal 0 0 -1
    outer loop
      vertex 25 -25.25 31
      vertex 21.7588 -21.6181 31
      vertex 21.8637 -21.2853 31
    endloop
  endfacet
  facet normal 0 0 -1
    outer loop
      vertex 21.4641 -22.25 31
      vertex 21.8787 -24.3713 31
      vertex 21.7019 -24.1784 31
    endloop
  endfacet
  facet normal 0 0 -1
    outer loop
      vertex 24 -25.25 31
      vertex 21.6252 -21.9405 31
      vertex 21.7588 -21.6181 31
    endloop
  endfacet
  facet normal 0 0 -1
    outer loop
      vertex 21.4641 -22.25 31
      vertex 21.7019 -24.1784 31
      vertex 21.5425 -23.9707 31
    endloop
  endfacet
  facet normal 0 0 -1
    outer loop
      vertex 21.8787 -24.3713 31
      vertex 21.4641 -22.25 31
      vertex 21.6252 -21.9405 31
    endloop
  endfacet
  facet normal 0 0 -1
    outer loop
      vertex 21.4019 -23.75 31
      vertex 21.4641 -22.25 31
      vertex 21.5425 -23.9707 31
    endloop
  endfacet
  facet normal 0 0 -1
    outer loop
      vertex 21.2811 -23.5179 31
      vertex 21.4641 -22.25 31
      vertex 21.4019 -23.75 31
    endloop
  endfacet
  facet normal 0 0 -1
    outer loop
      vertex 21.2811 -23.5179 31
      vertex 21.2766 -22.5443 31
      vertex 21.4641 -22.25 31
    endloop
  endfacet
  facet normal 0 0 -1
    outer loop
      vertex 21.1809 -23.2761 31
      vertex 21.2766 -22.5443 31
      vertex 21.2811 -23.5179 31
    endloop
  endfacet
  facet normal 0 0 -1
    outer loop
      vertex 21.1022 -23.0265 31
      vertex 21.2766 -22.5443 31
      vertex 21.1809 -23.2761 31
    endloop
  endfacet
  facet normal 0 0 -1
    outer loop
      vertex 21.1022 -23.0265 31
      vertex 21.0642 -22.8211 31
      vertex 21.2766 -22.5443 31
    endloop
  endfacet
  facet normal 0 -0 -1
    outer loop
      vertex 21.0642 -22.8211 31
      vertex 21.1022 -23.0265 31
      vertex 21.0582 -22.8277 31
    endloop
  endfacet
  facet normal 0 0 -1
    outer loop
      vertex 23.4791 25.2044 31
      vertex 21.6252 21.9405 31
      vertex 23.2235 25.1478 31
    endloop
  endfacet
  facet normal 0 0 -1
    outer loop
      vertex 23.2235 25.1478 31
      vertex 21.6252 21.9405 31
      vertex 22.9739 25.0691 31
    endloop
  endfacet
  facet normal 0 0 -1
    outer loop
      vertex 22.9739 25.0691 31
      vertex 21.6252 21.9405 31
      vertex 22.7321 24.9689 31
    endloop
  endfacet
  facet normal 0 0 -1
    outer loop
      vertex 22.7321 24.9689 31
      vertex 21.6252 21.9405 31
      vertex 22.5 24.8481 31
    endloop
  endfacet
  facet normal 0 0 -1
    outer loop
      vertex 22.5 24.8481 31
      vertex 21.6252 21.9405 31
      vertex 22.2793 24.7075 31
    endloop
  endfacet
  facet normal 0 0 -1
    outer loop
      vertex 22.2793 24.7075 31
      vertex 21.6252 21.9405 31
      vertex 22.0716 24.5481 31
    endloop
  endfacet
  facet normal 0 0 -1
    outer loop
      vertex 22.0716 24.5481 31
      vertex 21.6252 21.9405 31
      vertex 21.8787 24.3713 31
    endloop
  endfacet
  facet normal 0 0 -1
    outer loop
      vertex 21.4641 22.25 31
      vertex 21.8787 24.3713 31
      vertex 21.6252 21.9405 31
    endloop
  endfacet
  facet normal 0 0 -1
    outer loop
      vertex 21.8787 24.3713 31
      vertex 21.4641 22.25 31
      vertex 21.7019 24.1784 31
    endloop
  endfacet
  facet normal 0 0 -1
    outer loop
      vertex 21.7019 24.1784 31
      vertex 21.4641 22.25 31
      vertex 21.5425 23.9707 31
    endloop
  endfacet
  facet normal 0 0 -1
    outer loop
      vertex 21.4641 22.25 31
      vertex 21.4019 23.75 31
      vertex 21.5425 23.9707 31
    endloop
  endfacet
  facet normal 0 0 -1
    outer loop
      vertex 21.4641 22.25 31
      vertex 21.2811 23.5179 31
      vertex 21.4019 23.75 31
    endloop
  endfacet
  facet normal 0 0 -1
    outer loop
      vertex 21.2766 22.5443 31
      vertex 21.2811 23.5179 31
      vertex 21.4641 22.25 31
    endloop
  endfacet
  facet normal 0 0 -1
    outer loop
      vertex 21.2766 22.5443 31
      vertex 21.1809 23.2761 31
      vertex 21.2811 23.5179 31
    endloop
  endfacet
  facet normal 0 0 -1
    outer loop
      vertex 21.2766 22.5443 31
      vertex 21.1022 23.0265 31
      vertex 21.1809 23.2761 31
    endloop
  endfacet
  facet normal 0 0 -1
    outer loop
      vertex 21.0642 22.8211 31
      vertex 21.1022 23.0265 31
      vertex 21.2766 22.5443 31
    endloop
  endfacet
  facet normal 0 0 -1
    outer loop
      vertex 21.1022 23.0265 31
      vertex 21.0642 22.8211 31
      vertex 21.0582 22.8277 31
    endloop
  endfacet
  facet normal 0.537296 -0.843394 0
    outer loop
      vertex 26.5 -24.8481 31
      vertex 26.7207 -24.7075 93
      vertex 26.5 -24.8481 93
    endloop
  endfacet
  facet normal 0.537296 -0.843394 0
    outer loop
      vertex 26.7207 -24.7075 93
      vertex 26.5 -24.8481 31
      vertex 26.7207 -24.7075 31
    endloop
  endfacet
  facet normal 0.843394 -0.537296 0
    outer loop
      vertex 27.4575 -23.9707 93
      vertex 27.5981 -23.75 31
      vertex 27.5981 -23.75 93
    endloop
  endfacet
  facet normal 0.843394 -0.537296 0
    outer loop
      vertex 27.5981 -23.75 31
      vertex 27.4575 -23.9707 93
      vertex 27.4575 -23.9707 31
    endloop
  endfacet
  facet normal 0 -1 0
    outer loop
      vertex 24 -25.25 31
      vertex 25 -25.25 93
      vertex 24 -25.25 93
    endloop
  endfacet
  facet normal 0 -1 -0
    outer loop
      vertex 25 -25.25 93
      vertex 24 -25.25 31
      vertex 25 -25.25 31
    endloop
  endfacet
  facet normal 0.843394 0.537296 0
    outer loop
      vertex 27.5981 23.75 93
      vertex 27.4575 23.9707 31
      vertex 27.4575 23.9707 93
    endloop
  endfacet
  facet normal 0.843394 0.537296 0
    outer loop
      vertex 27.4575 23.9707 31
      vertex 27.5981 23.75 93
      vertex 27.5981 23.75 31
    endloop
  endfacet
  facet normal -0.300711 0.953715 0
    outer loop
      vertex 23.2235 25.1478 31
      vertex 22.9739 25.0691 93
      vertex 23.2235 25.1478 93
    endloop
  endfacet
  facet normal -0.300711 0.953715 0
    outer loop
      vertex 22.9739 25.0691 93
      vertex 23.2235 25.1478 31
      vertex 22.9739 25.0691 31
    endloop
  endfacet
  facet normal -0.461678 -0.887048 0
    outer loop
      vertex 22.5 -24.8481 31
      vertex 22.7321 -24.9689 93
      vertex 22.5 -24.8481 93
    endloop
  endfacet
  facet normal -0.461678 -0.887048 -0
    outer loop
      vertex 22.7321 -24.9689 93
      vertex 22.5 -24.8481 31
      vertex 22.7321 -24.9689 31
    endloop
  endfacet
  facet normal 0.923821 -0.382824 0
    outer loop
      vertex 27.7189 -23.5179 93
      vertex 27.8191 -23.2761 31
      vertex 27.8191 -23.2761 93
    endloop
  endfacet
  facet normal 0.923821 -0.382824 0
    outer loop
      vertex 27.8191 -23.2761 31
      vertex 27.7189 -23.5179 93
      vertex 27.7189 -23.5179 31
    endloop
  endfacet
  facet normal 0.976349 -0.216202 0
    outer loop
      vertex 27.8978 -23.0265 93
      vertex 27.9544 -22.7709 31
      vertex 27.9544 -22.7709 93
    endloop
  endfacet
  facet normal 0.976349 -0.216202 0
    outer loop
      vertex 27.9544 -22.7709 31
      vertex 27.8978 -23.0265 93
      vertex 27.8978 -23.0265 31
    endloop
  endfacet
  facet normal 0.953715 0.300711 0
    outer loop
      vertex 27.8978 23.0265 93
      vertex 27.8191 23.2761 31
      vertex 27.8191 23.2761 93
    endloop
  endfacet
  facet normal 0.953715 0.300711 0
    outer loop
      vertex 27.8191 23.2761 31
      vertex 27.8978 23.0265 93
      vertex 27.8978 23.0265 31
    endloop
  endfacet
  facet normal 0.300711 0.953715 -0
    outer loop
      vertex 26.0261 25.0691 31
      vertex 25.7765 25.1478 93
      vertex 26.0261 25.0691 93
    endloop
  endfacet
  facet normal 0.300711 0.953715 0
    outer loop
      vertex 25.7765 25.1478 93
      vertex 26.0261 25.0691 31
      vertex 25.7765 25.1478 31
    endloop
  endfacet
  facet normal -0.608824 0.793305 0
    outer loop
      vertex 22.2793 24.7075 31
      vertex 22.0716 24.5481 93
      vertex 22.2793 24.7075 93
    endloop
  endfacet
  facet normal -0.608824 0.793305 0
    outer loop
      vertex 22.0716 24.5481 93
      vertex 22.2793 24.7075 31
      vertex 22.0716 24.5481 31
    endloop
  endfacet
  facet normal -0.382824 0.923821 0
    outer loop
      vertex 22.9739 25.0691 31
      vertex 22.7321 24.9689 93
      vertex 22.9739 25.0691 93
    endloop
  endfacet
  facet normal -0.382824 0.923821 0
    outer loop
      vertex 22.7321 24.9689 93
      vertex 22.9739 25.0691 31
      vertex 22.7321 24.9689 31
    endloop
  endfacet
  facet normal 0.887048 0.461678 0
    outer loop
      vertex 27.7189 23.5179 93
      vertex 27.5981 23.75 31
      vertex 27.5981 23.75 93
    endloop
  endfacet
  facet normal 0.887048 0.461678 0
    outer loop
      vertex 27.5981 23.75 31
      vertex 27.7189 23.5179 93
      vertex 27.7189 23.5179 31
    endloop
  endfacet
  facet normal -0.537296 0.843394 0
    outer loop
      vertex 22.5 24.8481 31
      vertex 22.2793 24.7075 93
      vertex 22.5 24.8481 93
    endloop
  endfacet
  facet normal -0.537296 0.843394 0
    outer loop
      vertex 22.2793 24.7075 93
      vertex 22.5 24.8481 31
      vertex 22.2793 24.7075 31
    endloop
  endfacet
  facet normal 0.999051 -0.0435533 0
    outer loop
      vertex 27.9886 -22.5115 93
      vertex 28 -22.25 31
      vertex 28 -22.25 93
    endloop
  endfacet
  facet normal 0.999051 -0.0435533 0
    outer loop
      vertex 28 -22.25 31
      vertex 27.9886 -22.5115 93
      vertex 27.9886 -22.5115 31
    endloop
  endfacet
  facet normal 0.0435533 0.999051 -0
    outer loop
      vertex 25.2615 25.2386 31
      vertex 25 25.25 93
      vertex 25.2615 25.2386 93
    endloop
  endfacet
  facet normal 0.0435533 0.999051 0
    outer loop
      vertex 25 25.25 93
      vertex 25.2615 25.2386 31
      vertex 25 25.25 31
    endloop
  endfacet
  facet normal 0.793305 0.608824 0
    outer loop
      vertex 27.4575 23.9707 93
      vertex 27.2981 24.1784 31
      vertex 27.2981 24.1784 93
    endloop
  endfacet
  facet normal 0.793305 0.608824 0
    outer loop
      vertex 27.2981 24.1784 31
      vertex 27.4575 23.9707 93
      vertex 27.4575 23.9707 31
    endloop
  endfacet
  facet normal 0.675673 0.737202 -0
    outer loop
      vertex 27.1213 24.3713 31
      vertex 26.9284 24.5481 93
      vertex 27.1213 24.3713 93
    endloop
  endfacet
  facet normal 0.675673 0.737202 0
    outer loop
      vertex 26.9284 24.5481 93
      vertex 27.1213 24.3713 31
      vertex 26.9284 24.5481 31
    endloop
  endfacet
  facet normal 0.923821 0.382824 0
    outer loop
      vertex 27.8191 23.2761 93
      vertex 27.7189 23.5179 31
      vertex 27.7189 23.5179 93
    endloop
  endfacet
  facet normal 0.923821 0.382824 0
    outer loop
      vertex 27.7189 23.5179 31
      vertex 27.8191 23.2761 93
      vertex 27.8191 23.2761 31
    endloop
  endfacet
  facet normal 0.608824 0.793305 -0
    outer loop
      vertex 26.9284 24.5481 31
      vertex 26.7207 24.7075 93
      vertex 26.9284 24.5481 93
    endloop
  endfacet
  facet normal 0.608824 0.793305 0
    outer loop
      vertex 26.7207 24.7075 93
      vertex 26.9284 24.5481 31
      vertex 26.7207 24.7075 31
    endloop
  endfacet
  facet normal -0.675673 0.737202 0
    outer loop
      vertex 22.0716 24.5481 31
      vertex 21.8787 24.3713 93
      vertex 22.0716 24.5481 93
    endloop
  endfacet
  facet normal -0.675673 0.737202 0
    outer loop
      vertex 21.8787 24.3713 93
      vertex 22.0716 24.5481 31
      vertex 21.8787 24.3713 31
    endloop
  endfacet
  facet normal 0 0 1
    outer loop
      vertex 25 25.25 93
      vertex 28 22.25 93
      vertex 27.9886 22.5115 93
    endloop
  endfacet
  facet normal 0 0 1
    outer loop
      vertex 28 22.25 93
      vertex 21 22.25 93
      vertex 28 -22.25 93
    endloop
  endfacet
  facet normal 0 0 1
    outer loop
      vertex 25 25.25 93
      vertex 27.9886 22.5115 93
      vertex 27.9544 22.7709 93
    endloop
  endfacet
  facet normal 0 0 1
    outer loop
      vertex 21 -22.25 93
      vertex 28 -22.25 93
      vertex 21 22.25 93
    endloop
  endfacet
  facet normal 0 0 1
    outer loop
      vertex 25 25.25 93
      vertex 27.9544 22.7709 93
      vertex 27.8978 23.0265 93
    endloop
  endfacet
  facet normal 0 -0 1
    outer loop
      vertex 25 -25.25 93
      vertex 28 -22.25 93
      vertex 21 -22.25 93
    endloop
  endfacet
  facet normal 0 0 1
    outer loop
      vertex 25 25.25 93
      vertex 27.8978 23.0265 93
      vertex 27.8191 23.2761 93
    endloop
  endfacet
  facet normal 0 0 1
    outer loop
      vertex 28 -22.25 93
      vertex 25 -25.25 93
      vertex 27.9886 -22.5115 93
    endloop
  endfacet
  facet normal 0 0 1
    outer loop
      vertex 25 25.25 93
      vertex 27.8191 23.2761 93
      vertex 27.7189 23.5179 93
    endloop
  endfacet
  facet normal 0 0 1
    outer loop
      vertex 27.9886 -22.5115 93
      vertex 25 -25.25 93
      vertex 27.9544 -22.7709 93
    endloop
  endfacet
  facet normal 0 0 1
    outer loop
      vertex 25 25.25 93
      vertex 27.7189 23.5179 93
      vertex 27.5981 23.75 93
    endloop
  endfacet
  facet normal 0 0 1
    outer loop
      vertex 27.9544 -22.7709 93
      vertex 25 -25.25 93
      vertex 27.8978 -23.0265 93
    endloop
  endfacet
  facet normal 0 0 1
    outer loop
      vertex 25 25.25 93
      vertex 27.5981 23.75 93
      vertex 27.4575 23.9707 93
    endloop
  endfacet
  facet normal 0 0 1
    outer loop
      vertex 27.8978 -23.0265 93
      vertex 25 -25.25 93
      vertex 27.8191 -23.2761 93
    endloop
  endfacet
  facet normal 0 0 1
    outer loop
      vertex 25 25.25 93
      vertex 27.4575 23.9707 93
      vertex 27.2981 24.1784 93
    endloop
  endfacet
  facet normal 0 0 1
    outer loop
      vertex 27.8191 -23.2761 93
      vertex 25 -25.25 93
      vertex 27.7189 -23.5179 93
    endloop
  endfacet
  facet normal 0 0 1
    outer loop
      vertex 25 25.25 93
      vertex 27.2981 24.1784 93
      vertex 27.1213 24.3713 93
    endloop
  endfacet
  facet normal 0 0 1
    outer loop
      vertex 27.7189 -23.5179 93
      vertex 25 -25.25 93
      vertex 27.5981 -23.75 93
    endloop
  endfacet
  facet normal 0 0 1
    outer loop
      vertex 25 25.25 93
      vertex 27.1213 24.3713 93
      vertex 26.9284 24.5481 93
    endloop
  endfacet
  facet normal 0 0 1
    outer loop
      vertex 27.5981 -23.75 93
      vertex 25 -25.25 93
      vertex 27.4575 -23.9707 93
    endloop
  endfacet
  facet normal 0 0 1
    outer loop
      vertex 25 25.25 93
      vertex 26.9284 24.5481 93
      vertex 26.7207 24.7075 93
    endloop
  endfacet
  facet normal 0 0 1
    outer loop
      vertex 27.4575 -23.9707 93
      vertex 25 -25.25 93
      vertex 27.2981 -24.1784 93
    endloop
  endfacet
  facet normal 0 0 1
    outer loop
      vertex 25 25.25 93
      vertex 26.7207 24.7075 93
      vertex 26.5 24.8481 93
    endloop
  endfacet
  facet normal 0 0 1
    outer loop
      vertex 27.2981 -24.1784 93
      vertex 25 -25.25 93
      vertex 27.1213 -24.3713 93
    endloop
  endfacet
  facet normal 0 0 1
    outer loop
      vertex 25 25.25 93
      vertex 26.5 24.8481 93
      vertex 26.2679 24.9689 93
    endloop
  endfacet
  facet normal 0 0 1
    outer loop
      vertex 27.1213 -24.3713 93
      vertex 25 -25.25 93
      vertex 26.9284 -24.5481 93
    endloop
  endfacet
  facet normal 0 0 1
    outer loop
      vertex 25 25.25 93
      vertex 26.2679 24.9689 93
      vertex 26.0261 25.0691 93
    endloop
  endfacet
  facet normal 0 0 1
    outer loop
      vertex 26.9284 -24.5481 93
      vertex 25 -25.25 93
      vertex 26.7207 -24.7075 93
    endloop
  endfacet
  facet normal 0 0 1
    outer loop
      vertex 25 25.25 93
      vertex 26.0261 25.0691 93
      vertex 25.7765 25.1478 93
    endloop
  endfacet
  facet normal 0 0 1
    outer loop
      vertex 26.7207 -24.7075 93
      vertex 25 -25.25 93
      vertex 26.5 -24.8481 93
    endloop
  endfacet
  facet normal 0 0 1
    outer loop
      vertex 25 25.25 93
      vertex 25.7765 25.1478 93
      vertex 25.5209 25.2044 93
    endloop
  endfacet
  facet normal 0 0 1
    outer loop
      vertex 26.5 -24.8481 93
      vertex 25 -25.25 93
      vertex 26.2679 -24.9689 93
    endloop
  endfacet
  facet normal 0 0 1
    outer loop
      vertex 25 25.25 93
      vertex 25.5209 25.2044 93
      vertex 25.2615 25.2386 93
    endloop
  endfacet
  facet normal 0 0 1
    outer loop
      vertex 26.2679 -24.9689 93
      vertex 25 -25.25 93
      vertex 26.0261 -25.0691 93
    endloop
  endfacet
  facet normal 0 0 1
    outer loop
      vertex 28 22.25 93
      vertex 25 25.25 93
      vertex 21 22.25 93
    endloop
  endfacet
  facet normal 0 0 1
    outer loop
      vertex 26.0261 -25.0691 93
      vertex 25 -25.25 93
      vertex 25.7765 -25.1478 93
    endloop
  endfacet
  facet normal 0 0 1
    outer loop
      vertex 21 22.25 93
      vertex 25 25.25 93
      vertex 24 25.25 93
    endloop
  endfacet
  facet normal 0 0 1
    outer loop
      vertex 25.7765 -25.1478 93
      vertex 25 -25.25 93
      vertex 25.5209 -25.2044 93
    endloop
  endfacet
  facet normal 0 0 1
    outer loop
      vertex 21 22.25 93
      vertex 24 25.25 93
      vertex 23.7385 25.2386 93
    endloop
  endfacet
  facet normal 0 0 1
    outer loop
      vertex 25.5209 -25.2044 93
      vertex 25 -25.25 93
      vertex 25.2615 -25.2386 93
    endloop
  endfacet
  facet normal 0 0 1
    outer loop
      vertex 21 22.25 93
      vertex 23.7385 25.2386 93
      vertex 23.4791 25.2044 93
    endloop
  endfacet
  facet normal 0 0 1
    outer loop
      vertex 25 -25.25 93
      vertex 21 -22.25 93
      vertex 24 -25.25 93
    endloop
  endfacet
  facet normal 0 0 1
    outer loop
      vertex 21 22.25 93
      vertex 23.4791 25.2044 93
      vertex 23.2235 25.1478 93
    endloop
  endfacet
  facet normal 0 0 1
    outer loop
      vertex 24 -25.25 93
      vertex 21 -22.25 93
      vertex 23.7385 -25.2386 93
    endloop
  endfacet
  facet normal 0 0 1
    outer loop
      vertex 21 22.25 93
      vertex 23.2235 25.1478 93
      vertex 22.9739 25.0691 93
    endloop
  endfacet
  facet normal 0 0 1
    outer loop
      vertex 23.7385 -25.2386 93
      vertex 21 -22.25 93
      vertex 23.4791 -25.2044 93
    endloop
  endfacet
  facet normal 0 0 1
    outer loop
      vertex 21 22.25 93
      vertex 22.9739 25.0691 93
      vertex 22.7321 24.9689 93
    endloop
  endfacet
  facet normal 0 0 1
    outer loop
      vertex 23.4791 -25.2044 93
      vertex 21 -22.25 93
      vertex 23.2235 -25.1478 93
    endloop
  endfacet
  facet normal 0 0 1
    outer loop
      vertex 21 22.25 93
      vertex 22.7321 24.9689 93
      vertex 22.5 24.8481 93
    endloop
  endfacet
  facet normal 0 0 1
    outer loop
      vertex 23.2235 -25.1478 93
      vertex 21 -22.25 93
      vertex 22.9739 -25.0691 93
    endloop
  endfacet
  facet normal 0 0 1
    outer loop
      vertex 21 22.25 93
      vertex 22.5 24.8481 93
      vertex 22.2793 24.7075 93
    endloop
  endfacet
  facet normal 0 0 1
    outer loop
      vertex 22.9739 -25.0691 93
      vertex 21 -22.25 93
      vertex 22.7321 -24.9689 93
    endloop
  endfacet
  facet normal 0 0 1
    outer loop
      vertex 21 22.25 93
      vertex 22.2793 24.7075 93
      vertex 22.0716 24.5481 93
    endloop
  endfacet
  facet normal 0 0 1
    outer loop
      vertex 22.7321 -24.9689 93
      vertex 21 -22.25 93
      vertex 22.5 -24.8481 93
    endloop
  endfacet
  facet normal 0 0 1
    outer loop
      vertex 21 22.25 93
      vertex 22.0716 24.5481 93
      vertex 21.8787 24.3713 93
    endloop
  endfacet
  facet normal 0 0 1
    outer loop
      vertex 22.5 -24.8481 93
      vertex 21 -22.25 93
      vertex 22.2793 -24.7075 93
    endloop
  endfacet
  facet normal 0 0 1
    outer loop
      vertex 21 22.25 93
      vertex 21.8787 24.3713 93
      vertex 21.7019 24.1784 93
    endloop
  endfacet
  facet normal 0 0 1
    outer loop
      vertex 22.2793 -24.7075 93
      vertex 21 -22.25 93
      vertex 22.0716 -24.5481 93
    endloop
  endfacet
  facet normal 0 0 1
    outer loop
      vertex 21 22.25 93
      vertex 21.7019 24.1784 93
      vertex 21.5425 23.9707 93
    endloop
  endfacet
  facet normal 0 0 1
    outer loop
      vertex 22.0716 -24.5481 93
      vertex 21 -22.25 93
      vertex 21.8787 -24.3713 93
    endloop
  endfacet
  facet normal 0 0 1
    outer loop
      vertex 21 22.25 93
      vertex 21.5425 23.9707 93
      vertex 21.4019 23.75 93
    endloop
  endfacet
  facet normal 0 0 1
    outer loop
      vertex 21.8787 -24.3713 93
      vertex 21 -22.25 93
      vertex 21.7019 -24.1784 93
    endloop
  endfacet
  facet normal 0 0 1
    outer loop
      vertex 21 22.25 93
      vertex 21.4019 23.75 93
      vertex 21.2811 23.5179 93
    endloop
  endfacet
  facet normal 0 0 1
    outer loop
      vertex 21.7019 -24.1784 93
      vertex 21 -22.25 93
      vertex 21.5425 -23.9707 93
    endloop
  endfacet
  facet normal 0 0 1
    outer loop
      vertex 21 22.25 93
      vertex 21.2811 23.5179 93
      vertex 21.1809 23.2761 93
    endloop
  endfacet
  facet normal 0 0 1
    outer loop
      vertex 21.5425 -23.9707 93
      vertex 21 -22.25 93
      vertex 21.4019 -23.75 93
    endloop
  endfacet
  facet normal 0 0 1
    outer loop
      vertex 21 22.25 93
      vertex 21.1809 23.2761 93
      vertex 21.1022 23.0265 93
    endloop
  endfacet
  facet normal 0 0 1
    outer loop
      vertex 21.4019 -23.75 93
      vertex 21 -22.25 93
      vertex 21.2811 -23.5179 93
    endloop
  endfacet
  facet normal 0 0 1
    outer loop
      vertex 21 22.25 93
      vertex 21.1022 23.0265 93
      vertex 21.0456 22.7709 93
    endloop
  endfacet
  facet normal 0 0 1
    outer loop
      vertex 21.2811 -23.5179 93
      vertex 21 -22.25 93
      vertex 21.1809 -23.2761 93
    endloop
  endfacet
  facet normal 0 0 1
    outer loop
      vertex 21 22.25 93
      vertex 21.0456 22.7709 93
      vertex 21.0114 22.5115 93
    endloop
  endfacet
  facet normal 0 0 1
    outer loop
      vertex 21.1809 -23.2761 93
      vertex 21 -22.25 93
      vertex 21.1022 -23.0265 93
    endloop
  endfacet
  facet normal 0 0 1
    outer loop
      vertex 21.1022 -23.0265 93
      vertex 21 -22.25 93
      vertex 21.0456 -22.7709 93
    endloop
  endfacet
  facet normal 0 0 1
    outer loop
      vertex 21.0456 -22.7709 93
      vertex 21 -22.25 93
      vertex 21.0114 -22.5115 93
    endloop
  endfacet
  facet normal 0 -0.923886 0.382668
    outer loop
      vertex 22 4.53154 45.6269
      vertex 28 4.69846 46.0299
      vertex 22 4.69846 46.0299
    endloop
  endfacet
  facet normal 0 -0.923886 0.382668
    outer loop
      vertex 28 4.69846 46.0299
      vertex 22 4.53154 45.6269
      vertex 28 4.53154 45.6269
    endloop
  endfacet
  facet normal 0 0.991444 -0.130534
    outer loop
      vertex 28 -4.98097 48.1758
      vertex 22 -4.92404 48.6082
      vertex 28 -4.92404 48.6082
    endloop
  endfacet
  facet normal 0 0.991444 -0.130534
    outer loop
      vertex 22 -4.92404 48.6082
      vertex 28 -4.98097 48.1758
      vertex 22 -4.98097 48.1758
    endloop
  endfacet
  facet normal 0 -0.608846 0.793288
    outer loop
      vertex 22 3.21394 43.9098
      vertex 28 2.86788 43.6442
      vertex 28 3.21394 43.9098
    endloop
  endfacet
  facet normal 0 -0.608846 0.793288
    outer loop
      vertex 28 2.86788 43.6442
      vertex 22 3.21394 43.9098
      vertex 22 2.86788 43.6442
    endloop
  endfacet
  facet normal 0 -0.923886 -0.382668
    outer loop
      vertex 22 4.69846 49.4501
      vertex 28 4.53154 49.8531
      vertex 22 4.53154 49.8531
    endloop
  endfacet
  facet normal 0 -0.923886 -0.382668
    outer loop
      vertex 28 4.53154 49.8531
      vertex 22 4.69846 49.4501
      vertex 28 4.69846 49.4501
    endloop
  endfacet
  facet normal 0 0.843426 -0.537245
    outer loop
      vertex 28 -4.09576 50.6079
      vertex 22 -4.16449 50.5
      vertex 21 -4.09576 50.6079
    endloop
  endfacet
  facet normal 1.05301e-06 0.8434 -0.537286
    outer loop
      vertex 28 -4.33013 50.24
      vertex 22 -4.16449 50.5
      vertex 28 -4.09576 50.6079
    endloop
  endfacet
  facet normal 0 0.843389 -0.537304
    outer loop
      vertex 22 -4.16449 50.5
      vertex 28 -4.33013 50.24
      vertex 22 -4.33013 50.24
    endloop
  endfacet
  facet normal 0 0.843426 -0.537245
    outer loop
      vertex 21 -4.09576 50.6079
      vertex 22 -4.16449 50.5
      vertex 21 -4.16449 50.5
    endloop
  endfacet
  facet normal 0 -0.8434 0.537286
    outer loop
      vertex 22 4.09576 44.8721
      vertex 28 4.33013 45.24
      vertex 22 4.33013 45.24
    endloop
  endfacet
  facet normal 0 -0.8434 0.537286
    outer loop
      vertex 28 4.33013 45.24
      vertex 22 4.09576 44.8721
      vertex 28 4.09576 44.8721
    endloop
  endfacet
  facet normal 0 -0.0435587 -0.999051
    outer loop
      vertex 21 0 52.74
      vertex 28 0.435779 52.721
      vertex 28 0 52.74
    endloop
  endfacet
  facet normal -0 -0.0435587 -0.999051
    outer loop
      vertex 28 0.435779 52.721
      vertex 21 0 52.74
      vertex 21 0.435779 52.721
    endloop
  endfacet
  facet normal 0 0.793304 0.608826
    outer loop
      vertex 28 -3.83022 44.5261
      vertex 22 -4.09576 44.8721
      vertex 28 -4.09576 44.8721
    endloop
  endfacet
  facet normal 0 0.793304 0.608826
    outer loop
      vertex 22 -4.09576 44.8721
      vertex 28 -3.83022 44.5261
      vertex 22 -3.83022 44.5261
    endloop
  endfacet
  facet normal -0 0.382832 0.923818
    outer loop
      vertex 22 -1.7101 43.0415
      vertex 28 -2.11309 43.2085
      vertex 28 -1.7101 43.0415
    endloop
  endfacet
  facet normal 0 0.382832 0.923818
    outer loop
      vertex 28 -2.11309 43.2085
      vertex 22 -1.7101 43.0415
      vertex 22 -2.11309 43.2085
    endloop
  endfacet
  facet normal 0 -0.953713 0.300718
    outer loop
      vertex 22 4.69846 46.0299
      vertex 28 4.82963 46.4459
      vertex 22 4.82963 46.4459
    endloop
  endfacet
  facet normal 0 -0.953713 0.300718
    outer loop
      vertex 28 4.82963 46.4459
      vertex 22 4.69846 46.0299
      vertex 28 4.69846 46.0299
    endloop
  endfacet
  facet normal 0 -0.537193 -0.843459
    outer loop
      vertex 21 2.5 52.0701
      vertex 28 2.86788 51.8358
      vertex 28 2.5 52.0701
    endloop
  endfacet
  facet normal -0 -0.537193 -0.843459
    outer loop
      vertex 28 2.86788 51.8358
      vertex 21 2.5 52.0701
      vertex 21 2.86788 51.8358
    endloop
  endfacet
  facet normal 0 -0.976301 0.216418
    outer loop
      vertex 22 4.82963 46.4459
      vertex 28 4.92404 46.8718
      vertex 22 4.92404 46.8718
    endloop
  endfacet
  facet normal 0 -0.976301 0.216418
    outer loop
      vertex 28 4.92404 46.8718
      vertex 22 4.82963 46.4459
      vertex 28 4.82963 46.4459
    endloop
  endfacet
  facet normal 0 -0.991444 0.130534
    outer loop
      vertex 22 4.92404 46.8718
      vertex 28 4.98097 47.3042
      vertex 22 4.98097 47.3042
    endloop
  endfacet
  facet normal 0 -0.991444 0.130534
    outer loop
      vertex 28 4.98097 47.3042
      vertex 22 4.92404 46.8718
      vertex 28 4.92404 46.8718
    endloop
  endfacet
  facet normal 0 -0.675611 -0.737258
    outer loop
      vertex 21 3.21394 51.5702
      vertex 28 3.53553 51.2755
      vertex 28 3.21394 51.5702
    endloop
  endfacet
  facet normal -0 -0.675611 -0.737258
    outer loop
      vertex 28 3.53553 51.2755
      vertex 21 3.21394 51.5702
      vertex 21 3.53553 51.2755
    endloop
  endfacet
  facet normal 0 -0.976301 -0.216418
    outer loop
      vertex 22 4.92404 48.6082
      vertex 28 4.82963 49.0341
      vertex 22 4.82963 49.0341
    endloop
  endfacet
  facet normal 0 -0.976301 -0.216418
    outer loop
      vertex 28 4.82963 49.0341
      vertex 22 4.92404 48.6082
      vertex 28 4.92404 48.6082
    endloop
  endfacet
  facet normal 0 -0.991444 -0.130534
    outer loop
      vertex 22 4.98097 48.1758
      vertex 28 4.92404 48.6082
      vertex 22 4.92404 48.6082
    endloop
  endfacet
  facet normal 0 -0.991444 -0.130534
    outer loop
      vertex 28 4.92404 48.6082
      vertex 22 4.98097 48.1758
      vertex 28 4.98097 48.1758
    endloop
  endfacet
  facet normal 0 -0.130674 0.991425
    outer loop
      vertex 22 0.86824 42.816
      vertex 28 0.435779 42.759
      vertex 28 0.86824 42.816
    endloop
  endfacet
  facet normal 0 -0.130674 0.991425
    outer loop
      vertex 28 0.435779 42.759
      vertex 22 0.86824 42.816
      vertex 22 0.435779 42.759
    endloop
  endfacet
  facet normal 0 -0.675611 0.737258
    outer loop
      vertex 22 3.53553 44.2045
      vertex 28 3.21394 43.9098
      vertex 28 3.53553 44.2045
    endloop
  endfacet
  facet normal 0 -0.675611 0.737258
    outer loop
      vertex 28 3.21394 43.9098
      vertex 22 3.53553 44.2045
      vertex 22 3.21394 43.9098
    endloop
  endfacet
  facet normal 0 -0.0435587 0.999051
    outer loop
      vertex 22 0.435779 42.759
      vertex 28 0 42.74
      vertex 28 0.435779 42.759
    endloop
  endfacet
  facet normal 0 -0.0435587 0.999051
    outer loop
      vertex 28 0 42.74
      vertex 22 0.435779 42.759
      vertex 22 0 42.74
    endloop
  endfacet
  facet normal 0 -0.130674 -0.991425
    outer loop
      vertex 21 0.435779 52.721
      vertex 28 0.86824 52.664
      vertex 28 0.435779 52.721
    endloop
  endfacet
  facet normal -0 -0.130674 -0.991425
    outer loop
      vertex 28 0.86824 52.664
      vertex 21 0.435779 52.721
      vertex 21 0.86824 52.664
    endloop
  endfacet
  facet normal 0 0.991444 0.130534
    outer loop
      vertex 28 -4.92404 46.8718
      vertex 22 -4.98097 47.3042
      vertex 28 -4.98097 47.3042
    endloop
  endfacet
  facet normal 0 0.991444 0.130534
    outer loop
      vertex 22 -4.98097 47.3042
      vertex 28 -4.92404 46.8718
      vertex 22 -4.92404 46.8718
    endloop
  endfacet
  facet normal 0 0.675611 -0.737258
    outer loop
      vertex 21 -3.53553 51.2755
      vertex 28 -3.21394 51.5702
      vertex 28 -3.53553 51.2755
    endloop
  endfacet
  facet normal 0 0.675611 -0.737258
    outer loop
      vertex 28 -3.21394 51.5702
      vertex 21 -3.53553 51.2755
      vertex 21 -3.21394 51.5702
    endloop
  endfacet
  facet normal 0 0.999048 0.0436252
    outer loop
      vertex 28 -4.98097 47.3042
      vertex 22 -5 47.74
      vertex 28 -5 47.74
    endloop
  endfacet
  facet normal 0 0.999048 0.0436252
    outer loop
      vertex 22 -5 47.74
      vertex 28 -4.98097 47.3042
      vertex 22 -4.98097 47.3042
    endloop
  endfacet
  facet normal 0 -0.73728 0.675588
    outer loop
      vertex 22 3.53553 44.2045
      vertex 28 3.83022 44.5261
      vertex 22 3.83022 44.5261
    endloop
  endfacet
  facet normal 0 -0.73728 0.675588
    outer loop
      vertex 28 3.83022 44.5261
      vertex 22 3.53553 44.2045
      vertex 28 3.53553 44.2045
    endloop
  endfacet
  facet normal 0 0.953713 0.300718
    outer loop
      vertex 28 -4.69846 46.0299
      vertex 22 -4.82963 46.4459
      vertex 28 -4.82963 46.4459
    endloop
  endfacet
  facet normal 0 0.953713 0.300718
    outer loop
      vertex 22 -4.82963 46.4459
      vertex 28 -4.69846 46.0299
      vertex 22 -4.69846 46.0299
    endloop
  endfacet
  facet normal -0 0.300572 0.953759
    outer loop
      vertex 22 -1.2941 42.9104
      vertex 28 -1.7101 43.0415
      vertex 28 -1.2941 42.9104
    endloop
  endfacet
  facet normal 0 0.300572 0.953759
    outer loop
      vertex 28 -1.7101 43.0415
      vertex 22 -1.2941 42.9104
      vertex 22 -1.7101 43.0415
    endloop
  endfacet
  facet normal 0 -0.382832 -0.923818
    outer loop
      vertex 21 1.7101 52.4385
      vertex 28 2.11309 52.2715
      vertex 28 1.7101 52.4385
    endloop
  endfacet
  facet normal -0 -0.382832 -0.923818
    outer loop
      vertex 28 2.11309 52.2715
      vertex 21 1.7101 52.4385
      vertex 21 2.11309 52.2715
    endloop
  endfacet
  facet normal 0 -0.887008 0.461753
    outer loop
      vertex 22 4.33013 45.24
      vertex 28 4.53154 45.6269
      vertex 22 4.53154 45.6269
    endloop
  endfacet
  facet normal 0 -0.887008 0.461753
    outer loop
      vertex 28 4.53154 45.6269
      vertex 22 4.33013 45.24
      vertex 28 4.33013 45.24
    endloop
  endfacet
  facet normal 0 0.608846 -0.793288
    outer loop
      vertex 21 -3.21394 51.5702
      vertex 28 -2.86788 51.8358
      vertex 28 -3.21394 51.5702
    endloop
  endfacet
  facet normal 0 0.608846 -0.793288
    outer loop
      vertex 28 -2.86788 51.8358
      vertex 21 -3.21394 51.5702
      vertex 21 -2.86788 51.8358
    endloop
  endfacet
  facet normal 0 -0.537193 0.843459
    outer loop
      vertex 22 2.86788 43.6442
      vertex 28 2.5 43.4099
      vertex 28 2.86788 43.6442
    endloop
  endfacet
  facet normal 0 -0.537193 0.843459
    outer loop
      vertex 28 2.5 43.4099
      vertex 22 2.86788 43.6442
      vertex 22 2.5 43.4099
    endloop
  endfacet
  facet normal 0 -0.382832 0.923818
    outer loop
      vertex 22 2.11309 43.2085
      vertex 28 1.7101 43.0415
      vertex 28 2.11309 43.2085
    endloop
  endfacet
  facet normal 0 -0.382832 0.923818
    outer loop
      vertex 28 1.7101 43.0415
      vertex 22 2.11309 43.2085
      vertex 22 1.7101 43.0415
    endloop
  endfacet
  facet normal 0 -0.461726 0.887023
    outer loop
      vertex 22 2.5 43.4099
      vertex 28 2.11309 43.2085
      vertex 28 2.5 43.4099
    endloop
  endfacet
  facet normal 0 -0.461726 0.887023
    outer loop
      vertex 28 2.11309 43.2085
      vertex 22 2.5 43.4099
      vertex 22 2.11309 43.2085
    endloop
  endfacet
  facet normal 0 -0.953713 -0.300718
    outer loop
      vertex 22 4.82963 49.0341
      vertex 28 4.69846 49.4501
      vertex 22 4.69846 49.4501
    endloop
  endfacet
  facet normal 0 -0.953713 -0.300718
    outer loop
      vertex 28 4.69846 49.4501
      vertex 22 4.82963 49.0341
      vertex 28 4.82963 49.0341
    endloop
  endfacet
  facet normal 0 0.300572 -0.953759
    outer loop
      vertex 21 -1.7101 52.4385
      vertex 28 -1.2941 52.5696
      vertex 28 -1.7101 52.4385
    endloop
  endfacet
  facet normal 0 0.300572 -0.953759
    outer loop
      vertex 28 -1.2941 52.5696
      vertex 21 -1.7101 52.4385
      vertex 21 -1.2941 52.5696
    endloop
  endfacet
  facet normal 0 0.887008 0.461753
    outer loop
      vertex 28 -4.33013 45.24
      vertex 22 -4.53154 45.6269
      vertex 28 -4.53154 45.6269
    endloop
  endfacet
  facet normal 0 0.887008 0.461753
    outer loop
      vertex 22 -4.53154 45.6269
      vertex 28 -4.33013 45.24
      vertex 22 -4.33013 45.24
    endloop
  endfacet
  facet normal 0 0.130674 -0.991425
    outer loop
      vertex 21 -0.86824 52.664
      vertex 28 -0.435779 52.721
      vertex 28 -0.86824 52.664
    endloop
  endfacet
  facet normal 0 0.130674 -0.991425
    outer loop
      vertex 28 -0.435779 52.721
      vertex 21 -0.86824 52.664
      vertex 21 -0.435779 52.721
    endloop
  endfacet
  facet normal -0 0.675611 0.737258
    outer loop
      vertex 22 -3.21394 43.9098
      vertex 28 -3.53553 44.2045
      vertex 28 -3.21394 43.9098
    endloop
  endfacet
  facet normal 0 0.675611 0.737258
    outer loop
      vertex 28 -3.53553 44.2045
      vertex 22 -3.21394 43.9098
      vertex 22 -3.53553 44.2045
    endloop
  endfacet
  facet normal 0 0.976301 -0.216418
    outer loop
      vertex 28 -4.92404 48.6082
      vertex 22 -4.82963 49.0341
      vertex 28 -4.82963 49.0341
    endloop
  endfacet
  facet normal 0 0.976301 -0.216418
    outer loop
      vertex 22 -4.82963 49.0341
      vertex 28 -4.92404 48.6082
      vertex 22 -4.92404 48.6082
    endloop
  endfacet
  facet normal -0 0.461726 0.887023
    outer loop
      vertex 22 -2.11309 43.2085
      vertex 28 -2.5 43.4099
      vertex 28 -2.11309 43.2085
    endloop
  endfacet
  facet normal 0 0.461726 0.887023
    outer loop
      vertex 28 -2.5 43.4099
      vertex 22 -2.11309 43.2085
      vertex 22 -2.5 43.4099
    endloop
  endfacet
  facet normal -0 0.608846 0.793288
    outer loop
      vertex 22 -2.86788 43.6442
      vertex 28 -3.21394 43.9098
      vertex 28 -2.86788 43.6442
    endloop
  endfacet
  facet normal 0 0.608846 0.793288
    outer loop
      vertex 28 -3.21394 43.9098
      vertex 22 -2.86788 43.6442
      vertex 22 -3.21394 43.9098
    endloop
  endfacet
  facet normal 0 0.461726 -0.887023
    outer loop
      vertex 21 -2.5 52.0701
      vertex 28 -2.11309 52.2715
      vertex 28 -2.5 52.0701
    endloop
  endfacet
  facet normal 0 0.461726 -0.887023
    outer loop
      vertex 28 -2.11309 52.2715
      vertex 21 -2.5 52.0701
      vertex 21 -2.11309 52.2715
    endloop
  endfacet
  facet normal -0 0.216416 0.976301
    outer loop
      vertex 22 -0.86824 42.816
      vertex 28 -1.2941 42.9104
      vertex 28 -0.86824 42.816
    endloop
  endfacet
  facet normal 0 0.216416 0.976301
    outer loop
      vertex 28 -1.2941 42.9104
      vertex 22 -0.86824 42.816
      vertex 22 -1.2941 42.9104
    endloop
  endfacet
  facet normal 0 0.953713 -0.300718
    outer loop
      vertex 28 -4.82963 49.0341
      vertex 22 -4.69846 49.4501
      vertex 28 -4.69846 49.4501
    endloop
  endfacet
  facet normal 0 0.953713 -0.300718
    outer loop
      vertex 22 -4.69846 49.4501
      vertex 28 -4.82963 49.0341
      vertex 22 -4.82963 49.0341
    endloop
  endfacet
  facet normal 0 -0.216416 -0.976301
    outer loop
      vertex 21 0.86824 52.664
      vertex 28 1.2941 52.5696
      vertex 28 0.86824 52.664
    endloop
  endfacet
  facet normal -0 -0.216416 -0.976301
    outer loop
      vertex 28 1.2941 52.5696
      vertex 21 0.86824 52.664
      vertex 21 1.2941 52.5696
    endloop
  endfacet
  facet normal 0 -0.887008 -0.461753
    outer loop
      vertex 22 4.53154 49.8531
      vertex 28 4.33013 50.24
      vertex 22 4.33013 50.24
    endloop
  endfacet
  facet normal 0 -0.887008 -0.461753
    outer loop
      vertex 28 4.33013 50.24
      vertex 22 4.53154 49.8531
      vertex 28 4.53154 49.8531
    endloop
  endfacet
  facet normal 0 -0.999048 0.0436252
    outer loop
      vertex 22 4.98097 47.3042
      vertex 28 5 47.74
      vertex 22 5 47.74
    endloop
  endfacet
  facet normal 0 -0.999048 0.0436252
    outer loop
      vertex 28 5 47.74
      vertex 22 4.98097 47.3042
      vertex 28 4.98097 47.3042
    endloop
  endfacet
  facet normal 0 -0.73728 -0.675588
    outer loop
      vertex 21 3.83022 50.9539
      vertex 28 3.53553 51.2755
      vertex 21 3.53553 51.2755
    endloop
  endfacet
  facet normal 0 -0.73728 -0.675588
    outer loop
      vertex 28 3.53553 51.2755
      vertex 21 3.83022 50.9539
      vertex 28 3.83022 50.9539
    endloop
  endfacet
  facet normal 0 -0.793304 0.608826
    outer loop
      vertex 22 3.83022 44.5261
      vertex 28 4.09576 44.8721
      vertex 22 4.09576 44.8721
    endloop
  endfacet
  facet normal 0 -0.793304 0.608826
    outer loop
      vertex 28 4.09576 44.8721
      vertex 22 3.83022 44.5261
      vertex 28 3.83022 44.5261
    endloop
  endfacet
  facet normal 0 -0.999048 -0.0436252
    outer loop
      vertex 22 5 47.74
      vertex 28 4.98097 48.1758
      vertex 22 4.98097 48.1758
    endloop
  endfacet
  facet normal 0 -0.999048 -0.0436252
    outer loop
      vertex 28 4.98097 48.1758
      vertex 22 5 47.74
      vertex 28 5 47.74
    endloop
  endfacet
  facet normal 0 0.0435587 -0.999051
    outer loop
      vertex 21 -0.435779 52.721
      vertex 28 0 52.74
      vertex 28 -0.435779 52.721
    endloop
  endfacet
  facet normal 0 0.0435587 -0.999051
    outer loop
      vertex 28 0 52.74
      vertex 21 -0.435779 52.721
      vertex 21 0 52.74
    endloop
  endfacet
  facet normal 0 -0.300572 0.953759
    outer loop
      vertex 22 1.7101 43.0415
      vertex 28 1.2941 42.9104
      vertex 28 1.7101 43.0415
    endloop
  endfacet
  facet normal 0 -0.300572 0.953759
    outer loop
      vertex 28 1.2941 42.9104
      vertex 22 1.7101 43.0415
      vertex 22 1.2941 42.9104
    endloop
  endfacet
  facet normal -0 0.0435587 0.999051
    outer loop
      vertex 22 0 42.74
      vertex 28 -0.435779 42.759
      vertex 28 0 42.74
    endloop
  endfacet
  facet normal 0 0.0435587 0.999051
    outer loop
      vertex 28 -0.435779 42.759
      vertex 22 0 42.74
      vertex 22 -0.435779 42.759
    endloop
  endfacet
  facet normal 0 0.8434 0.537286
    outer loop
      vertex 28 -4.09576 44.8721
      vertex 22 -4.33013 45.24
      vertex 28 -4.33013 45.24
    endloop
  endfacet
  facet normal 0 0.8434 0.537286
    outer loop
      vertex 22 -4.33013 45.24
      vertex 28 -4.09576 44.8721
      vertex 22 -4.09576 44.8721
    endloop
  endfacet
  facet normal 0 0.976301 0.216418
    outer loop
      vertex 28 -4.82963 46.4459
      vertex 22 -4.92404 46.8718
      vertex 28 -4.92404 46.8718
    endloop
  endfacet
  facet normal 0 0.976301 0.216418
    outer loop
      vertex 22 -4.92404 46.8718
      vertex 28 -4.82963 46.4459
      vertex 22 -4.82963 46.4459
    endloop
  endfacet
  facet normal 0 0.793304 -0.608826
    outer loop
      vertex 28 -4.09576 50.6079
      vertex 21 -3.83022 50.9539
      vertex 28 -3.83022 50.9539
    endloop
  endfacet
  facet normal 0 0.793304 -0.608826
    outer loop
      vertex 21 -3.83022 50.9539
      vertex 28 -4.09576 50.6079
      vertex 21 -4.09576 50.6079
    endloop
  endfacet
  facet normal 0 -0.793304 -0.608826
    outer loop
      vertex 21 4.09576 50.6079
      vertex 28 3.83022 50.9539
      vertex 21 3.83022 50.9539
    endloop
  endfacet
  facet normal 0 -0.793304 -0.608826
    outer loop
      vertex 28 3.83022 50.9539
      vertex 21 4.09576 50.6079
      vertex 28 4.09576 50.6079
    endloop
  endfacet
  facet normal 0 0.382832 -0.923818
    outer loop
      vertex 21 -2.11309 52.2715
      vertex 28 -1.7101 52.4385
      vertex 28 -2.11309 52.2715
    endloop
  endfacet
  facet normal 0 0.382832 -0.923818
    outer loop
      vertex 28 -1.7101 52.4385
      vertex 21 -2.11309 52.2715
      vertex 21 -1.7101 52.4385
    endloop
  endfacet
  facet normal 0 0.216416 -0.976301
    outer loop
      vertex 21 -1.2941 52.5696
      vertex 28 -0.86824 52.664
      vertex 28 -1.2941 52.5696
    endloop
  endfacet
  facet normal 0 0.216416 -0.976301
    outer loop
      vertex 28 -0.86824 52.664
      vertex 21 -1.2941 52.5696
      vertex 21 -0.86824 52.664
    endloop
  endfacet
  facet normal 0 -0.461726 -0.887023
    outer loop
      vertex 21 2.11309 52.2715
      vertex 28 2.5 52.0701
      vertex 28 2.11309 52.2715
    endloop
  endfacet
  facet normal -0 -0.461726 -0.887023
    outer loop
      vertex 28 2.5 52.0701
      vertex 21 2.11309 52.2715
      vertex 21 2.5 52.0701
    endloop
  endfacet
  facet normal -0 -0.843426 -0.537245
    outer loop
      vertex 22 4.16449 50.5
      vertex 21 4.09576 50.6079
      vertex 21 4.16449 50.5
    endloop
  endfacet
  facet normal 0 -0.843426 -0.537245
    outer loop
      vertex 21 4.09576 50.6079
      vertex 22 4.16449 50.5
      vertex 28 4.09576 50.6079
    endloop
  endfacet
  facet normal -0 -0.843389 -0.537304
    outer loop
      vertex 28 4.33013 50.24
      vertex 22 4.16449 50.5
      vertex 22 4.33013 50.24
    endloop
  endfacet
  facet normal 1.05301e-06 -0.8434 -0.537286
    outer loop
      vertex 22 4.16449 50.5
      vertex 28 4.33013 50.24
      vertex 28 4.09576 50.6079
    endloop
  endfacet
  facet normal -0 0.130674 0.991425
    outer loop
      vertex 22 -0.435779 42.759
      vertex 28 -0.86824 42.816
      vertex 28 -0.435779 42.759
    endloop
  endfacet
  facet normal 0 0.130674 0.991425
    outer loop
      vertex 28 -0.86824 42.816
      vertex 22 -0.435779 42.759
      vertex 22 -0.86824 42.816
    endloop
  endfacet
  facet normal 0 -0.216416 0.976301
    outer loop
      vertex 22 1.2941 42.9104
      vertex 28 0.86824 42.816
      vertex 28 1.2941 42.9104
    endloop
  endfacet
  facet normal 0 -0.216416 0.976301
    outer loop
      vertex 28 0.86824 42.816
      vertex 22 1.2941 42.9104
      vertex 22 0.86824 42.816
    endloop
  endfacet
  facet normal 0 0.923886 0.382668
    outer loop
      vertex 28 -4.53154 45.6269
      vertex 22 -4.69846 46.0299
      vertex 28 -4.69846 46.0299
    endloop
  endfacet
  facet normal 0 0.923886 0.382668
    outer loop
      vertex 22 -4.69846 46.0299
      vertex 28 -4.53154 45.6269
      vertex 22 -4.53154 45.6269
    endloop
  endfacet
  facet normal 0 -0.300572 -0.953759
    outer loop
      vertex 21 1.2941 52.5696
      vertex 28 1.7101 52.4385
      vertex 28 1.2941 52.5696
    endloop
  endfacet
  facet normal -0 -0.300572 -0.953759
    outer loop
      vertex 28 1.7101 52.4385
      vertex 21 1.2941 52.5696
      vertex 21 1.7101 52.4385
    endloop
  endfacet
  facet normal 0 0.73728 -0.675588
    outer loop
      vertex 28 -3.83022 50.9539
      vertex 21 -3.53553 51.2755
      vertex 28 -3.53553 51.2755
    endloop
  endfacet
  facet normal 0 0.73728 -0.675588
    outer loop
      vertex 21 -3.53553 51.2755
      vertex 28 -3.83022 50.9539
      vertex 21 -3.83022 50.9539
    endloop
  endfacet
  facet normal 0 0.537193 -0.843459
    outer loop
      vertex 21 -2.86788 51.8358
      vertex 28 -2.5 52.0701
      vertex 28 -2.86788 51.8358
    endloop
  endfacet
  facet normal 0 0.537193 -0.843459
    outer loop
      vertex 28 -2.5 52.0701
      vertex 21 -2.86788 51.8358
      vertex 21 -2.5 52.0701
    endloop
  endfacet
  facet normal 0 0.999048 -0.0436252
    outer loop
      vertex 28 -5 47.74
      vertex 22 -4.98097 48.1758
      vertex 28 -4.98097 48.1758
    endloop
  endfacet
  facet normal 0 0.999048 -0.0436252
    outer loop
      vertex 22 -4.98097 48.1758
      vertex 28 -5 47.74
      vertex 22 -5 47.74
    endloop
  endfacet
  facet normal 0 0.73728 0.675588
    outer loop
      vertex 28 -3.53553 44.2045
      vertex 22 -3.83022 44.5261
      vertex 28 -3.83022 44.5261
    endloop
  endfacet
  facet normal 0 0.73728 0.675588
    outer loop
      vertex 22 -3.83022 44.5261
      vertex 28 -3.53553 44.2045
      vertex 22 -3.53553 44.2045
    endloop
  endfacet
  facet normal 0 0.923886 -0.382668
    outer loop
      vertex 28 -4.69846 49.4501
      vertex 22 -4.53154 49.8531
      vertex 28 -4.53154 49.8531
    endloop
  endfacet
  facet normal 0 0.923886 -0.382668
    outer loop
      vertex 22 -4.53154 49.8531
      vertex 28 -4.69846 49.4501
      vertex 22 -4.69846 49.4501
    endloop
  endfacet
  facet normal -0 0.537193 0.843459
    outer loop
      vertex 22 -2.5 43.4099
      vertex 28 -2.86788 43.6442
      vertex 28 -2.5 43.4099
    endloop
  endfacet
  facet normal 0 0.537193 0.843459
    outer loop
      vertex 28 -2.86788 43.6442
      vertex 22 -2.5 43.4099
      vertex 22 -2.86788 43.6442
    endloop
  endfacet
  facet normal 0 -0.608846 -0.793288
    outer loop
      vertex 21 2.86788 51.8358
      vertex 28 3.21394 51.5702
      vertex 28 2.86788 51.8358
    endloop
  endfacet
  facet normal -0 -0.608846 -0.793288
    outer loop
      vertex 28 3.21394 51.5702
      vertex 21 2.86788 51.8358
      vertex 21 3.21394 51.5702
    endloop
  endfacet
  facet normal 0 0.887008 -0.461753
    outer loop
      vertex 28 -4.53154 49.8531
      vertex 22 -4.33013 50.24
      vertex 28 -4.33013 50.24
    endloop
  endfacet
  facet normal 0 0.887008 -0.461753
    outer loop
      vertex 22 -4.33013 50.24
      vertex 28 -4.53154 49.8531
      vertex 22 -4.53154 49.8531
    endloop
  endfacet
  facet normal 0.923821 -0.382824 0
    outer loop
      vertex 21.6252 -21.9405 31
      vertex 21.7588 -21.6181 22
      vertex 21.7588 -21.6181 31
    endloop
  endfacet
  facet normal 0.923821 -0.382824 0
    outer loop
      vertex 21.7588 -21.6181 22
      vertex 21.6252 -21.9405 31
      vertex 21.6252 -21.9405 22
    endloop
  endfacet
  facet normal -0.0435616 0.999051 0
    outer loop
      vertex -18 24.25 22
      vertex -18.3486 24.2348 50.5
      vertex -18 24.25 50.5
    endloop
  endfacet
  facet normal -0.0435616 0.999051 0
    outer loop
      vertex -18.3486 24.2348 50.5
      vertex -18 24.25 22
      vertex -18.3486 24.2348 22
    endloop
  endfacet
  facet normal 0.461714 -0.887029 0
    outer loop
      vertex 19.6905 -23.8752 22
      vertex 20 -23.7141 50.5
      vertex 19.6905 -23.8752 50.5
    endloop
  endfacet
  facet normal 0.461714 -0.887029 0
    outer loop
      vertex 20 -23.7141 50.5
      vertex 19.6905 -23.8752 22
      vertex 20 -23.7141 22
    endloop
  endfacet
  facet normal 0.382824 -0.923821 0
    outer loop
      vertex 19.3681 -24.0088 22
      vertex 19.6905 -23.8752 50.5
      vertex 19.3681 -24.0088 50.5
    endloop
  endfacet
  facet normal 0.382824 -0.923821 0
    outer loop
      vertex 19.6905 -23.8752 50.5
      vertex 19.3681 -24.0088 22
      vertex 19.6905 -23.8752 22
    endloop
  endfacet
  facet normal 0 -1 0
    outer loop
      vertex -18 -24.25 22
      vertex 18 -24.25 50.5
      vertex -18 -24.25 50.5
    endloop
  endfacet
  facet normal 0 -1 -0
    outer loop
      vertex 18 -24.25 50.5
      vertex -18 -24.25 22
      vertex 18 -24.25 22
    endloop
  endfacet
  facet normal -0.793348 0.608768 0
    outer loop
      vertex -21.2766 22.5443 22
      vertex -21.0642 22.8211 31
      vertex -21.0642 22.8211 22
    endloop
  endfacet
  facet normal -0.793348 0.608768 0
    outer loop
      vertex -21.0642 22.8211 31
      vertex -21.2766 22.5443 22
      vertex -21.2766 22.5443 31
    endloop
  endfacet
  facet normal -0.461714 -0.887029 0
    outer loop
      vertex -20 -23.7141 22
      vertex -19.6905 -23.8752 50.5
      vertex -20 -23.7141 50.5
    endloop
  endfacet
  facet normal -0.461714 -0.887029 -0
    outer loop
      vertex -19.6905 -23.8752 50.5
      vertex -20 -23.7141 22
      vertex -19.6905 -23.8752 22
    endloop
  endfacet
  facet normal 0 1 -0
    outer loop
      vertex 18 24.25 22
      vertex -18 24.25 50.5
      vertex 18 24.25 50.5
    endloop
  endfacet
  facet normal 0 1 0
    outer loop
      vertex -18 24.25 50.5
      vertex 18 24.25 22
      vertex -18 24.25 22
    endloop
  endfacet
  facet normal 0.216354 -0.976315 0
    outer loop
      vertex 18.6946 -24.1892 22
      vertex 19.0353 -24.1137 50.5
      vertex 18.6946 -24.1892 50.5
    endloop
  endfacet
  facet normal 0.216354 -0.976315 0
    outer loop
      vertex 19.0353 -24.1137 50.5
      vertex 18.6946 -24.1892 22
      vertex 19.0353 -24.1137 22
    endloop
  endfacet
  facet normal -0.991427 -0.130662 0
    outer loop
      vertex -21.9392 -20.9446 22
      vertex -21.9848 -20.5986 31
      vertex -21.9848 -20.5986 22
    endloop
  endfacet
  facet normal -0.991427 -0.130662 0
    outer loop
      vertex -21.9848 -20.5986 31
      vertex -21.9392 -20.9446 22
      vertex -21.9392 -20.9446 31
    endloop
  endfacet
  facet normal -0.300624 0.953743 0
    outer loop
      vertex -19.0353 24.1137 22
      vertex -19.3681 24.0088 50.5
      vertex -19.0353 24.1137 50.5
    endloop
  endfacet
  facet normal -0.300624 0.953743 0
    outer loop
      vertex -19.3681 24.0088 50.5
      vertex -19.0353 24.1137 22
      vertex -19.3681 24.0088 22
    endloop
  endfacet
  facet normal -0.608768 -0.793348 0
    outer loop
      vertex -20.5711 -23.3142 22
      vertex -20.2943 -23.5266 50.5
      vertex -20.5711 -23.3142 50.5
    endloop
  endfacet
  facet normal -0.608768 -0.793348 -0
    outer loop
      vertex -20.2943 -23.5266 50.5
      vertex -20.5711 -23.3142 22
      vertex -20.2943 -23.5266 22
    endloop
  endfacet
  facet normal -0.130662 0.991427 0
    outer loop
      vertex -18.3486 24.2348 22
      vertex -18.6946 24.1892 50.5
      vertex -18.3486 24.2348 50.5
    endloop
  endfacet
  facet normal -0.130662 0.991427 0
    outer loop
      vertex -18.6946 24.1892 50.5
      vertex -18.3486 24.2348 22
      vertex -18.6946 24.1892 22
    endloop
  endfacet
  facet normal 0.216354 0.976315 -0
    outer loop
      vertex 19.0353 24.1137 22
      vertex 18.6946 24.1892 50.5
      vertex 19.0353 24.1137 50.5
    endloop
  endfacet
  facet normal 0.216354 0.976315 0
    outer loop
      vertex 18.6946 24.1892 50.5
      vertex 19.0353 24.1137 22
      vertex 18.6946 24.1892 22
    endloop
  endfacet
  facet normal 0.461714 0.887029 -0
    outer loop
      vertex 20 23.7141 22
      vertex 19.6905 23.8752 50.5
      vertex 20 23.7141 50.5
    endloop
  endfacet
  facet normal 0.461714 0.887029 0
    outer loop
      vertex 19.6905 23.8752 50.5
      vertex 20 23.7141 22
      vertex 19.6905 23.8752 22
    endloop
  endfacet
  facet normal 0.843378 -0.53732 0
    outer loop
      vertex 21.2766 -22.5443 31
      vertex 21.4641 -22.25 22
      vertex 21.4641 -22.25 31
    endloop
  endfacet
  facet normal 0.843378 -0.53732 0
    outer loop
      vertex 21.4641 -22.25 22
      vertex 21.2766 -22.5443 31
      vertex 21.2766 -22.5443 22
    endloop
  endfacet
  facet normal 0.887029 -0.461714 0
    outer loop
      vertex 21.4641 -22.25 31
      vertex 21.6252 -21.9405 22
      vertex 21.6252 -21.9405 31
    endloop
  endfacet
  facet normal 0.887029 -0.461714 0
    outer loop
      vertex 21.6252 -21.9405 22
      vertex 21.4641 -22.25 31
      vertex 21.4641 -22.25 22
    endloop
  endfacet
  facet normal 0.991427 -0.130662 0
    outer loop
      vertex 21.9392 -20.9446 31
      vertex 21.9848 -20.5986 22
      vertex 21.9848 -20.5986 31
    endloop
  endfacet
  facet normal 0.991427 -0.130662 0
    outer loop
      vertex 21.9848 -20.5986 22
      vertex 21.9392 -20.9446 31
      vertex 21.9392 -20.9446 22
    endloop
  endfacet
  facet normal 0.0435616 0.999051 -0
    outer loop
      vertex 18.3486 24.2348 22
      vertex 18 24.25 50.5
      vertex 18.3486 24.2348 50.5
    endloop
  endfacet
  facet normal 0.0435616 0.999051 0
    outer loop
      vertex 18 24.25 50.5
      vertex 18.3486 24.2348 22
      vertex 18 24.25 22
    endloop
  endfacet
  facet normal 1 -0 0
    outer loop
      vertex 22 -20.25 31
      vertex 22 20.25 22
      vertex 22 20.25 31
    endloop
  endfacet
  facet normal 1 0 0
    outer loop
      vertex 22 20.25 22
      vertex 22 -20.25 31
      vertex 22 -20.25 22
    endloop
  endfacet
  facet normal 1 0 0
    outer loop
      vertex 22 4.98097 48.1758
      vertex 22 4.98097 47.3042
      vertex 22 5 47.74
    endloop
  endfacet
  facet normal 1 0 0
    outer loop
      vertex 22 4.92404 48.6082
      vertex 22 4.98097 47.3042
      vertex 22 4.98097 48.1758
    endloop
  endfacet
  facet normal 1 0 0
    outer loop
      vertex 22 4.92404 48.6082
      vertex 22 4.92404 46.8718
      vertex 22 4.98097 47.3042
    endloop
  endfacet
  facet normal 1 0 0
    outer loop
      vertex 22 4.82963 49.0341
      vertex 22 4.92404 46.8718
      vertex 22 4.92404 48.6082
    endloop
  endfacet
  facet normal 1 0 0
    outer loop
      vertex 22 4.82963 49.0341
      vertex 22 4.82963 46.4459
      vertex 22 4.92404 46.8718
    endloop
  endfacet
  facet normal 1 0 0
    outer loop
      vertex 22 4.69846 49.4501
      vertex 22 4.82963 46.4459
      vertex 22 4.82963 49.0341
    endloop
  endfacet
  facet normal 1 0 0
    outer loop
      vertex 22 4.69846 49.4501
      vertex 22 4.69846 46.0299
      vertex 22 4.82963 46.4459
    endloop
  endfacet
  facet normal 1 0 0
    outer loop
      vertex 22 4.53154 49.8531
      vertex 22 4.69846 46.0299
      vertex 22 4.69846 49.4501
    endloop
  endfacet
  facet normal 1 0 0
    outer loop
      vertex 22 4.53154 49.8531
      vertex 22 4.53154 45.6269
      vertex 22 4.69846 46.0299
    endloop
  endfacet
  facet normal 1 0 0
    outer loop
      vertex 22 4.16449 50.5
      vertex 22 4.53154 49.8531
      vertex 22 4.33013 50.24
    endloop
  endfacet
  facet normal 1 0 0
    outer loop
      vertex 22 4.53154 49.8531
      vertex 22 4.16449 50.5
      vertex 22 4.53154 45.6269
    endloop
  endfacet
  facet normal 1 0 0
    outer loop
      vertex 22 4.53154 45.6269
      vertex 22 4.16449 50.5
      vertex 22 4.33013 45.24
    endloop
  endfacet
  facet normal 1 0 0
    outer loop
      vertex 22 4.16449 50.5
      vertex 22 4.09576 44.8721
      vertex 22 4.33013 45.24
    endloop
  endfacet
  facet normal 1 0 0
    outer loop
      vertex 22 4.16449 50.5
      vertex 22 3.83022 44.5261
      vertex 22 4.09576 44.8721
    endloop
  endfacet
  facet normal 1 0 0
    outer loop
      vertex 22 4.16449 50.5
      vertex 22 3.53553 44.2045
      vertex 22 3.83022 44.5261
    endloop
  endfacet
  facet normal 1 0 0
    outer loop
      vertex 22 4.16449 50.5
      vertex 22 3.21394 43.9098
      vertex 22 3.53553 44.2045
    endloop
  endfacet
  facet normal 1 0 0
    outer loop
      vertex 22 4.16449 50.5
      vertex 22 2.86788 43.6442
      vertex 22 3.21394 43.9098
    endloop
  endfacet
  facet normal 1 0 0
    outer loop
      vertex 22 4.16449 50.5
      vertex 22 2.5 43.4099
      vertex 22 2.86788 43.6442
    endloop
  endfacet
  facet normal 1 0 0
    outer loop
      vertex 22 4.16449 50.5
      vertex 22 2.11309 43.2085
      vertex 22 2.5 43.4099
    endloop
  endfacet
  facet normal 1 0 0
    outer loop
      vertex 22 4.16449 50.5
      vertex 22 1.7101 43.0415
      vertex 22 2.11309 43.2085
    endloop
  endfacet
  facet normal 1 0 0
    outer loop
      vertex 22 4.16449 50.5
      vertex 22 1.2941 42.9104
      vertex 22 1.7101 43.0415
    endloop
  endfacet
  facet normal 1 0 0
    outer loop
      vertex 22 4.16449 50.5
      vertex 22 0.86824 42.816
      vertex 22 1.2941 42.9104
    endloop
  endfacet
  facet normal 1 0 0
    outer loop
      vertex 22 4.16449 50.5
      vertex 22 0.435779 42.759
      vertex 22 0.86824 42.816
    endloop
  endfacet
  facet normal 1 0 0
    outer loop
      vertex 22 4.16449 50.5
      vertex 22 0 42.74
      vertex 22 0.435779 42.759
    endloop
  endfacet
  facet normal 1 0 0
    outer loop
      vertex 22 4.16449 50.5
      vertex 22 -0.435779 42.759
      vertex 22 0 42.74
    endloop
  endfacet
  facet normal 1 0 0
    outer loop
      vertex 22 4.16449 50.5
      vertex 22 -0.86824 42.816
      vertex 22 -0.435779 42.759
    endloop
  endfacet
  facet normal 1 0 0
    outer loop
      vertex 22 4.16449 50.5
      vertex 22 -1.2941 42.9104
      vertex 22 -0.86824 42.816
    endloop
  endfacet
  facet normal 1 0 0
    outer loop
      vertex 22 4.16449 50.5
      vertex 22 -1.7101 43.0415
      vertex 22 -1.2941 42.9104
    endloop
  endfacet
  facet normal 1 0 0
    outer loop
      vertex 22 4.16449 50.5
      vertex 22 -2.11309 43.2085
      vertex 22 -1.7101 43.0415
    endloop
  endfacet
  facet normal 1 0 0
    outer loop
      vertex 22 4.16449 50.5
      vertex 22 -2.5 43.4099
      vertex 22 -2.11309 43.2085
    endloop
  endfacet
  facet normal 1 0 0
    outer loop
      vertex 22 4.16449 50.5
      vertex 22 -2.86788 43.6442
      vertex 22 -2.5 43.4099
    endloop
  endfacet
  facet normal 1 0 0
    outer loop
      vertex 22 4.16449 50.5
      vertex 22 -3.21394 43.9098
      vertex 22 -2.86788 43.6442
    endloop
  endfacet
  facet normal 1 0 0
    outer loop
      vertex 22 4.16449 50.5
      vertex 22 -3.53553 44.2045
      vertex 22 -3.21394 43.9098
    endloop
  endfacet
  facet normal 1 0 0
    outer loop
      vertex 22 4.16449 50.5
      vertex 22 -3.83022 44.5261
      vertex 22 -3.53553 44.2045
    endloop
  endfacet
  facet normal 1 0 0
    outer loop
      vertex 22 4.16449 50.5
      vertex 22 -4.09576 44.8721
      vertex 22 -3.83022 44.5261
    endloop
  endfacet
  facet normal 1 -0 0
    outer loop
      vertex 22 -4.16449 50.5
      vertex 22 -4.09576 44.8721
      vertex 22 4.16449 50.5
    endloop
  endfacet
  facet normal 1 0 0
    outer loop
      vertex 22 -4.53154 49.8531
      vertex 22 -4.16449 50.5
      vertex 22 -4.33013 50.24
    endloop
  endfacet
  facet normal 1 0 0
    outer loop
      vertex 22 -4.16449 50.5
      vertex 22 -4.33013 45.24
      vertex 22 -4.09576 44.8721
    endloop
  endfacet
  facet normal 1 0 0
    outer loop
      vertex 22 -4.16449 50.5
      vertex 22 -4.53154 49.8531
      vertex 22 -4.33013 45.24
    endloop
  endfacet
  facet normal 1 0 0
    outer loop
      vertex 22 -4.53154 49.8531
      vertex 22 -4.53154 45.6269
      vertex 22 -4.33013 45.24
    endloop
  endfacet
  facet normal 1 -0 0
    outer loop
      vertex 22 -4.69846 49.4501
      vertex 22 -4.53154 45.6269
      vertex 22 -4.53154 49.8531
    endloop
  endfacet
  facet normal 1 0 0
    outer loop
      vertex 22 -4.69846 49.4501
      vertex 22 -4.69846 46.0299
      vertex 22 -4.53154 45.6269
    endloop
  endfacet
  facet normal 1 -0 0
    outer loop
      vertex 22 -4.82963 49.0341
      vertex 22 -4.69846 46.0299
      vertex 22 -4.69846 49.4501
    endloop
  endfacet
  facet normal 1 0 0
    outer loop
      vertex 22 -4.82963 49.0341
      vertex 22 -4.82963 46.4459
      vertex 22 -4.69846 46.0299
    endloop
  endfacet
  facet normal 1 -0 0
    outer loop
      vertex 22 -4.92404 48.6082
      vertex 22 -4.82963 46.4459
      vertex 22 -4.82963 49.0341
    endloop
  endfacet
  facet normal 1 0 0
    outer loop
      vertex 22 -4.92404 48.6082
      vertex 22 -4.92404 46.8718
      vertex 22 -4.82963 46.4459
    endloop
  endfacet
  facet normal 1 -0 0
    outer loop
      vertex 22 -4.98097 48.1758
      vertex 22 -4.92404 46.8718
      vertex 22 -4.92404 48.6082
    endloop
  endfacet
  facet normal 1 0 0
    outer loop
      vertex 22 -4.98097 48.1758
      vertex 22 -4.98097 47.3042
      vertex 22 -4.92404 46.8718
    endloop
  endfacet
  facet normal 1 0 -0
    outer loop
      vertex 22 -4.98097 47.3042
      vertex 22 -4.98097 48.1758
      vertex 22 -5 47.74
    endloop
  endfacet
  facet normal 0.953743 0.300624 0
    outer loop
      vertex 21.8637 21.2853 31
      vertex 21.7588 21.6181 22
      vertex 21.7588 21.6181 31
    endloop
  endfacet
  facet normal 0.953743 0.300624 0
    outer loop
      vertex 21.7588 21.6181 22
      vertex 21.8637 21.2853 31
      vertex 21.8637 21.2853 22
    endloop
  endfacet
  facet normal 0.130662 0.991427 -0
    outer loop
      vertex 18.6946 24.1892 22
      vertex 18.3486 24.2348 50.5
      vertex 18.6946 24.1892 50.5
    endloop
  endfacet
  facet normal 0.130662 0.991427 0
    outer loop
      vertex 18.3486 24.2348 50.5
      vertex 18.6946 24.1892 22
      vertex 18.3486 24.2348 22
    endloop
  endfacet
  facet normal -1 0 0
    outer loop
      vertex -22 -20.25 22
      vertex -22 20.25 31
      vertex -22 20.25 22
    endloop
  endfacet
  facet normal -1 -0 0
    outer loop
      vertex -22 20.25 31
      vertex -22 -20.25 22
      vertex -22 -20.25 31
    endloop
  endfacet
  facet normal -1 0 0
    outer loop
      vertex -22 4.98097 47.3042
      vertex -22 4.98097 48.1758
      vertex -22 5 47.74
    endloop
  endfacet
  facet normal -1 0 0
    outer loop
      vertex -22 4.92404 46.8718
      vertex -22 4.98097 48.1758
      vertex -22 4.98097 47.3042
    endloop
  endfacet
  facet normal -1 0 0
    outer loop
      vertex -22 4.92404 46.8718
      vertex -22 4.92404 48.6082
      vertex -22 4.98097 48.1758
    endloop
  endfacet
  facet normal -1 0 0
    outer loop
      vertex -22 4.82963 46.4459
      vertex -22 4.92404 48.6082
      vertex -22 4.92404 46.8718
    endloop
  endfacet
  facet normal -1 0 0
    outer loop
      vertex -22 4.82963 46.4459
      vertex -22 4.82963 49.0341
      vertex -22 4.92404 48.6082
    endloop
  endfacet
  facet normal -1 0 0
    outer loop
      vertex -22 4.69846 46.0299
      vertex -22 4.82963 49.0341
      vertex -22 4.82963 46.4459
    endloop
  endfacet
  facet normal -1 0 0
    outer loop
      vertex -22 4.69846 46.0299
      vertex -22 4.69846 49.4501
      vertex -22 4.82963 49.0341
    endloop
  endfacet
  facet normal -1 0 0
    outer loop
      vertex -22 4.53154 45.6269
      vertex -22 4.69846 49.4501
      vertex -22 4.69846 46.0299
    endloop
  endfacet
  facet normal -1 0 0
    outer loop
      vertex -22 4.53154 45.6269
      vertex -22 4.53154 49.8531
      vertex -22 4.69846 49.4501
    endloop
  endfacet
  facet normal -1 0 0
    outer loop
      vertex -22 4.33013 45.24
      vertex -22 4.53154 49.8531
      vertex -22 4.53154 45.6269
    endloop
  endfacet
  facet normal -1 0 0
    outer loop
      vertex -22 4.16449 50.5
      vertex -22 4.53154 49.8531
      vertex -22 4.33013 45.24
    endloop
  endfacet
  facet normal -1 0 0
    outer loop
      vertex -22 4.53154 49.8531
      vertex -22 4.16449 50.5
      vertex -22 4.33013 50.24
    endloop
  endfacet
  facet normal -1 0 0
    outer loop
      vertex -22 4.09576 44.8721
      vertex -22 4.16449 50.5
      vertex -22 4.33013 45.24
    endloop
  endfacet
  facet normal -1 0 0
    outer loop
      vertex -22 3.83022 44.5261
      vertex -22 4.16449 50.5
      vertex -22 4.09576 44.8721
    endloop
  endfacet
  facet normal -1 0 0
    outer loop
      vertex -22 3.53553 44.2045
      vertex -22 4.16449 50.5
      vertex -22 3.83022 44.5261
    endloop
  endfacet
  facet normal -1 0 0
    outer loop
      vertex -22 3.21394 43.9098
      vertex -22 4.16449 50.5
      vertex -22 3.53553 44.2045
    endloop
  endfacet
  facet normal -1 0 0
    outer loop
      vertex -22 2.86788 43.6442
      vertex -22 4.16449 50.5
      vertex -22 3.21394 43.9098
    endloop
  endfacet
  facet normal -1 0 0
    outer loop
      vertex -22 2.5 43.4099
      vertex -22 4.16449 50.5
      vertex -22 2.86788 43.6442
    endloop
  endfacet
  facet normal -1 0 0
    outer loop
      vertex -22 2.11309 43.2085
      vertex -22 4.16449 50.5
      vertex -22 2.5 43.4099
    endloop
  endfacet
  facet normal -1 0 0
    outer loop
      vertex -22 1.7101 43.0415
      vertex -22 4.16449 50.5
      vertex -22 2.11309 43.2085
    endloop
  endfacet
  facet normal -1 0 0
    outer loop
      vertex -22 1.2941 42.9104
      vertex -22 4.16449 50.5
      vertex -22 1.7101 43.0415
    endloop
  endfacet
  facet normal -1 0 0
    outer loop
      vertex -22 0.86824 42.816
      vertex -22 4.16449 50.5
      vertex -22 1.2941 42.9104
    endloop
  endfacet
  facet normal -1 0 0
    outer loop
      vertex -22 0.435779 42.759
      vertex -22 4.16449 50.5
      vertex -22 0.86824 42.816
    endloop
  endfacet
  facet normal -1 0 0
    outer loop
      vertex -22 0 42.74
      vertex -22 4.16449 50.5
      vertex -22 0.435779 42.759
    endloop
  endfacet
  facet normal -1 0 0
    outer loop
      vertex -22 -0.435779 42.759
      vertex -22 4.16449 50.5
      vertex -22 0 42.74
    endloop
  endfacet
  facet normal -1 0 0
    outer loop
      vertex -22 -0.86824 42.816
      vertex -22 4.16449 50.5
      vertex -22 -0.435779 42.759
    endloop
  endfacet
  facet normal -1 0 0
    outer loop
      vertex -22 -1.2941 42.9104
      vertex -22 4.16449 50.5
      vertex -22 -0.86824 42.816
    endloop
  endfacet
  facet normal -1 0 0
    outer loop
      vertex -22 -1.7101 43.0415
      vertex -22 4.16449 50.5
      vertex -22 -1.2941 42.9104
    endloop
  endfacet
  facet normal -1 0 0
    outer loop
      vertex -22 -2.11309 43.2085
      vertex -22 4.16449 50.5
      vertex -22 -1.7101 43.0415
    endloop
  endfacet
  facet normal -1 0 0
    outer loop
      vertex -22 -2.5 43.4099
      vertex -22 4.16449 50.5
      vertex -22 -2.11309 43.2085
    endloop
  endfacet
  facet normal -1 0 0
    outer loop
      vertex -22 -2.86788 43.6442
      vertex -22 4.16449 50.5
      vertex -22 -2.5 43.4099
    endloop
  endfacet
  facet normal -1 0 0
    outer loop
      vertex -22 -3.21394 43.9098
      vertex -22 4.16449 50.5
      vertex -22 -2.86788 43.6442
    endloop
  endfacet
  facet normal -1 0 0
    outer loop
      vertex -22 -3.53553 44.2045
      vertex -22 4.16449 50.5
      vertex -22 -3.21394 43.9098
    endloop
  endfacet
  facet normal -1 0 0
    outer loop
      vertex -22 -3.83022 44.5261
      vertex -22 4.16449 50.5
      vertex -22 -3.53553 44.2045
    endloop
  endfacet
  facet normal -1 0 0
    outer loop
      vertex -22 -4.09576 44.8721
      vertex -22 4.16449 50.5
      vertex -22 -3.83022 44.5261
    endloop
  endfacet
  facet normal -1 0 0
    outer loop
      vertex -22 -4.09576 44.8721
      vertex -22 -4.16449 50.5
      vertex -22 4.16449 50.5
    endloop
  endfacet
  facet normal -1 0 0
    outer loop
      vertex -22 -4.33013 45.24
      vertex -22 -4.16449 50.5
      vertex -22 -4.09576 44.8721
    endloop
  endfacet
  facet normal -1 0 0
    outer loop
      vertex -22 -4.53154 45.6269
      vertex -22 -4.16449 50.5
      vertex -22 -4.33013 45.24
    endloop
  endfacet
  facet normal -1 0 0
    outer loop
      vertex -22 -4.53154 49.8531
      vertex -22 -4.16449 50.5
      vertex -22 -4.53154 45.6269
    endloop
  endfacet
  facet normal -1 0 0
    outer loop
      vertex -22 -4.16449 50.5
      vertex -22 -4.53154 49.8531
      vertex -22 -4.33013 50.24
    endloop
  endfacet
  facet normal -1 0 0
    outer loop
      vertex -22 -4.69846 46.0299
      vertex -22 -4.53154 49.8531
      vertex -22 -4.53154 45.6269
    endloop
  endfacet
  facet normal -1 0 0
    outer loop
      vertex -22 -4.69846 46.0299
      vertex -22 -4.69846 49.4501
      vertex -22 -4.53154 49.8531
    endloop
  endfacet
  facet normal -1 0 0
    outer loop
      vertex -22 -4.82963 46.4459
      vertex -22 -4.69846 49.4501
      vertex -22 -4.69846 46.0299
    endloop
  endfacet
  facet normal -1 0 0
    outer loop
      vertex -22 -4.82963 46.4459
      vertex -22 -4.82963 49.0341
      vertex -22 -4.69846 49.4501
    endloop
  endfacet
  facet normal -1 0 0
    outer loop
      vertex -22 -4.92404 46.8718
      vertex -22 -4.82963 49.0341
      vertex -22 -4.82963 46.4459
    endloop
  endfacet
  facet normal -1 0 0
    outer loop
      vertex -22 -4.92404 46.8718
      vertex -22 -4.92404 48.6082
      vertex -22 -4.82963 49.0341
    endloop
  endfacet
  facet normal -1 0 0
    outer loop
      vertex -22 -4.98097 47.3042
      vertex -22 -4.92404 48.6082
      vertex -22 -4.92404 46.8718
    endloop
  endfacet
  facet normal -1 0 0
    outer loop
      vertex -22 -4.98097 47.3042
      vertex -22 -4.98097 48.1758
      vertex -22 -4.92404 48.6082
    endloop
  endfacet
  facet normal -1 0 -0
    outer loop
      vertex -22 -4.98097 48.1758
      vertex -22 -4.98097 47.3042
      vertex -22 -5 47.74
    endloop
  endfacet
  facet normal -0.216354 0.976315 0
    outer loop
      vertex -18.6946 24.1892 22
      vertex -19.0353 24.1137 50.5
      vertex -18.6946 24.1892 50.5
    endloop
  endfacet
  facet normal -0.216354 0.976315 0
    outer loop
      vertex -19.0353 24.1137 50.5
      vertex -18.6946 24.1892 22
      vertex -19.0353 24.1137 22
    endloop
  endfacet
  facet normal 0.130662 -0.991427 0
    outer loop
      vertex 18.3486 -24.2348 22
      vertex 18.6946 -24.1892 50.5
      vertex 18.3486 -24.2348 50.5
    endloop
  endfacet
  facet normal 0.130662 -0.991427 0
    outer loop
      vertex 18.6946 -24.1892 50.5
      vertex 18.3486 -24.2348 22
      vertex 18.6946 -24.1892 22
    endloop
  endfacet
  facet normal 0.675634 0.737237 -0
    outer loop
      vertex 20.8284 23.0784 22
      vertex 20.5711 23.3142 50.5
      vertex 20.8284 23.0784 50.5
    endloop
  endfacet
  facet normal 0.675634 0.737237 0
    outer loop
      vertex 20.5711 23.3142 50.5
      vertex 20.8284 23.0784 22
      vertex 20.5711 23.3142 22
    endloop
  endfacet
  facet normal -0.953743 0.300624 0
    outer loop
      vertex -21.8637 21.2853 22
      vertex -21.7588 21.6181 31
      vertex -21.7588 21.6181 22
    endloop
  endfacet
  facet normal -0.953743 0.300624 0
    outer loop
      vertex -21.7588 21.6181 31
      vertex -21.8637 21.2853 22
      vertex -21.8637 21.2853 31
    endloop
  endfacet
  facet normal 0.999051 -0.0435616 0
    outer loop
      vertex 21.9848 -20.5986 31
      vertex 22 -20.25 22
      vertex 22 -20.25 31
    endloop
  endfacet
  facet normal 0.999051 -0.0435616 0
    outer loop
      vertex 22 -20.25 22
      vertex 21.9848 -20.5986 31
      vertex 21.9848 -20.5986 22
    endloop
  endfacet
  facet normal -0.923821 0.382824 0
    outer loop
      vertex -21.7588 21.6181 22
      vertex -21.6252 21.9405 31
      vertex -21.6252 21.9405 22
    endloop
  endfacet
  facet normal -0.923821 0.382824 0
    outer loop
      vertex -21.6252 21.9405 31
      vertex -21.7588 21.6181 22
      vertex -21.7588 21.6181 31
    endloop
  endfacet
  facet normal -0.53732 0.843378 0
    outer loop
      vertex -20 23.7141 22
      vertex -20.2943 23.5266 50.5
      vertex -20 23.7141 50.5
    endloop
  endfacet
  facet normal -0.53732 0.843378 0
    outer loop
      vertex -20.2943 23.5266 50.5
      vertex -20 23.7141 22
      vertex -20.2943 23.5266 22
    endloop
  endfacet
  facet normal -0.887029 0.461714 0
    outer loop
      vertex -21.6252 21.9405 22
      vertex -21.4641 22.25 31
      vertex -21.4641 22.25 22
    endloop
  endfacet
  facet normal -0.887029 0.461714 0
    outer loop
      vertex -21.4641 22.25 31
      vertex -21.6252 21.9405 22
      vertex -21.6252 21.9405 31
    endloop
  endfacet
  facet normal -0.461714 0.887029 0
    outer loop
      vertex -19.6905 23.8752 22
      vertex -20 23.7141 50.5
      vertex -19.6905 23.8752 50.5
    endloop
  endfacet
  facet normal -0.461714 0.887029 0
    outer loop
      vertex -20 23.7141 50.5
      vertex -19.6905 23.8752 22
      vertex -20 23.7141 22
    endloop
  endfacet
  facet normal 0.608768 -0.793348 0
    outer loop
      vertex 20.2943 -23.5266 22
      vertex 20.5711 -23.3142 50.5
      vertex 20.2943 -23.5266 50.5
    endloop
  endfacet
  facet normal 0.608768 -0.793348 0
    outer loop
      vertex 20.5711 -23.3142 50.5
      vertex 20.2943 -23.5266 22
      vertex 20.5711 -23.3142 22
    endloop
  endfacet
  facet normal -0.300624 -0.953743 0
    outer loop
      vertex -19.3681 -24.0088 22
      vertex -19.0353 -24.1137 50.5
      vertex -19.3681 -24.0088 50.5
    endloop
  endfacet
  facet normal -0.300624 -0.953743 -0
    outer loop
      vertex -19.0353 -24.1137 50.5
      vertex -19.3681 -24.0088 22
      vertex -19.0353 -24.1137 22
    endloop
  endfacet
  facet normal 0.953743 -0.300624 0
    outer loop
      vertex 21.7588 -21.6181 31
      vertex 21.8637 -21.2853 22
      vertex 21.8637 -21.2853 31
    endloop
  endfacet
  facet normal 0.953743 -0.300624 0
    outer loop
      vertex 21.8637 -21.2853 22
      vertex 21.7588 -21.6181 31
      vertex 21.7588 -21.6181 22
    endloop
  endfacet
  facet normal 0.793348 0.608768 0
    outer loop
      vertex 21.2766 22.5443 31
      vertex 21.0642 22.8211 22
      vertex 21.0642 22.8211 31
    endloop
  endfacet
  facet normal 0.793348 0.608768 0
    outer loop
      vertex 21.0642 22.8211 22
      vertex 21.2766 22.5443 31
      vertex 21.2766 22.5443 22
    endloop
  endfacet
  facet normal -0.976315 0.216354 0
    outer loop
      vertex -21.9392 20.9446 22
      vertex -21.8637 21.2853 31
      vertex -21.8637 21.2853 22
    endloop
  endfacet
  facet normal -0.976315 0.216354 0
    outer loop
      vertex -21.8637 21.2853 31
      vertex -21.9392 20.9446 22
      vertex -21.9392 20.9446 31
    endloop
  endfacet
  facet normal -0.999051 0.0435616 0
    outer loop
      vertex -22 20.25 22
      vertex -21.9848 20.5986 31
      vertex -21.9848 20.5986 22
    endloop
  endfacet
  facet normal -0.999051 0.0435616 0
    outer loop
      vertex -21.9848 20.5986 31
      vertex -22 20.25 22
      vertex -22 20.25 31
    endloop
  endfacet
  facet normal -0.991427 0.130662 0
    outer loop
      vertex -21.9848 20.5986 22
      vertex -21.9392 20.9446 31
      vertex -21.9392 20.9446 22
    endloop
  endfacet
  facet normal -0.991427 0.130662 0
    outer loop
      vertex -21.9392 20.9446 31
      vertex -21.9848 20.5986 22
      vertex -21.9848 20.5986 31
    endloop
  endfacet
  facet normal -0.976315 -0.216354 0
    outer loop
      vertex -21.8637 -21.2853 22
      vertex -21.9392 -20.9446 31
      vertex -21.9392 -20.9446 22
    endloop
  endfacet
  facet normal -0.976315 -0.216354 0
    outer loop
      vertex -21.9392 -20.9446 31
      vertex -21.8637 -21.2853 22
      vertex -21.8637 -21.2853 31
    endloop
  endfacet
  facet normal -0.953743 -0.300624 0
    outer loop
      vertex -21.7588 -21.6181 22
      vertex -21.8637 -21.2853 31
      vertex -21.8637 -21.2853 22
    endloop
  endfacet
  facet normal -0.953743 -0.300624 0
    outer loop
      vertex -21.8637 -21.2853 31
      vertex -21.7588 -21.6181 22
      vertex -21.7588 -21.6181 31
    endloop
  endfacet
  facet normal -0.382824 0.923821 0
    outer loop
      vertex -19.3681 24.0088 22
      vertex -19.6905 23.8752 50.5
      vertex -19.3681 24.0088 50.5
    endloop
  endfacet
  facet normal -0.382824 0.923821 0
    outer loop
      vertex -19.6905 23.8752 50.5
      vertex -19.3681 24.0088 22
      vertex -19.6905 23.8752 22
    endloop
  endfacet
  facet normal 0.887029 0.461714 0
    outer loop
      vertex 21.6252 21.9405 31
      vertex 21.4641 22.25 22
      vertex 21.4641 22.25 31
    endloop
  endfacet
  facet normal 0.887029 0.461714 0
    outer loop
      vertex 21.4641 22.25 22
      vertex 21.6252 21.9405 31
      vertex 21.6252 21.9405 22
    endloop
  endfacet
  facet normal -0.608768 0.793348 0
    outer loop
      vertex -20.2943 23.5266 22
      vertex -20.5711 23.3142 50.5
      vertex -20.2943 23.5266 50.5
    endloop
  endfacet
  facet normal -0.608768 0.793348 0
    outer loop
      vertex -20.5711 23.3142 50.5
      vertex -20.2943 23.5266 22
      vertex -20.5711 23.3142 22
    endloop
  endfacet
  facet normal -0.737166 0.675711 0
    outer loop
      vertex -20.8284 23.0784 22
      vertex -21.0582 22.8277 31
      vertex -20.8284 23.0784 50.5
    endloop
  endfacet
  facet normal -0.737237 0.675634 -3.97319e-06
    outer loop
      vertex -21.0642 22.8211 22
      vertex -21.0582 22.8277 31
      vertex -20.8284 23.0784 22
    endloop
  endfacet
  facet normal -0.73994 0.672673 0
    outer loop
      vertex -21.0582 22.8277 31
      vertex -21.0642 22.8211 22
      vertex -21.0642 22.8211 31
    endloop
  endfacet
  facet normal -0.737166 0.675711 0
    outer loop
      vertex -20.8284 23.0784 50.5
      vertex -21.0582 22.8277 31
      vertex -21.0582 22.8277 50.5
    endloop
  endfacet
  facet normal 0.675634 -0.737237 0
    outer loop
      vertex 20.5711 -23.3142 22
      vertex 20.8284 -23.0784 50.5
      vertex 20.5711 -23.3142 50.5
    endloop
  endfacet
  facet normal 0.675634 -0.737237 0
    outer loop
      vertex 20.8284 -23.0784 50.5
      vertex 20.5711 -23.3142 22
      vertex 20.8284 -23.0784 22
    endloop
  endfacet
  facet normal 0.53732 -0.843378 0
    outer loop
      vertex 20 -23.7141 22
      vertex 20.2943 -23.5266 50.5
      vertex 20 -23.7141 50.5
    endloop
  endfacet
  facet normal 0.53732 -0.843378 0
    outer loop
      vertex 20.2943 -23.5266 50.5
      vertex 20 -23.7141 22
      vertex 20.2943 -23.5266 22
    endloop
  endfacet
  facet normal -0.887029 -0.461714 0
    outer loop
      vertex -21.4641 -22.25 22
      vertex -21.6252 -21.9405 31
      vertex -21.6252 -21.9405 22
    endloop
  endfacet
  facet normal -0.887029 -0.461714 0
    outer loop
      vertex -21.6252 -21.9405 31
      vertex -21.4641 -22.25 22
      vertex -21.4641 -22.25 31
    endloop
  endfacet
  facet normal -0.73994 -0.672673 0
    outer loop
      vertex -21.0642 -22.8211 22
      vertex -21.0582 -22.8277 31
      vertex -21.0642 -22.8211 31
    endloop
  endfacet
  facet normal -0.737237 -0.675634 -3.97319e-06
    outer loop
      vertex -20.8284 -23.0784 22
      vertex -21.0582 -22.8277 31
      vertex -21.0642 -22.8211 22
    endloop
  endfacet
  facet normal -0.737166 -0.675711 -0
    outer loop
      vertex -20.8284 -23.0784 50.5
      vertex -21.0582 -22.8277 31
      vertex -20.8284 -23.0784 22
    endloop
  endfacet
  facet normal -0.737166 -0.675711 0
    outer loop
      vertex -21.0582 -22.8277 31
      vertex -20.8284 -23.0784 50.5
      vertex -21.0582 -22.8277 50.5
    endloop
  endfacet
  facet normal 0.793348 -0.608768 0
    outer loop
      vertex 21.0642 -22.8211 31
      vertex 21.2766 -22.5443 22
      vertex 21.2766 -22.5443 31
    endloop
  endfacet
  facet normal 0.793348 -0.608768 0
    outer loop
      vertex 21.2766 -22.5443 22
      vertex 21.0642 -22.8211 31
      vertex 21.0642 -22.8211 22
    endloop
  endfacet
  facet normal -0.0435616 -0.999051 0
    outer loop
      vertex -18.3486 -24.2348 22
      vertex -18 -24.25 50.5
      vertex -18.3486 -24.2348 50.5
    endloop
  endfacet
  facet normal -0.0435616 -0.999051 -0
    outer loop
      vertex -18 -24.25 50.5
      vertex -18.3486 -24.2348 22
      vertex -18 -24.25 22
    endloop
  endfacet
  facet normal -0.675634 -0.737237 0
    outer loop
      vertex -20.8284 -23.0784 22
      vertex -20.5711 -23.3142 50.5
      vertex -20.8284 -23.0784 50.5
    endloop
  endfacet
  facet normal -0.675634 -0.737237 -0
    outer loop
      vertex -20.5711 -23.3142 50.5
      vertex -20.8284 -23.0784 22
      vertex -20.5711 -23.3142 22
    endloop
  endfacet
  facet normal -0.382824 -0.923821 0
    outer loop
      vertex -19.6905 -23.8752 22
      vertex -19.3681 -24.0088 50.5
      vertex -19.6905 -23.8752 50.5
    endloop
  endfacet
  facet normal -0.382824 -0.923821 -0
    outer loop
      vertex -19.3681 -24.0088 50.5
      vertex -19.6905 -23.8752 22
      vertex -19.3681 -24.0088 22
    endloop
  endfacet
  facet normal -0.130662 -0.991427 0
    outer loop
      vertex -18.6946 -24.1892 22
      vertex -18.3486 -24.2348 50.5
      vertex -18.6946 -24.1892 50.5
    endloop
  endfacet
  facet normal -0.130662 -0.991427 -0
    outer loop
      vertex -18.3486 -24.2348 50.5
      vertex -18.6946 -24.1892 22
      vertex -18.3486 -24.2348 22
    endloop
  endfacet
  facet normal 0.976315 -0.216354 0
    outer loop
      vertex 21.8637 -21.2853 31
      vertex 21.9392 -20.9446 22
      vertex 21.9392 -20.9446 31
    endloop
  endfacet
  facet normal 0.976315 -0.216354 0
    outer loop
      vertex 21.9392 -20.9446 22
      vertex 21.8637 -21.2853 31
      vertex 21.8637 -21.2853 22
    endloop
  endfacet
  facet normal 0.991427 0.130662 0
    outer loop
      vertex 21.9848 20.5986 31
      vertex 21.9392 20.9446 22
      vertex 21.9392 20.9446 31
    endloop
  endfacet
  facet normal 0.991427 0.130662 0
    outer loop
      vertex 21.9392 20.9446 22
      vertex 21.9848 20.5986 31
      vertex 21.9848 20.5986 22
    endloop
  endfacet
  facet normal -0.53732 -0.843378 0
    outer loop
      vertex -20.2943 -23.5266 22
      vertex -20 -23.7141 50.5
      vertex -20.2943 -23.5266 50.5
    endloop
  endfacet
  facet normal -0.53732 -0.843378 -0
    outer loop
      vertex -20 -23.7141 50.5
      vertex -20.2943 -23.5266 22
      vertex -20 -23.7141 22
    endloop
  endfacet
  facet normal -0.843378 0.53732 0
    outer loop
      vertex -21.4641 22.25 22
      vertex -21.2766 22.5443 31
      vertex -21.2766 22.5443 22
    endloop
  endfacet
  facet normal -0.843378 0.53732 0
    outer loop
      vertex -21.2766 22.5443 31
      vertex -21.4641 22.25 22
      vertex -21.4641 22.25 31
    endloop
  endfacet
  facet normal 0.0435616 -0.999051 0
    outer loop
      vertex 18 -24.25 22
      vertex 18.3486 -24.2348 50.5
      vertex 18 -24.25 50.5
    endloop
  endfacet
  facet normal 0.0435616 -0.999051 0
    outer loop
      vertex 18.3486 -24.2348 50.5
      vertex 18 -24.25 22
      vertex 18.3486 -24.2348 22
    endloop
  endfacet
  facet normal -0.793348 -0.608768 0
    outer loop
      vertex -21.0642 -22.8211 22
      vertex -21.2766 -22.5443 31
      vertex -21.2766 -22.5443 22
    endloop
  endfacet
  facet normal -0.793348 -0.608768 0
    outer loop
      vertex -21.2766 -22.5443 31
      vertex -21.0642 -22.8211 22
      vertex -21.0642 -22.8211 31
    endloop
  endfacet
  facet normal 0 0 -1
    outer loop
      vertex 20.95 -20.95 22
      vertex 22 -20.25 22
      vertex 21.9848 -20.5986 22
    endloop
  endfacet
  facet normal -0 0 -1
    outer loop
      vertex 22 -20.25 22
      vertex 20.95 -20.95 22
      vertex 22 20.25 22
    endloop
  endfacet
  facet normal 0 0 -1
    outer loop
      vertex 20.95 -20.95 22
      vertex 21.9848 -20.5986 22
      vertex 21.9392 -20.9446 22
    endloop
  endfacet
  facet normal 0 0 -1
    outer loop
      vertex 20.95 20.95 22
      vertex 22 20.25 22
      vertex 20.95 -20.95 22
    endloop
  endfacet
  facet normal 0 0 -1
    outer loop
      vertex 20.95 -20.95 22
      vertex 21.9392 -20.9446 22
      vertex 21.8637 -21.2853 22
    endloop
  endfacet
  facet normal 0 0 -1
    outer loop
      vertex 22 20.25 22
      vertex 20.95 20.95 22
      vertex 21.9848 20.5986 22
    endloop
  endfacet
  facet normal 0 0 -1
    outer loop
      vertex 20.95 -20.95 22
      vertex 21.8637 -21.2853 22
      vertex 21.7588 -21.6181 22
    endloop
  endfacet
  facet normal 0 0 -1
    outer loop
      vertex 21.9848 20.5986 22
      vertex 20.95 20.95 22
      vertex 21.9392 20.9446 22
    endloop
  endfacet
  facet normal 0 0 -1
    outer loop
      vertex 20.95 -20.95 22
      vertex 21.7588 -21.6181 22
      vertex 21.6252 -21.9405 22
    endloop
  endfacet
  facet normal 0 0 -1
    outer loop
      vertex 21.9392 20.9446 22
      vertex 20.95 20.95 22
      vertex 21.8637 21.2853 22
    endloop
  endfacet
  facet normal 0 0 -1
    outer loop
      vertex 20.95 -20.95 22
      vertex 21.6252 -21.9405 22
      vertex 21.4641 -22.25 22
    endloop
  endfacet
  facet normal -0 0 -1
    outer loop
      vertex 21.8637 21.2853 22
      vertex 20.95 20.95 22
      vertex 21.7588 21.6181 22
    endloop
  endfacet
  facet normal 0 0 -1
    outer loop
      vertex 20.95 -20.95 22
      vertex 21.4641 -22.25 22
      vertex 21.2766 -22.5443 22
    endloop
  endfacet
  facet normal -0 0 -1
    outer loop
      vertex 21.7588 21.6181 22
      vertex 20.95 20.95 22
      vertex 21.6252 21.9405 22
    endloop
  endfacet
  facet normal 0 0 -1
    outer loop
      vertex 20.95 -20.95 22
      vertex 21.2766 -22.5443 22
      vertex 21.0642 -22.8211 22
    endloop
  endfacet
  facet normal -0 0 -1
    outer loop
      vertex 21.6252 21.9405 22
      vertex 20.95 20.95 22
      vertex 21.4641 22.25 22
    endloop
  endfacet
  facet normal -0 0 -1
    outer loop
      vertex 21.4641 22.25 22
      vertex 20.95 20.95 22
      vertex 21.2766 22.5443 22
    endloop
  endfacet
  facet normal 0 0 -1
    outer loop
      vertex 20.8284 -23.0784 22
      vertex 20.95 -20.95 22
      vertex 21.0642 -22.8211 22
    endloop
  endfacet
  facet normal 0 0 -1
    outer loop
      vertex 20.5711 -23.3142 22
      vertex 20.95 -20.95 22
      vertex 20.8284 -23.0784 22
    endloop
  endfacet
  facet normal 0 0 -1
    outer loop
      vertex 20.2943 -23.5266 22
      vertex 20.95 -20.95 22
      vertex 20.5711 -23.3142 22
    endloop
  endfacet
  facet normal 0 0 -1
    outer loop
      vertex 20 -23.7141 22
      vertex 20.95 -20.95 22
      vertex 20.2943 -23.5266 22
    endloop
  endfacet
  facet normal 0 0 -1
    outer loop
      vertex 19.6905 -23.8752 22
      vertex 20.95 -20.95 22
      vertex 20 -23.7141 22
    endloop
  endfacet
  facet normal 0 0 -1
    outer loop
      vertex 19.3681 -24.0088 22
      vertex 20.95 -20.95 22
      vertex 19.6905 -23.8752 22
    endloop
  endfacet
  facet normal 0 0 -1
    outer loop
      vertex 19.0353 -24.1137 22
      vertex 20.95 -20.95 22
      vertex 19.3681 -24.0088 22
    endloop
  endfacet
  facet normal 0 0 -1
    outer loop
      vertex 18.6946 -24.1892 22
      vertex 20.95 -20.95 22
      vertex 19.0353 -24.1137 22
    endloop
  endfacet
  facet normal 0 0 -1
    outer loop
      vertex 18.3486 -24.2348 22
      vertex 20.95 -20.95 22
      vertex 18.6946 -24.1892 22
    endloop
  endfacet
  facet normal 0 0 -1
    outer loop
      vertex 18 -24.25 22
      vertex 20.95 -20.95 22
      vertex 18.3486 -24.2348 22
    endloop
  endfacet
  facet normal 0 0 -1
    outer loop
      vertex -18 -24.25 22
      vertex 20.95 -20.95 22
      vertex 18 -24.25 22
    endloop
  endfacet
  facet normal 0 0 -1
    outer loop
      vertex -20.95 -20.95 22
      vertex -18 -24.25 22
      vertex -18.3486 -24.2348 22
    endloop
  endfacet
  facet normal 0 0 -1
    outer loop
      vertex -20.95 -20.95 22
      vertex -18.3486 -24.2348 22
      vertex -18.6946 -24.1892 22
    endloop
  endfacet
  facet normal 0 0 -1
    outer loop
      vertex -20.95 -20.95 22
      vertex -18.6946 -24.1892 22
      vertex -19.0353 -24.1137 22
    endloop
  endfacet
  facet normal 0 0 -1
    outer loop
      vertex -20.95 -20.95 22
      vertex -19.0353 -24.1137 22
      vertex -19.3681 -24.0088 22
    endloop
  endfacet
  facet normal 0 0 -1
    outer loop
      vertex -20.95 -20.95 22
      vertex -19.3681 -24.0088 22
      vertex -19.6905 -23.8752 22
    endloop
  endfacet
  facet normal 0 0 -1
    outer loop
      vertex -20.95 -20.95 22
      vertex -19.6905 -23.8752 22
      vertex -20 -23.7141 22
    endloop
  endfacet
  facet normal 0 0 -1
    outer loop
      vertex -20.95 -20.95 22
      vertex -20 -23.7141 22
      vertex -20.2943 -23.5266 22
    endloop
  endfacet
  facet normal 0 0 -1
    outer loop
      vertex -20.95 -20.95 22
      vertex -20.2943 -23.5266 22
      vertex -20.5711 -23.3142 22
    endloop
  endfacet
  facet normal 0 0 -1
    outer loop
      vertex -20.95 -20.95 22
      vertex -20.5711 -23.3142 22
      vertex -20.8284 -23.0784 22
    endloop
  endfacet
  facet normal 0 0 -1
    outer loop
      vertex -18 -24.25 22
      vertex -20.95 -20.95 22
      vertex 20.95 -20.95 22
    endloop
  endfacet
  facet normal 0 0 -1
    outer loop
      vertex -21.2766 -22.5443 22
      vertex -20.95 -20.95 22
      vertex -21.0642 -22.8211 22
    endloop
  endfacet
  facet normal 0 0 -1
    outer loop
      vertex -21.0642 -22.8211 22
      vertex -20.95 -20.95 22
      vertex -20.8284 -23.0784 22
    endloop
  endfacet
  facet normal -0 0 -1
    outer loop
      vertex 21.2766 22.5443 22
      vertex 20.95 20.95 22
      vertex 21.0642 22.8211 22
    endloop
  endfacet
  facet normal 0 0 -1
    outer loop
      vertex 20.95 20.95 22
      vertex 20.8284 23.0784 22
      vertex 21.0642 22.8211 22
    endloop
  endfacet
  facet normal 0 0 -1
    outer loop
      vertex 20.95 20.95 22
      vertex 20.5711 23.3142 22
      vertex 20.8284 23.0784 22
    endloop
  endfacet
  facet normal 0 0 -1
    outer loop
      vertex 20.95 20.95 22
      vertex 20.2943 23.5266 22
      vertex 20.5711 23.3142 22
    endloop
  endfacet
  facet normal 0 0 -1
    outer loop
      vertex 20.95 20.95 22
      vertex 20 23.7141 22
      vertex 20.2943 23.5266 22
    endloop
  endfacet
  facet normal 0 0 -1
    outer loop
      vertex 20.95 20.95 22
      vertex 19.6905 23.8752 22
      vertex 20 23.7141 22
    endloop
  endfacet
  facet normal 0 0 -1
    outer loop
      vertex 20.95 20.95 22
      vertex 19.3681 24.0088 22
      vertex 19.6905 23.8752 22
    endloop
  endfacet
  facet normal 0 0 -1
    outer loop
      vertex 20.95 20.95 22
      vertex 19.0353 24.1137 22
      vertex 19.3681 24.0088 22
    endloop
  endfacet
  facet normal 0 0 -1
    outer loop
      vertex 20.95 20.95 22
      vertex 18.6946 24.1892 22
      vertex 19.0353 24.1137 22
    endloop
  endfacet
  facet normal 0 0 -1
    outer loop
      vertex 20.95 20.95 22
      vertex 18.3486 24.2348 22
      vertex 18.6946 24.1892 22
    endloop
  endfacet
  facet normal 0 0 -1
    outer loop
      vertex 20.95 20.95 22
      vertex 18 24.25 22
      vertex 18.3486 24.2348 22
    endloop
  endfacet
  facet normal 0 0 -1
    outer loop
      vertex 20.95 20.95 22
      vertex -18 24.25 22
      vertex 18 24.25 22
    endloop
  endfacet
  facet normal 0 0 -1
    outer loop
      vertex -20.95 20.95 22
      vertex -18 24.25 22
      vertex 20.95 20.95 22
    endloop
  endfacet
  facet normal 0 0 -1
    outer loop
      vertex -18 24.25 22
      vertex -20.95 20.95 22
      vertex -18.3486 24.2348 22
    endloop
  endfacet
  facet normal 0 0 -1
    outer loop
      vertex -18.3486 24.2348 22
      vertex -20.95 20.95 22
      vertex -18.6946 24.1892 22
    endloop
  endfacet
  facet normal 0 0 -1
    outer loop
      vertex -18.6946 24.1892 22
      vertex -20.95 20.95 22
      vertex -19.0353 24.1137 22
    endloop
  endfacet
  facet normal 0 0 -1
    outer loop
      vertex -19.0353 24.1137 22
      vertex -20.95 20.95 22
      vertex -19.3681 24.0088 22
    endloop
  endfacet
  facet normal 0 0 -1
    outer loop
      vertex -19.3681 24.0088 22
      vertex -20.95 20.95 22
      vertex -19.6905 23.8752 22
    endloop
  endfacet
  facet normal 0 0 -1
    outer loop
      vertex -19.6905 23.8752 22
      vertex -20.95 20.95 22
      vertex -20 23.7141 22
    endloop
  endfacet
  facet normal 0 0 -1
    outer loop
      vertex -20 23.7141 22
      vertex -20.95 20.95 22
      vertex -20.2943 23.5266 22
    endloop
  endfacet
  facet normal 0 0 -1
    outer loop
      vertex -20.2943 23.5266 22
      vertex -20.95 20.95 22
      vertex -20.5711 23.3142 22
    endloop
  endfacet
  facet normal 0 0 -1
    outer loop
      vertex -20.5711 23.3142 22
      vertex -20.95 20.95 22
      vertex -20.8284 23.0784 22
    endloop
  endfacet
  facet normal 0 0 -1
    outer loop
      vertex -20.95 20.95 22
      vertex -21.0642 22.8211 22
      vertex -20.8284 23.0784 22
    endloop
  endfacet
  facet normal 0 0 -1
    outer loop
      vertex -20.95 -20.95 22
      vertex -22 -20.25 22
      vertex -20.95 20.95 22
    endloop
  endfacet
  facet normal 0 0 -1
    outer loop
      vertex -21.4641 -22.25 22
      vertex -20.95 -20.95 22
      vertex -21.2766 -22.5443 22
    endloop
  endfacet
  facet normal 0 0 -1
    outer loop
      vertex -22 20.25 22
      vertex -20.95 20.95 22
      vertex -22 -20.25 22
    endloop
  endfacet
  facet normal 0 0 -1
    outer loop
      vertex -21.6252 -21.9405 22
      vertex -20.95 -20.95 22
      vertex -21.4641 -22.25 22
    endloop
  endfacet
  facet normal 0 -0 -1
    outer loop
      vertex -21.9848 20.5986 22
      vertex -20.95 20.95 22
      vertex -22 20.25 22
    endloop
  endfacet
  facet normal 0 0 -1
    outer loop
      vertex -21.7588 -21.6181 22
      vertex -20.95 -20.95 22
      vertex -21.6252 -21.9405 22
    endloop
  endfacet
  facet normal 0 0 -1
    outer loop
      vertex -20.95 20.95 22
      vertex -21.2766 22.5443 22
      vertex -21.0642 22.8211 22
    endloop
  endfacet
  facet normal 0 0 -1
    outer loop
      vertex -21.8637 -21.2853 22
      vertex -20.95 -20.95 22
      vertex -21.7588 -21.6181 22
    endloop
  endfacet
  facet normal 0 0 -1
    outer loop
      vertex -20.95 20.95 22
      vertex -21.4641 22.25 22
      vertex -21.2766 22.5443 22
    endloop
  endfacet
  facet normal 0 0 -1
    outer loop
      vertex -21.9392 -20.9446 22
      vertex -20.95 -20.95 22
      vertex -21.8637 -21.2853 22
    endloop
  endfacet
  facet normal 0 0 -1
    outer loop
      vertex -20.95 20.95 22
      vertex -21.6252 21.9405 22
      vertex -21.4641 22.25 22
    endloop
  endfacet
  facet normal 0 0 -1
    outer loop
      vertex -21.9848 -20.5986 22
      vertex -20.95 -20.95 22
      vertex -21.9392 -20.9446 22
    endloop
  endfacet
  facet normal 0 0 -1
    outer loop
      vertex -20.95 20.95 22
      vertex -21.7588 21.6181 22
      vertex -21.6252 21.9405 22
    endloop
  endfacet
  facet normal 0 0 -1
    outer loop
      vertex -20.95 -20.95 22
      vertex -21.9848 -20.5986 22
      vertex -22 -20.25 22
    endloop
  endfacet
  facet normal 0 0 -1
    outer loop
      vertex -20.95 20.95 22
      vertex -21.8637 21.2853 22
      vertex -21.7588 21.6181 22
    endloop
  endfacet
  facet normal -0 0 -1
    outer loop
      vertex -20.95 20.95 22
      vertex -21.9392 20.9446 22
      vertex -21.8637 21.2853 22
    endloop
  endfacet
  facet normal 0 0 -1
    outer loop
      vertex -20.95 20.95 22
      vertex -21.9848 20.5986 22
      vertex -21.9392 20.9446 22
    endloop
  endfacet
  facet normal 0.999051 0.0435616 0
    outer loop
      vertex 22 20.25 31
      vertex 21.9848 20.5986 22
      vertex 21.9848 20.5986 31
    endloop
  endfacet
  facet normal 0.999051 0.0435616 0
    outer loop
      vertex 21.9848 20.5986 22
      vertex 22 20.25 31
      vertex 22 20.25 22
    endloop
  endfacet
  facet normal -0.999051 -0.0435616 0
    outer loop
      vertex -21.9848 -20.5986 22
      vertex -22 -20.25 31
      vertex -22 -20.25 22
    endloop
  endfacet
  facet normal -0.999051 -0.0435616 0
    outer loop
      vertex -22 -20.25 31
      vertex -21.9848 -20.5986 22
      vertex -21.9848 -20.5986 31
    endloop
  endfacet
  facet normal 0.737166 -0.675711 0
    outer loop
      vertex 21.0582 -22.8277 50.5
      vertex 20.8284 -23.0784 50.5
      vertex 21.0582 -22.8277 31
    endloop
  endfacet
  facet normal 0.73994 -0.672673 0
    outer loop
      vertex 21.0582 -22.8277 31
      vertex 21.0642 -22.8211 22
      vertex 21.0642 -22.8211 31
    endloop
  endfacet
  facet normal 0.737166 -0.675711 0
    outer loop
      vertex 20.8284 -23.0784 22
      vertex 21.0582 -22.8277 31
      vertex 20.8284 -23.0784 50.5
    endloop
  endfacet
  facet normal 0.737237 -0.675634 -3.97319e-06
    outer loop
      vertex 21.0582 -22.8277 31
      vertex 20.8284 -23.0784 22
      vertex 21.0642 -22.8211 22
    endloop
  endfacet
  facet normal -0.675634 0.737237 0
    outer loop
      vertex -20.5711 23.3142 22
      vertex -20.8284 23.0784 50.5
      vertex -20.5711 23.3142 50.5
    endloop
  endfacet
  facet normal -0.675634 0.737237 0
    outer loop
      vertex -20.8284 23.0784 50.5
      vertex -20.5711 23.3142 22
      vertex -20.8284 23.0784 22
    endloop
  endfacet
  facet normal 0.976315 0.216354 0
    outer loop
      vertex 21.9392 20.9446 31
      vertex 21.8637 21.2853 22
      vertex 21.8637 21.2853 31
    endloop
  endfacet
  facet normal 0.976315 0.216354 0
    outer loop
      vertex 21.8637 21.2853 22
      vertex 21.9392 20.9446 31
      vertex 21.9392 20.9446 22
    endloop
  endfacet
  facet normal 0.382824 0.923821 -0
    outer loop
      vertex 19.6905 23.8752 22
      vertex 19.3681 24.0088 50.5
      vertex 19.6905 23.8752 50.5
    endloop
  endfacet
  facet normal 0.382824 0.923821 0
    outer loop
      vertex 19.3681 24.0088 50.5
      vertex 19.6905 23.8752 22
      vertex 19.3681 24.0088 22
    endloop
  endfacet
  facet normal 0.300624 -0.953743 0
    outer loop
      vertex 19.0353 -24.1137 22
      vertex 19.3681 -24.0088 50.5
      vertex 19.0353 -24.1137 50.5
    endloop
  endfacet
  facet normal 0.300624 -0.953743 0
    outer loop
      vertex 19.3681 -24.0088 50.5
      vertex 19.0353 -24.1137 22
      vertex 19.3681 -24.0088 22
    endloop
  endfacet
  facet normal 0.737166 0.675711 -0
    outer loop
      vertex 21.0582 22.8277 31
      vertex 20.8284 23.0784 50.5
      vertex 21.0582 22.8277 50.5
    endloop
  endfacet
  facet normal 0.737166 0.675711 0
    outer loop
      vertex 20.8284 23.0784 50.5
      vertex 21.0582 22.8277 31
      vertex 20.8284 23.0784 22
    endloop
  endfacet
  facet normal 0.73994 0.672673 -0
    outer loop
      vertex 21.0642 22.8211 22
      vertex 21.0582 22.8277 31
      vertex 21.0642 22.8211 31
    endloop
  endfacet
  facet normal 0.737237 0.675634 -3.97319e-06
    outer loop
      vertex 21.0582 22.8277 31
      vertex 21.0642 22.8211 22
      vertex 20.8284 23.0784 22
    endloop
  endfacet
  facet normal 0.843378 0.53732 0
    outer loop
      vertex 21.4641 22.25 31
      vertex 21.2766 22.5443 22
      vertex 21.2766 22.5443 31
    endloop
  endfacet
  facet normal 0.843378 0.53732 0
    outer loop
      vertex 21.2766 22.5443 22
      vertex 21.4641 22.25 31
      vertex 21.4641 22.25 22
    endloop
  endfacet
  facet normal -0.923821 -0.382824 0
    outer loop
      vertex -21.6252 -21.9405 22
      vertex -21.7588 -21.6181 31
      vertex -21.7588 -21.6181 22
    endloop
  endfacet
  facet normal -0.923821 -0.382824 0
    outer loop
      vertex -21.7588 -21.6181 31
      vertex -21.6252 -21.9405 22
      vertex -21.6252 -21.9405 31
    endloop
  endfacet
  facet normal 0.923821 0.382824 0
    outer loop
      vertex 21.7588 21.6181 31
      vertex 21.6252 21.9405 22
      vertex 21.6252 21.9405 31
    endloop
  endfacet
  facet normal 0.923821 0.382824 0
    outer loop
      vertex 21.6252 21.9405 22
      vertex 21.7588 21.6181 31
      vertex 21.7588 21.6181 22
    endloop
  endfacet
  facet normal -0.843378 -0.53732 0
    outer loop
      vertex -21.2766 -22.5443 22
      vertex -21.4641 -22.25 31
      vertex -21.4641 -22.25 22
    endloop
  endfacet
  facet normal -0.843378 -0.53732 0
    outer loop
      vertex -21.4641 -22.25 31
      vertex -21.2766 -22.5443 22
      vertex -21.2766 -22.5443 31
    endloop
  endfacet
  facet normal 0.300624 0.953743 -0
    outer loop
      vertex 19.3681 24.0088 22
      vertex 19.0353 24.1137 50.5
      vertex 19.3681 24.0088 50.5
    endloop
  endfacet
  facet normal 0.300624 0.953743 0
    outer loop
      vertex 19.0353 24.1137 50.5
      vertex 19.3681 24.0088 22
      vertex 19.0353 24.1137 22
    endloop
  endfacet
  facet normal 0 0 1
    outer loop
      vertex 18 24.25 50.5
      vertex 21 4.16449 50.5
      vertex 21 22.25 50.5
    endloop
  endfacet
  facet normal 0 0 1
    outer loop
      vertex -21 4.16449 50.5
      vertex 21 4.16449 50.5
      vertex 18 24.25 50.5
    endloop
  endfacet
  facet normal 0 0 1
    outer loop
      vertex 21.0114 22.5115 50.5
      vertex 20.5711 23.3142 50.5
      vertex 21 22.25 50.5
    endloop
  endfacet
  facet normal 0 0 1
    outer loop
      vertex 20.5711 23.3142 50.5
      vertex 21.0114 22.5115 50.5
      vertex 20.8284 23.0784 50.5
    endloop
  endfacet
  facet normal 0 0 1
    outer loop
      vertex 21.0456 22.7709 50.5
      vertex 20.8284 23.0784 50.5
      vertex 21.0114 22.5115 50.5
    endloop
  endfacet
  facet normal 0 0 1
    outer loop
      vertex 20.8284 23.0784 50.5
      vertex 21.0456 22.7709 50.5
      vertex 21.0582 22.8277 50.5
    endloop
  endfacet
  facet normal -0 0 1
    outer loop
      vertex 21 4.16449 50.5
      vertex 22 -4.16449 50.5
      vertex 22 4.16449 50.5
    endloop
  endfacet
  facet normal 0 0 1
    outer loop
      vertex 22 -4.16449 50.5
      vertex 21 4.16449 50.5
      vertex 21 -4.16449 50.5
    endloop
  endfacet
  facet normal 0 0 1
    outer loop
      vertex 21.0456 -22.7709 50.5
      vertex 20.8284 -23.0784 50.5
      vertex 21.0582 -22.8277 50.5
    endloop
  endfacet
  facet normal 0 0 1
    outer loop
      vertex 21.0114 -22.5115 50.5
      vertex 20.8284 -23.0784 50.5
      vertex 21.0456 -22.7709 50.5
    endloop
  endfacet
  facet normal 0 0 1
    outer loop
      vertex 20.5711 -23.3142 50.5
      vertex 21.0114 -22.5115 50.5
      vertex 21 -22.25 50.5
    endloop
  endfacet
  facet normal 0 0 1
    outer loop
      vertex 21 4.16449 50.5
      vertex -21 4.16449 50.5
      vertex 21 -4.16449 50.5
    endloop
  endfacet
  facet normal 0 0 1
    outer loop
      vertex 20.2943 23.5266 50.5
      vertex 21 22.25 50.5
      vertex 20.5711 23.3142 50.5
    endloop
  endfacet
  facet normal 0 0 1
    outer loop
      vertex -21 -4.16449 50.5
      vertex 21 -4.16449 50.5
      vertex -21 4.16449 50.5
    endloop
  endfacet
  facet normal 0 0 1
    outer loop
      vertex 20 23.7141 50.5
      vertex 21 22.25 50.5
      vertex 20.2943 23.5266 50.5
    endloop
  endfacet
  facet normal 0 -0 1
    outer loop
      vertex 18.3486 -24.2348 50.5
      vertex 21 -22.25 50.5
      vertex 18 -24.25 50.5
    endloop
  endfacet
  facet normal 0 0 1
    outer loop
      vertex 19.6905 23.8752 50.5
      vertex 21 22.25 50.5
      vertex 20 23.7141 50.5
    endloop
  endfacet
  facet normal 0 0 1
    outer loop
      vertex 21.0114 -22.5115 50.5
      vertex 20.5711 -23.3142 50.5
      vertex 20.8284 -23.0784 50.5
    endloop
  endfacet
  facet normal 0 0 1
    outer loop
      vertex 19.3681 24.0088 50.5
      vertex 21 22.25 50.5
      vertex 19.6905 23.8752 50.5
    endloop
  endfacet
  facet normal 0 0 1
    outer loop
      vertex 21 -22.25 50.5
      vertex 20.2943 -23.5266 50.5
      vertex 20.5711 -23.3142 50.5
    endloop
  endfacet
  facet normal 0 0 1
    outer loop
      vertex 19.0353 24.1137 50.5
      vertex 21 22.25 50.5
      vertex 19.3681 24.0088 50.5
    endloop
  endfacet
  facet normal 0 0 1
    outer loop
      vertex 21 -22.25 50.5
      vertex 20 -23.7141 50.5
      vertex 20.2943 -23.5266 50.5
    endloop
  endfacet
  facet normal 0 0 1
    outer loop
      vertex 18.6946 24.1892 50.5
      vertex 21 22.25 50.5
      vertex 19.0353 24.1137 50.5
    endloop
  endfacet
  facet normal 0 0 1
    outer loop
      vertex 21 -22.25 50.5
      vertex 19.6905 -23.8752 50.5
      vertex 20 -23.7141 50.5
    endloop
  endfacet
  facet normal 0 0 1
    outer loop
      vertex 18.3486 24.2348 50.5
      vertex 21 22.25 50.5
      vertex 18.6946 24.1892 50.5
    endloop
  endfacet
  facet normal 0 0 1
    outer loop
      vertex 21 -22.25 50.5
      vertex 19.3681 -24.0088 50.5
      vertex 19.6905 -23.8752 50.5
    endloop
  endfacet
  facet normal 0 0 1
    outer loop
      vertex 21 22.25 50.5
      vertex 18.3486 24.2348 50.5
      vertex 18 24.25 50.5
    endloop
  endfacet
  facet normal 0 0 1
    outer loop
      vertex 21 -22.25 50.5
      vertex 19.0353 -24.1137 50.5
      vertex 19.3681 -24.0088 50.5
    endloop
  endfacet
  facet normal 0 0 1
    outer loop
      vertex 21 -22.25 50.5
      vertex 18.6946 -24.1892 50.5
      vertex 19.0353 -24.1137 50.5
    endloop
  endfacet
  facet normal 0 0 1
    outer loop
      vertex 21 -22.25 50.5
      vertex 18.3486 -24.2348 50.5
      vertex 18.6946 -24.1892 50.5
    endloop
  endfacet
  facet normal 0 0 1
    outer loop
      vertex -21 4.16449 50.5
      vertex 18 24.25 50.5
      vertex -18 24.25 50.5
    endloop
  endfacet
  facet normal 0 -0 1
    outer loop
      vertex 18 -24.25 50.5
      vertex 21 -4.16449 50.5
      vertex -21 -4.16449 50.5
    endloop
  endfacet
  facet normal 0 0 1
    outer loop
      vertex -21 22.25 50.5
      vertex -18 24.25 50.5
      vertex -18.3486 24.2348 50.5
    endloop
  endfacet
  facet normal 0 0 1
    outer loop
      vertex 21 -4.16449 50.5
      vertex 18 -24.25 50.5
      vertex 21 -22.25 50.5
    endloop
  endfacet
  facet normal 0 0 1
    outer loop
      vertex -21 22.25 50.5
      vertex -18.3486 24.2348 50.5
      vertex -18.6946 24.1892 50.5
    endloop
  endfacet
  facet normal 0 0 1
    outer loop
      vertex 18 -24.25 50.5
      vertex -21 -4.16449 50.5
      vertex -18 -24.25 50.5
    endloop
  endfacet
  facet normal 0 0 1
    outer loop
      vertex -21 22.25 50.5
      vertex -18.6946 24.1892 50.5
      vertex -19.0353 24.1137 50.5
    endloop
  endfacet
  facet normal -0 0 1
    outer loop
      vertex -21 -22.25 50.5
      vertex -18 -24.25 50.5
      vertex -21 -4.16449 50.5
    endloop
  endfacet
  facet normal 0 0 1
    outer loop
      vertex -21 22.25 50.5
      vertex -19.0353 24.1137 50.5
      vertex -19.3681 24.0088 50.5
    endloop
  endfacet
  facet normal 0 0 1
    outer loop
      vertex -18 -24.25 50.5
      vertex -21 -22.25 50.5
      vertex -18.3486 -24.2348 50.5
    endloop
  endfacet
  facet normal 0 0 1
    outer loop
      vertex -21 22.25 50.5
      vertex -19.3681 24.0088 50.5
      vertex -19.6905 23.8752 50.5
    endloop
  endfacet
  facet normal 0 0 1
    outer loop
      vertex -18.3486 -24.2348 50.5
      vertex -21 -22.25 50.5
      vertex -18.6946 -24.1892 50.5
    endloop
  endfacet
  facet normal 0 0 1
    outer loop
      vertex -21 22.25 50.5
      vertex -19.6905 23.8752 50.5
      vertex -20 23.7141 50.5
    endloop
  endfacet
  facet normal 0 0 1
    outer loop
      vertex -18.6946 -24.1892 50.5
      vertex -21 -22.25 50.5
      vertex -19.0353 -24.1137 50.5
    endloop
  endfacet
  facet normal 0 0 1
    outer loop
      vertex -21 22.25 50.5
      vertex -20 23.7141 50.5
      vertex -20.2943 23.5266 50.5
    endloop
  endfacet
  facet normal 0 0 1
    outer loop
      vertex -19.0353 -24.1137 50.5
      vertex -21 -22.25 50.5
      vertex -19.3681 -24.0088 50.5
    endloop
  endfacet
  facet normal 0 0 1
    outer loop
      vertex -21 22.25 50.5
      vertex -20.2943 23.5266 50.5
      vertex -20.5711 23.3142 50.5
    endloop
  endfacet
  facet normal 0 0 1
    outer loop
      vertex -19.3681 -24.0088 50.5
      vertex -21 -22.25 50.5
      vertex -19.6905 -23.8752 50.5
    endloop
  endfacet
  facet normal 0 0 1
    outer loop
      vertex -21.0114 22.5115 50.5
      vertex -20.5711 23.3142 50.5
      vertex -20.8284 23.0784 50.5
    endloop
  endfacet
  facet normal 0 0 1
    outer loop
      vertex -19.6905 -23.8752 50.5
      vertex -21 -22.25 50.5
      vertex -20 -23.7141 50.5
    endloop
  endfacet
  facet normal 0 0 1
    outer loop
      vertex -18 24.25 50.5
      vertex -21 22.25 50.5
      vertex -21 4.16449 50.5
    endloop
  endfacet
  facet normal 0 0 1
    outer loop
      vertex -20.5711 23.3142 50.5
      vertex -21.0114 22.5115 50.5
      vertex -21 22.25 50.5
    endloop
  endfacet
  facet normal 0 0 1
    outer loop
      vertex -20.8284 23.0784 50.5
      vertex -21.0456 22.7709 50.5
      vertex -21.0114 22.5115 50.5
    endloop
  endfacet
  facet normal 0 -0 1
    outer loop
      vertex -21.0456 22.7709 50.5
      vertex -20.8284 23.0784 50.5
      vertex -21.0582 22.8277 50.5
    endloop
  endfacet
  facet normal -0 0 1
    outer loop
      vertex -22 4.16449 50.5
      vertex -21 -4.16449 50.5
      vertex -21 4.16449 50.5
    endloop
  endfacet
  facet normal 0 0 1
    outer loop
      vertex -21 -4.16449 50.5
      vertex -22 4.16449 50.5
      vertex -22 -4.16449 50.5
    endloop
  endfacet
  facet normal 0 0 1
    outer loop
      vertex -20 -23.7141 50.5
      vertex -21 -22.25 50.5
      vertex -20.2943 -23.5266 50.5
    endloop
  endfacet
  facet normal 0 0 1
    outer loop
      vertex -20.2943 -23.5266 50.5
      vertex -21 -22.25 50.5
      vertex -20.5711 -23.3142 50.5
    endloop
  endfacet
  facet normal -0 0 1
    outer loop
      vertex -21.0114 -22.5115 50.5
      vertex -20.5711 -23.3142 50.5
      vertex -21 -22.25 50.5
    endloop
  endfacet
  facet normal 0 0 1
    outer loop
      vertex -20.5711 -23.3142 50.5
      vertex -21.0114 -22.5115 50.5
      vertex -20.8284 -23.0784 50.5
    endloop
  endfacet
  facet normal -0 0 1
    outer loop
      vertex -21.0456 -22.7709 50.5
      vertex -20.8284 -23.0784 50.5
      vertex -21.0114 -22.5115 50.5
    endloop
  endfacet
  facet normal 0 0 1
    outer loop
      vertex -20.8284 -23.0784 50.5
      vertex -21.0456 -22.7709 50.5
      vertex -21.0582 -22.8277 50.5
    endloop
  endfacet
  facet normal -0.216354 -0.976315 0
    outer loop
      vertex -19.0353 -24.1137 22
      vertex -18.6946 -24.1892 50.5
      vertex -19.0353 -24.1137 50.5
    endloop
  endfacet
  facet normal -0.216354 -0.976315 -0
    outer loop
      vertex -18.6946 -24.1892 50.5
      vertex -19.0353 -24.1137 22
      vertex -18.6946 -24.1892 22
    endloop
  endfacet
  facet normal 0.608768 0.793348 -0
    outer loop
      vertex 20.5711 23.3142 22
      vertex 20.2943 23.5266 50.5
      vertex 20.5711 23.3142 50.5
    endloop
  endfacet
  facet normal 0.608768 0.793348 0
    outer loop
      vertex 20.2943 23.5266 50.5
      vertex 20.5711 23.3142 22
      vertex 20.2943 23.5266 22
    endloop
  endfacet
  facet normal 0.53732 0.843378 -0
    outer loop
      vertex 20.2943 23.5266 22
      vertex 20 23.7141 50.5
      vertex 20.2943 23.5266 50.5
    endloop
  endfacet
  facet normal 0.53732 0.843378 0
    outer loop
      vertex 20 23.7141 50.5
      vertex 20.2943 23.5266 22
      vertex 20 23.7141 22
    endloop
  endfacet
  facet normal 1 -0 0
    outer loop
      vertex -20.95 -20.95 32.95
      vertex -20.95 20.95 22
      vertex -20.95 20.95 32.95
    endloop
  endfacet
  facet normal 1 0 0
    outer loop
      vertex -20.95 20.95 22
      vertex -20.95 -20.95 32.95
      vertex -20.95 -20.95 22
    endloop
  endfacet
  facet normal -1 0 0
    outer loop
      vertex 20.95 -20.95 22
      vertex 20.95 20.95 32.95
      vertex 20.95 20.95 22
    endloop
  endfacet
  facet normal -1 -0 0
    outer loop
      vertex 20.95 20.95 32.95
      vertex 20.95 -20.95 22
      vertex 20.95 -20.95 32.95
    endloop
  endfacet
  facet normal 0 1 -0
    outer loop
      vertex 20.95 -20.95 22
      vertex -20.95 -20.95 32.95
      vertex 20.95 -20.95 32.95
    endloop
  endfacet
  facet normal 0 1 0
    outer loop
      vertex -20.95 -20.95 32.95
      vertex 20.95 -20.95 22
      vertex -20.95 -20.95 22
    endloop
  endfacet
  facet normal 0 -1 0
    outer loop
      vertex -20.95 20.95 22
      vertex 20.95 20.95 32.95
      vertex -20.95 20.95 32.95
    endloop
  endfacet
  facet normal 0 -1 -0
    outer loop
      vertex 20.95 20.95 32.95
      vertex -20.95 20.95 22
      vertex 20.95 20.95 22
    endloop
  endfacet
  facet normal 0 0 -1
    outer loop
      vertex -20.95 -20.95 32.95
      vertex 20.95 20.95 32.95
      vertex 20.95 -20.95 32.95
    endloop
  endfacet
  facet normal -0 0 -1
    outer loop
      vertex 20.95 20.95 32.95
      vertex -20.95 -20.95 32.95
      vertex -20.95 20.95 32.95
    endloop
  endfacet
  facet normal 0.6756 0.737268 -0
    outer loop
      vertex 25.5355 23.7855 3
      vertex 25.2139 24.0802 9
      vertex 25.5355 23.7855 9
    endloop
  endfacet
  facet normal 0.6756 0.737268 0
    outer loop
      vertex 25.2139 24.0802 9
      vertex 25.5355 23.7855 3
      vertex 25.2139 24.0802 3
    endloop
  endfacet
  facet normal -0.216396 0.976306 0
    outer loop
      vertex -22.8682 25.174 3
      vertex -23.2941 25.0796 9
      vertex -22.8682 25.174 9
    endloop
  endfacet
  facet normal -0.216396 0.976306 0
    outer loop
      vertex -23.2941 25.0796 9
      vertex -22.8682 25.174 3
      vertex -23.2941 25.0796 3
    endloop
  endfacet
  facet normal 0.953759 -0.300572 0
    outer loop
      vertex 26.6985 -21.9601 9
      vertex 26.8296 -21.5441 3
      vertex 26.8296 -21.5441 9
    endloop
  endfacet
  facet normal 0.953759 -0.300572 0
    outer loop
      vertex 26.8296 -21.5441 3
      vertex 26.6985 -21.9601 9
      vertex 26.6985 -21.9601 3
    endloop
  endfacet
  facet normal 0.130692 0.991423 -0
    outer loop
      vertex 22.8682 25.174 3
      vertex 22.4358 25.231 9
      vertex 22.8682 25.174 9
    endloop
  endfacet
  facet normal 0.130692 0.991423 0
    outer loop
      vertex 22.4358 25.231 9
      vertex 22.8682 25.174 3
      vertex 22.4358 25.231 3
    endloop
  endfacet
  facet normal -0.382824 0.923821 0
    outer loop
      vertex -23.7101 24.9485 3
      vertex -24.1131 24.7815 9
      vertex -23.7101 24.9485 9
    endloop
  endfacet
  facet normal -0.382824 0.923821 0
    outer loop
      vertex -24.1131 24.7815 9
      vertex -23.7101 24.9485 3
      vertex -24.1131 24.7815 3
    endloop
  endfacet
  facet normal -0.976306 0.216396 0
    outer loop
      vertex -26.924 21.1182 3
      vertex -26.8296 21.5441 9
      vertex -26.8296 21.5441 3
    endloop
  endfacet
  facet normal -0.976306 0.216396 0
    outer loop
      vertex -26.8296 21.5441 9
      vertex -26.924 21.1182 3
      vertex -26.924 21.1182 9
    endloop
  endfacet
  facet normal 0.953759 0.300572 0
    outer loop
      vertex 26.8296 21.5441 9
      vertex 26.6985 21.9601 3
      vertex 26.6985 21.9601 9
    endloop
  endfacet
  facet normal 0.953759 0.300572 0
    outer loop
      vertex 26.6985 21.9601 3
      vertex 26.8296 21.5441 9
      vertex 26.8296 21.5441 3
    endloop
  endfacet
  facet normal -0.608913 0.793237 0
    outer loop
      vertex -24.8679 24.3458 3
      vertex -25.2139 24.0802 9
      vertex -24.8679 24.3458 9
    endloop
  endfacet
  facet normal -0.608913 0.793237 0
    outer loop
      vertex -25.2139 24.0802 9
      vertex -24.8679 24.3458 3
      vertex -25.2139 24.0802 3
    endloop
  endfacet
  facet normal -0.300572 0.953759 0
    outer loop
      vertex -23.2941 25.0796 3
      vertex -23.7101 24.9485 9
      vertex -23.2941 25.0796 9
    endloop
  endfacet
  facet normal -0.300572 0.953759 0
    outer loop
      vertex -23.7101 24.9485 9
      vertex -23.2941 25.0796 3
      vertex -23.7101 24.9485 3
    endloop
  endfacet
  facet normal 0 1 -0
    outer loop
      vertex -5 25.25 3
      vertex -22 25.25 9
      vertex -5 25.25 9
    endloop
  endfacet
  facet normal 0 1 0
    outer loop
      vertex -22 25.25 9
      vertex -5 25.25 3
      vertex -22 25.25 3
    endloop
  endfacet
  facet normal 0 1 -0
    outer loop
      vertex 22 25.25 3
      vertex 5 25.25 9
      vertex 22 25.25 9
    endloop
  endfacet
  facet normal 0 1 0
    outer loop
      vertex 5 25.25 9
      vertex 22 25.25 3
      vertex 5 25.25 3
    endloop
  endfacet
  facet normal -0.0435566 -0.999051 0
    outer loop
      vertex -22.4358 -25.231 3
      vertex -22 -25.25 9
      vertex -22.4358 -25.231 9
    endloop
  endfacet
  facet normal -0.0435566 -0.999051 -0
    outer loop
      vertex -22 -25.25 9
      vertex -22.4358 -25.231 3
      vertex -22 -25.25 3
    endloop
  endfacet
  facet normal 0.976306 -0.216396 0
    outer loop
      vertex 26.8296 -21.5441 9
      vertex 26.924 -21.1182 3
      vertex 26.924 -21.1182 9
    endloop
  endfacet
  facet normal 0.976306 -0.216396 0
    outer loop
      vertex 26.924 -21.1182 3
      vertex 26.8296 -21.5441 9
      vertex 26.8296 -21.5441 3
    endloop
  endfacet
  facet normal -0.843473 0.537172 0
    outer loop
      vertex -26.3301 22.75 3
      vertex -26.0958 23.1179 9
      vertex -26.0958 23.1179 3
    endloop
  endfacet
  facet normal -0.843473 0.537172 0
    outer loop
      vertex -26.0958 23.1179 9
      vertex -26.3301 22.75 3
      vertex -26.3301 22.75 9
    endloop
  endfacet
  facet normal 0 -1 0
    outer loop
      vertex -22 -25.25 3
      vertex -5 -25.25 9
      vertex -22 -25.25 9
    endloop
  endfacet
  facet normal 0 -1 -0
    outer loop
      vertex -5 -25.25 9
      vertex -22 -25.25 3
      vertex -5 -25.25 3
    endloop
  endfacet
  facet normal 0 -1 0
    outer loop
      vertex 5 -25.25 3
      vertex 22 -25.25 9
      vertex 5 -25.25 9
    endloop
  endfacet
  facet normal 0 -1 -0
    outer loop
      vertex 22 -25.25 9
      vertex 5 -25.25 3
      vertex 22 -25.25 3
    endloop
  endfacet
  facet normal 1 -0 0
    outer loop
      vertex 27 -20.25 9
      vertex 27 20.25 3
      vertex 27 20.25 9
    endloop
  endfacet
  facet normal 1 0 0
    outer loop
      vertex 27 20.25 3
      vertex 27 -20.25 9
      vertex 27 -20.25 3
    endloop
  endfacet
  facet normal 0 0 1
    outer loop
      vertex 22 25.25 9
      vertex 27 20.25 9
      vertex 26.981 20.6858 9
    endloop
  endfacet
  facet normal 0 0 1
    outer loop
      vertex 27 20.25 9
      vertex 5 25.25 9
      vertex 27 -20.25 9
    endloop
  endfacet
  facet normal 0 0 1
    outer loop
      vertex 22 25.25 9
      vertex 26.981 20.6858 9
      vertex 26.924 21.1182 9
    endloop
  endfacet
  facet normal 0 0 1
    outer loop
      vertex 5 -25.25 9
      vertex 27 -20.25 9
      vertex 5 25.25 9
    endloop
  endfacet
  facet normal 0 0 1
    outer loop
      vertex 22 25.25 9
      vertex 26.924 21.1182 9
      vertex 26.8296 21.5441 9
    endloop
  endfacet
  facet normal 0 -0 1
    outer loop
      vertex 22 -25.25 9
      vertex 27 -20.25 9
      vertex 5 -25.25 9
    endloop
  endfacet
  facet normal 0 0 1
    outer loop
      vertex 22 25.25 9
      vertex 26.8296 21.5441 9
      vertex 26.6985 21.9601 9
    endloop
  endfacet
  facet normal 0 0 1
    outer loop
      vertex 27 -20.25 9
      vertex 22 -25.25 9
      vertex 26.981 -20.6858 9
    endloop
  endfacet
  facet normal 0 0 1
    outer loop
      vertex 22 25.25 9
      vertex 26.6985 21.9601 9
      vertex 26.5315 22.3631 9
    endloop
  endfacet
  facet normal 0 0 1
    outer loop
      vertex 26.981 -20.6858 9
      vertex 22 -25.25 9
      vertex 26.924 -21.1182 9
    endloop
  endfacet
  facet normal 0 0 1
    outer loop
      vertex 22 25.25 9
      vertex 26.5315 22.3631 9
      vertex 26.3301 22.75 9
    endloop
  endfacet
  facet normal 0 0 1
    outer loop
      vertex 26.924 -21.1182 9
      vertex 22 -25.25 9
      vertex 26.8296 -21.5441 9
    endloop
  endfacet
  facet normal 0 0 1
    outer loop
      vertex 22 25.25 9
      vertex 26.3301 22.75 9
      vertex 26.0958 23.1179 9
    endloop
  endfacet
  facet normal 0 0 1
    outer loop
      vertex 26.8296 -21.5441 9
      vertex 22 -25.25 9
      vertex 26.6985 -21.9601 9
    endloop
  endfacet
  facet normal 0 0 1
    outer loop
      vertex 22 25.25 9
      vertex 26.0958 23.1179 9
      vertex 25.8302 23.4639 9
    endloop
  endfacet
  facet normal 0 0 1
    outer loop
      vertex 26.6985 -21.9601 9
      vertex 22 -25.25 9
      vertex 26.5315 -22.3631 9
    endloop
  endfacet
  facet normal 0 0 1
    outer loop
      vertex 22 25.25 9
      vertex 25.8302 23.4639 9
      vertex 25.5355 23.7855 9
    endloop
  endfacet
  facet normal 0 0 1
    outer loop
      vertex 27 20.25 9
      vertex 22 25.25 9
      vertex 5 25.25 9
    endloop
  endfacet
  facet normal 0 0 1
    outer loop
      vertex 22 25.25 9
      vertex 25.5355 23.7855 9
      vertex 25.2139 24.0802 9
    endloop
  endfacet
  facet normal 0 0 1
    outer loop
      vertex 26.5315 -22.3631 9
      vertex 22 -25.25 9
      vertex 26.3301 -22.75 9
    endloop
  endfacet
  facet normal 0 0 1
    outer loop
      vertex 22 25.25 9
      vertex 25.2139 24.0802 9
      vertex 24.8679 24.3458 9
    endloop
  endfacet
  facet normal 0 0 1
    outer loop
      vertex 25.8302 -23.4639 9
      vertex 22 -25.25 9
      vertex 25.5355 -23.7855 9
    endloop
  endfacet
  facet normal 0 0 1
    outer loop
      vertex 22 25.25 9
      vertex 24.8679 24.3458 9
      vertex 24.5 24.5801 9
    endloop
  endfacet
  facet normal 0 0 1
    outer loop
      vertex 25.5355 -23.7855 9
      vertex 22 -25.25 9
      vertex 25.2139 -24.0802 9
    endloop
  endfacet
  facet normal 0 0 1
    outer loop
      vertex 22 25.25 9
      vertex 24.5 24.5801 9
      vertex 24.1131 24.7815 9
    endloop
  endfacet
  facet normal 0 0 1
    outer loop
      vertex 25.2139 -24.0802 9
      vertex 22 -25.25 9
      vertex 24.8679 -24.3458 9
    endloop
  endfacet
  facet normal 0 0 1
    outer loop
      vertex 22 25.25 9
      vertex 24.1131 24.7815 9
      vertex 23.7101 24.9485 9
    endloop
  endfacet
  facet normal 0 0 1
    outer loop
      vertex 24.8679 -24.3458 9
      vertex 22 -25.25 9
      vertex 24.5 -24.5801 9
    endloop
  endfacet
  facet normal 0 0 1
    outer loop
      vertex 22 25.25 9
      vertex 23.7101 24.9485 9
      vertex 23.2941 25.0796 9
    endloop
  endfacet
  facet normal 0 0 1
    outer loop
      vertex 24.5 -24.5801 9
      vertex 22 -25.25 9
      vertex 24.1131 -24.7815 9
    endloop
  endfacet
  facet normal 0 0 1
    outer loop
      vertex 22 25.25 9
      vertex 23.2941 25.0796 9
      vertex 22.8682 25.174 9
    endloop
  endfacet
  facet normal 0 0 1
    outer loop
      vertex 24.1131 -24.7815 9
      vertex 22 -25.25 9
      vertex 23.7101 -24.9485 9
    endloop
  endfacet
  facet normal 0 0 1
    outer loop
      vertex 22 25.25 9
      vertex 22.8682 25.174 9
      vertex 22.4358 25.231 9
    endloop
  endfacet
  facet normal 0 0 1
    outer loop
      vertex 23.7101 -24.9485 9
      vertex 22 -25.25 9
      vertex 23.2941 -25.0796 9
    endloop
  endfacet
  facet normal 0 0 1
    outer loop
      vertex 23.2941 -25.0796 9
      vertex 22 -25.25 9
      vertex 22.8682 -25.174 9
    endloop
  endfacet
  facet normal 0 0 1
    outer loop
      vertex 22.8682 -25.174 9
      vertex 22 -25.25 9
      vertex 22.4358 -25.231 9
    endloop
  endfacet
  facet normal 0 0 1
    outer loop
      vertex 26.3301 -22.75 9
      vertex 22 -25.25 9
      vertex 26.0958 -23.1179 9
    endloop
  endfacet
  facet normal 0 0 1
    outer loop
      vertex 26.0958 -23.1179 9
      vertex 22 -25.25 9
      vertex 25.8302 -23.4639 9
    endloop
  endfacet
  facet normal 0 0 1
    outer loop
      vertex -27 20.25 9
      vertex -5 25.25 9
      vertex -22 25.25 9
    endloop
  endfacet
  facet normal 0 0 1
    outer loop
      vertex -5 25.25 9
      vertex -27 20.25 9
      vertex -5 -25.25 9
    endloop
  endfacet
  facet normal 0 0 1
    outer loop
      vertex -27 20.25 9
      vertex -22 25.25 9
      vertex -22.4358 25.231 9
    endloop
  endfacet
  facet normal -0 0 1
    outer loop
      vertex -27 -20.25 9
      vertex -5 -25.25 9
      vertex -27 20.25 9
    endloop
  endfacet
  facet normal 0 0 1
    outer loop
      vertex -27 20.25 9
      vertex -22.4358 25.231 9
      vertex -22.8682 25.174 9
    endloop
  endfacet
  facet normal 0 0 1
    outer loop
      vertex -5 -25.25 9
      vertex -27 -20.25 9
      vertex -22 -25.25 9
    endloop
  endfacet
  facet normal 0 0 1
    outer loop
      vertex -27 20.25 9
      vertex -22.8682 25.174 9
      vertex -23.2941 25.0796 9
    endloop
  endfacet
  facet normal 0 0 1
    outer loop
      vertex -22 -25.25 9
      vertex -27 -20.25 9
      vertex -22.4358 -25.231 9
    endloop
  endfacet
  facet normal 0 0 1
    outer loop
      vertex -27 20.25 9
      vertex -23.2941 25.0796 9
      vertex -23.7101 24.9485 9
    endloop
  endfacet
  facet normal 0 0 1
    outer loop
      vertex -22.4358 -25.231 9
      vertex -27 -20.25 9
      vertex -22.8682 -25.174 9
    endloop
  endfacet
  facet normal 0 0 1
    outer loop
      vertex -27 20.25 9
      vertex -23.7101 24.9485 9
      vertex -24.1131 24.7815 9
    endloop
  endfacet
  facet normal 0 0 1
    outer loop
      vertex -22.8682 -25.174 9
      vertex -27 -20.25 9
      vertex -23.2941 -25.0796 9
    endloop
  endfacet
  facet normal 0 0 1
    outer loop
      vertex -27 20.25 9
      vertex -24.1131 24.7815 9
      vertex -24.5 24.5801 9
    endloop
  endfacet
  facet normal 0 0 1
    outer loop
      vertex -23.2941 -25.0796 9
      vertex -27 -20.25 9
      vertex -23.7101 -24.9485 9
    endloop
  endfacet
  facet normal 0 0 1
    outer loop
      vertex -27 20.25 9
      vertex -24.5 24.5801 9
      vertex -24.8679 24.3458 9
    endloop
  endfacet
  facet normal 0 0 1
    outer loop
      vertex -23.7101 -24.9485 9
      vertex -27 -20.25 9
      vertex -24.1131 -24.7815 9
    endloop
  endfacet
  facet normal 0 0 1
    outer loop
      vertex -27 20.25 9
      vertex -24.8679 24.3458 9
      vertex -25.2139 24.0802 9
    endloop
  endfacet
  facet normal 0 0 1
    outer loop
      vertex -24.1131 -24.7815 9
      vertex -27 -20.25 9
      vertex -24.5 -24.5801 9
    endloop
  endfacet
  facet normal 0 0 1
    outer loop
      vertex -27 20.25 9
      vertex -25.2139 24.0802 9
      vertex -25.5355 23.7855 9
    endloop
  endfacet
  facet normal 0 0 1
    outer loop
      vertex -24.5 -24.5801 9
      vertex -27 -20.25 9
      vertex -24.8679 -24.3458 9
    endloop
  endfacet
  facet normal 0 0 1
    outer loop
      vertex -27 20.25 9
      vertex -25.5355 23.7855 9
      vertex -25.8302 23.4639 9
    endloop
  endfacet
  facet normal 0 0 1
    outer loop
      vertex -24.8679 -24.3458 9
      vertex -27 -20.25 9
      vertex -25.2139 -24.0802 9
    endloop
  endfacet
  facet normal 0 0 1
    outer loop
      vertex -27 20.25 9
      vertex -25.8302 23.4639 9
      vertex -26.0958 23.1179 9
    endloop
  endfacet
  facet normal 0 0 1
    outer loop
      vertex -25.2139 -24.0802 9
      vertex -27 -20.25 9
      vertex -25.5355 -23.7855 9
    endloop
  endfacet
  facet normal 0 0 1
    outer loop
      vertex -27 20.25 9
      vertex -26.0958 23.1179 9
      vertex -26.3301 22.75 9
    endloop
  endfacet
  facet normal 0 0 1
    outer loop
      vertex -25.5355 -23.7855 9
      vertex -27 -20.25 9
      vertex -25.8302 -23.4639 9
    endloop
  endfacet
  facet normal 0 0 1
    outer loop
      vertex -27 20.25 9
      vertex -26.3301 22.75 9
      vertex -26.5315 22.3631 9
    endloop
  endfacet
  facet normal 0 0 1
    outer loop
      vertex -25.8302 -23.4639 9
      vertex -27 -20.25 9
      vertex -26.0958 -23.1179 9
    endloop
  endfacet
  facet normal 0 0 1
    outer loop
      vertex -27 20.25 9
      vertex -26.5315 22.3631 9
      vertex -26.6985 21.9601 9
    endloop
  endfacet
  facet normal 0 0 1
    outer loop
      vertex -26.0958 -23.1179 9
      vertex -27 -20.25 9
      vertex -26.3301 -22.75 9
    endloop
  endfacet
  facet normal 0 0 1
    outer loop
      vertex -27 20.25 9
      vertex -26.6985 21.9601 9
      vertex -26.8296 21.5441 9
    endloop
  endfacet
  facet normal 0 0 1
    outer loop
      vertex -26.3301 -22.75 9
      vertex -27 -20.25 9
      vertex -26.5315 -22.3631 9
    endloop
  endfacet
  facet normal 0 0 1
    outer loop
      vertex -27 20.25 9
      vertex -26.8296 21.5441 9
      vertex -26.924 21.1182 9
    endloop
  endfacet
  facet normal 0 0 1
    outer loop
      vertex -26.5315 -22.3631 9
      vertex -27 -20.25 9
      vertex -26.6985 -21.9601 9
    endloop
  endfacet
  facet normal 0 0 1
    outer loop
      vertex -27 20.25 9
      vertex -26.924 21.1182 9
      vertex -26.981 20.6858 9
    endloop
  endfacet
  facet normal 0 0 1
    outer loop
      vertex -26.6985 -21.9601 9
      vertex -27 -20.25 9
      vertex -26.8296 -21.5441 9
    endloop
  endfacet
  facet normal 0 0 1
    outer loop
      vertex -26.8296 -21.5441 9
      vertex -27 -20.25 9
      vertex -26.924 -21.1182 9
    endloop
  endfacet
  facet normal 0 0 1
    outer loop
      vertex -26.924 -21.1182 9
      vertex -27 -20.25 9
      vertex -26.981 -20.6858 9
    endloop
  endfacet
  facet normal -0.537172 0.843473 0
    outer loop
      vertex -24.5 24.5801 3
      vertex -24.8679 24.3458 9
      vertex -24.5 24.5801 9
    endloop
  endfacet
  facet normal -0.537172 0.843473 0
    outer loop
      vertex -24.8679 24.3458 9
      vertex -24.5 24.5801 3
      vertex -24.8679 24.3458 3
    endloop
  endfacet
  facet normal -0.0435566 0.999051 0
    outer loop
      vertex -22 25.25 3
      vertex -22.4358 25.231 9
      vertex -22 25.25 9
    endloop
  endfacet
  facet normal -0.0435566 0.999051 0
    outer loop
      vertex -22.4358 25.231 9
      vertex -22 25.25 3
      vertex -22.4358 25.231 3
    endloop
  endfacet
  facet normal 0.976306 0.216396 0
    outer loop
      vertex 26.924 21.1182 9
      vertex 26.8296 21.5441 3
      vertex 26.8296 21.5441 9
    endloop
  endfacet
  facet normal 0.976306 0.216396 0
    outer loop
      vertex 26.8296 21.5441 3
      vertex 26.924 21.1182 9
      vertex 26.924 21.1182 3
    endloop
  endfacet
  facet normal -0.793237 0.608913 0
    outer loop
      vertex -26.0958 23.1179 3
      vertex -25.8302 23.4639 9
      vertex -25.8302 23.4639 3
    endloop
  endfacet
  facet normal -0.793237 0.608913 0
    outer loop
      vertex -25.8302 23.4639 9
      vertex -26.0958 23.1179 3
      vertex -26.0958 23.1179 9
    endloop
  endfacet
  facet normal -0.999051 0.0435566 0
    outer loop
      vertex -27 20.25 3
      vertex -26.981 20.6858 9
      vertex -26.981 20.6858 3
    endloop
  endfacet
  facet normal -0.999051 0.0435566 0
    outer loop
      vertex -26.981 20.6858 9
      vertex -27 20.25 3
      vertex -27 20.25 9
    endloop
  endfacet
  facet normal 0.843473 -0.537172 0
    outer loop
      vertex 26.0958 -23.1179 9
      vertex 26.3301 -22.75 3
      vertex 26.3301 -22.75 9
    endloop
  endfacet
  facet normal 0.843473 -0.537172 0
    outer loop
      vertex 26.3301 -22.75 3
      vertex 26.0958 -23.1179 9
      vertex 26.0958 -23.1179 3
    endloop
  endfacet
  facet normal 0.216396 0.976306 -0
    outer loop
      vertex 23.2941 25.0796 3
      vertex 22.8682 25.174 9
      vertex 23.2941 25.0796 9
    endloop
  endfacet
  facet normal 0.216396 0.976306 0
    outer loop
      vertex 22.8682 25.174 9
      vertex 23.2941 25.0796 3
      vertex 22.8682 25.174 3
    endloop
  endfacet
  facet normal 0.461735 0.887018 -0
    outer loop
      vertex 24.5 24.5801 3
      vertex 24.1131 24.7815 9
      vertex 24.5 24.5801 9
    endloop
  endfacet
  facet normal 0.461735 0.887018 0
    outer loop
      vertex 24.1131 24.7815 9
      vertex 24.5 24.5801 3
      vertex 24.1131 24.7815 3
    endloop
  endfacet
  facet normal -0.216396 -0.976306 0
    outer loop
      vertex -23.2941 -25.0796 3
      vertex -22.8682 -25.174 9
      vertex -23.2941 -25.0796 9
    endloop
  endfacet
  facet normal -0.216396 -0.976306 -0
    outer loop
      vertex -22.8682 -25.174 9
      vertex -23.2941 -25.0796 3
      vertex -22.8682 -25.174 3
    endloop
  endfacet
  facet normal 0.991423 0.130692 0
    outer loop
      vertex 26.981 20.6858 9
      vertex 26.924 21.1182 3
      vertex 26.924 21.1182 9
    endloop
  endfacet
  facet normal 0.991423 0.130692 0
    outer loop
      vertex 26.924 21.1182 3
      vertex 26.981 20.6858 9
      vertex 26.981 20.6858 3
    endloop
  endfacet
  facet normal 0.6756 -0.737268 0
    outer loop
      vertex 25.2139 -24.0802 3
      vertex 25.5355 -23.7855 9
      vertex 25.2139 -24.0802 9
    endloop
  endfacet
  facet normal 0.6756 -0.737268 0
    outer loop
      vertex 25.5355 -23.7855 9
      vertex 25.2139 -24.0802 3
      vertex 25.5355 -23.7855 3
    endloop
  endfacet
  facet normal 0 0 -1
    outer loop
      vertex 22 -25.25 3
      vertex 27 -20.25 3
      vertex 26.981 -20.6858 3
    endloop
  endfacet
  facet normal -0 0 -1
    outer loop
      vertex 27 -20.25 3
      vertex 5 -25.25 3
      vertex 27 20.25 3
    endloop
  endfacet
  facet normal 0 0 -1
    outer loop
      vertex 22 -25.25 3
      vertex 26.981 -20.6858 3
      vertex 26.924 -21.1182 3
    endloop
  endfacet
  facet normal 0 0 -1
    outer loop
      vertex 5 25.25 3
      vertex 27 20.25 3
      vertex 5 -25.25 3
    endloop
  endfacet
  facet normal 0 0 -1
    outer loop
      vertex 22 -25.25 3
      vertex 26.924 -21.1182 3
      vertex 26.8296 -21.5441 3
    endloop
  endfacet
  facet normal -0 -0 -1
    outer loop
      vertex 22 25.25 3
      vertex 27 20.25 3
      vertex 5 25.25 3
    endloop
  endfacet
  facet normal 0 0 -1
    outer loop
      vertex 22 -25.25 3
      vertex 26.8296 -21.5441 3
      vertex 26.6985 -21.9601 3
    endloop
  endfacet
  facet normal 0 0 -1
    outer loop
      vertex 27 20.25 3
      vertex 22 25.25 3
      vertex 26.981 20.6858 3
    endloop
  endfacet
  facet normal 0 0 -1
    outer loop
      vertex 22 -25.25 3
      vertex 26.6985 -21.9601 3
      vertex 26.5315 -22.3631 3
    endloop
  endfacet
  facet normal 0 0 -1
    outer loop
      vertex 26.981 20.6858 3
      vertex 22 25.25 3
      vertex 26.924 21.1182 3
    endloop
  endfacet
  facet normal 0 0 -1
    outer loop
      vertex 22 -25.25 3
      vertex 26.5315 -22.3631 3
      vertex 26.3301 -22.75 3
    endloop
  endfacet
  facet normal 0 0 -1
    outer loop
      vertex 26.924 21.1182 3
      vertex 22 25.25 3
      vertex 26.8296 21.5441 3
    endloop
  endfacet
  facet normal 0 0 -1
    outer loop
      vertex 22 -25.25 3
      vertex 26.3301 -22.75 3
      vertex 26.0958 -23.1179 3
    endloop
  endfacet
  facet normal 0 0 -1
    outer loop
      vertex 26.8296 21.5441 3
      vertex 22 25.25 3
      vertex 26.6985 21.9601 3
    endloop
  endfacet
  facet normal 0 0 -1
    outer loop
      vertex 22 -25.25 3
      vertex 26.0958 -23.1179 3
      vertex 25.8302 -23.4639 3
    endloop
  endfacet
  facet normal 0 0 -1
    outer loop
      vertex 26.6985 21.9601 3
      vertex 22 25.25 3
      vertex 26.5315 22.3631 3
    endloop
  endfacet
  facet normal 0 0 -1
    outer loop
      vertex 22 -25.25 3
      vertex 25.8302 -23.4639 3
      vertex 25.5355 -23.7855 3
    endloop
  endfacet
  facet normal 0 0 -1
    outer loop
      vertex 27 -20.25 3
      vertex 22 -25.25 3
      vertex 5 -25.25 3
    endloop
  endfacet
  facet normal 0 0 -1
    outer loop
      vertex 22 -25.25 3
      vertex 25.5355 -23.7855 3
      vertex 25.2139 -24.0802 3
    endloop
  endfacet
  facet normal 0 0 -1
    outer loop
      vertex 26.5315 22.3631 3
      vertex 22 25.25 3
      vertex 26.3301 22.75 3
    endloop
  endfacet
  facet normal 0 0 -1
    outer loop
      vertex 22 -25.25 3
      vertex 25.2139 -24.0802 3
      vertex 24.8679 -24.3458 3
    endloop
  endfacet
  facet normal 0 0 -1
    outer loop
      vertex 25.8302 23.4639 3
      vertex 22 25.25 3
      vertex 25.5355 23.7855 3
    endloop
  endfacet
  facet normal 0 0 -1
    outer loop
      vertex 22 -25.25 3
      vertex 24.8679 -24.3458 3
      vertex 24.5 -24.5801 3
    endloop
  endfacet
  facet normal 0 0 -1
    outer loop
      vertex 25.5355 23.7855 3
      vertex 22 25.25 3
      vertex 25.2139 24.0802 3
    endloop
  endfacet
  facet normal 0 0 -1
    outer loop
      vertex 22 -25.25 3
      vertex 24.5 -24.5801 3
      vertex 24.1131 -24.7815 3
    endloop
  endfacet
  facet normal 0 0 -1
    outer loop
      vertex 25.2139 24.0802 3
      vertex 22 25.25 3
      vertex 24.8679 24.3458 3
    endloop
  endfacet
  facet normal 0 0 -1
    outer loop
      vertex 22 -25.25 3
      vertex 24.1131 -24.7815 3
      vertex 23.7101 -24.9485 3
    endloop
  endfacet
  facet normal 0 0 -1
    outer loop
      vertex 24.8679 24.3458 3
      vertex 22 25.25 3
      vertex 24.5 24.5801 3
    endloop
  endfacet
  facet normal 0 0 -1
    outer loop
      vertex 22 -25.25 3
      vertex 23.7101 -24.9485 3
      vertex 23.2941 -25.0796 3
    endloop
  endfacet
  facet normal 0 0 -1
    outer loop
      vertex 24.5 24.5801 3
      vertex 22 25.25 3
      vertex 24.1131 24.7815 3
    endloop
  endfacet
  facet normal 0 0 -1
    outer loop
      vertex 22 -25.25 3
      vertex 23.2941 -25.0796 3
      vertex 22.8682 -25.174 3
    endloop
  endfacet
  facet normal 0 0 -1
    outer loop
      vertex 24.1131 24.7815 3
      vertex 22 25.25 3
      vertex 23.7101 24.9485 3
    endloop
  endfacet
  facet normal 0 0 -1
    outer loop
      vertex 22 -25.25 3
      vertex 22.8682 -25.174 3
      vertex 22.4358 -25.231 3
    endloop
  endfacet
  facet normal 0 0 -1
    outer loop
      vertex 23.7101 24.9485 3
      vertex 22 25.25 3
      vertex 23.2941 25.0796 3
    endloop
  endfacet
  facet normal 0 0 -1
    outer loop
      vertex 23.2941 25.0796 3
      vertex 22 25.25 3
      vertex 22.8682 25.174 3
    endloop
  endfacet
  facet normal 0 0 -1
    outer loop
      vertex 22.8682 25.174 3
      vertex 22 25.25 3
      vertex 22.4358 25.231 3
    endloop
  endfacet
  facet normal 0 0 -1
    outer loop
      vertex 26.3301 22.75 3
      vertex 22 25.25 3
      vertex 26.0958 23.1179 3
    endloop
  endfacet
  facet normal 0 0 -1
    outer loop
      vertex 26.0958 23.1179 3
      vertex 22 25.25 3
      vertex 25.8302 23.4639 3
    endloop
  endfacet
  facet normal 0 0 -1
    outer loop
      vertex -27 -20.25 3
      vertex -5 -25.25 3
      vertex -22 -25.25 3
    endloop
  endfacet
  facet normal 0 0 -1
    outer loop
      vertex -5 -25.25 3
      vertex -27 -20.25 3
      vertex -5 25.25 3
    endloop
  endfacet
  facet normal 0 0 -1
    outer loop
      vertex -27 -20.25 3
      vertex -22 -25.25 3
      vertex -22.4358 -25.231 3
    endloop
  endfacet
  facet normal 0 0 -1
    outer loop
      vertex -27 20.25 3
      vertex -5 25.25 3
      vertex -27 -20.25 3
    endloop
  endfacet
  facet normal 0 0 -1
    outer loop
      vertex -27 -20.25 3
      vertex -22.4358 -25.231 3
      vertex -22.8682 -25.174 3
    endloop
  endfacet
  facet normal -0 0 -1
    outer loop
      vertex -5 25.25 3
      vertex -27 20.25 3
      vertex -22 25.25 3
    endloop
  endfacet
  facet normal 0 0 -1
    outer loop
      vertex -27 -20.25 3
      vertex -22.8682 -25.174 3
      vertex -23.2941 -25.0796 3
    endloop
  endfacet
  facet normal 0 0 -1
    outer loop
      vertex -22 25.25 3
      vertex -27 20.25 3
      vertex -22.4358 25.231 3
    endloop
  endfacet
  facet normal 0 0 -1
    outer loop
      vertex -27 -20.25 3
      vertex -23.2941 -25.0796 3
      vertex -23.7101 -24.9485 3
    endloop
  endfacet
  facet normal 0 0 -1
    outer loop
      vertex -22.4358 25.231 3
      vertex -27 20.25 3
      vertex -22.8682 25.174 3
    endloop
  endfacet
  facet normal 0 0 -1
    outer loop
      vertex -27 -20.25 3
      vertex -23.7101 -24.9485 3
      vertex -24.1131 -24.7815 3
    endloop
  endfacet
  facet normal 0 0 -1
    outer loop
      vertex -22.8682 25.174 3
      vertex -27 20.25 3
      vertex -23.2941 25.0796 3
    endloop
  endfacet
  facet normal 0 0 -1
    outer loop
      vertex -27 -20.25 3
      vertex -24.1131 -24.7815 3
      vertex -24.5 -24.5801 3
    endloop
  endfacet
  facet normal 0 0 -1
    outer loop
      vertex -23.2941 25.0796 3
      vertex -27 20.25 3
      vertex -23.7101 24.9485 3
    endloop
  endfacet
  facet normal 0 0 -1
    outer loop
      vertex -27 -20.25 3
      vertex -24.5 -24.5801 3
      vertex -24.8679 -24.3458 3
    endloop
  endfacet
  facet normal 0 0 -1
    outer loop
      vertex -23.7101 24.9485 3
      vertex -27 20.25 3
      vertex -24.1131 24.7815 3
    endloop
  endfacet
  facet normal 0 0 -1
    outer loop
      vertex -27 -20.25 3
      vertex -24.8679 -24.3458 3
      vertex -25.2139 -24.0802 3
    endloop
  endfacet
  facet normal 0 0 -1
    outer loop
      vertex -24.1131 24.7815 3
      vertex -27 20.25 3
      vertex -24.5 24.5801 3
    endloop
  endfacet
  facet normal 0 0 -1
    outer loop
      vertex -27 -20.25 3
      vertex -25.2139 -24.0802 3
      vertex -25.5355 -23.7855 3
    endloop
  endfacet
  facet normal 0 0 -1
    outer loop
      vertex -24.5 24.5801 3
      vertex -27 20.25 3
      vertex -24.8679 24.3458 3
    endloop
  endfacet
  facet normal 0 0 -1
    outer loop
      vertex -27 -20.25 3
      vertex -25.5355 -23.7855 3
      vertex -25.8302 -23.4639 3
    endloop
  endfacet
  facet normal 0 0 -1
    outer loop
      vertex -24.8679 24.3458 3
      vertex -27 20.25 3
      vertex -25.2139 24.0802 3
    endloop
  endfacet
  facet normal 0 0 -1
    outer loop
      vertex -27 -20.25 3
      vertex -25.8302 -23.4639 3
      vertex -26.0958 -23.1179 3
    endloop
  endfacet
  facet normal 0 0 -1
    outer loop
      vertex -25.2139 24.0802 3
      vertex -27 20.25 3
      vertex -25.5355 23.7855 3
    endloop
  endfacet
  facet normal 0 0 -1
    outer loop
      vertex -27 -20.25 3
      vertex -26.0958 -23.1179 3
      vertex -26.3301 -22.75 3
    endloop
  endfacet
  facet normal 0 0 -1
    outer loop
      vertex -25.5355 23.7855 3
      vertex -27 20.25 3
      vertex -25.8302 23.4639 3
    endloop
  endfacet
  facet normal 0 0 -1
    outer loop
      vertex -27 -20.25 3
      vertex -26.3301 -22.75 3
      vertex -26.5315 -22.3631 3
    endloop
  endfacet
  facet normal 0 0 -1
    outer loop
      vertex -25.8302 23.4639 3
      vertex -27 20.25 3
      vertex -26.0958 23.1179 3
    endloop
  endfacet
  facet normal 0 0 -1
    outer loop
      vertex -27 -20.25 3
      vertex -26.5315 -22.3631 3
      vertex -26.6985 -21.9601 3
    endloop
  endfacet
  facet normal 0 0 -1
    outer loop
      vertex -26.0958 23.1179 3
      vertex -27 20.25 3
      vertex -26.3301 22.75 3
    endloop
  endfacet
  facet normal 0 0 -1
    outer loop
      vertex -27 -20.25 3
      vertex -26.6985 -21.9601 3
      vertex -26.8296 -21.5441 3
    endloop
  endfacet
  facet normal 0 0 -1
    outer loop
      vertex -26.3301 22.75 3
      vertex -27 20.25 3
      vertex -26.5315 22.3631 3
    endloop
  endfacet
  facet normal 0 0 -1
    outer loop
      vertex -27 -20.25 3
      vertex -26.8296 -21.5441 3
      vertex -26.924 -21.1182 3
    endloop
  endfacet
  facet normal 0 0 -1
    outer loop
      vertex -26.5315 22.3631 3
      vertex -27 20.25 3
      vertex -26.6985 21.9601 3
    endloop
  endfacet
  facet normal 0 0 -1
    outer loop
      vertex -27 -20.25 3
      vertex -26.924 -21.1182 3
      vertex -26.981 -20.6858 3
    endloop
  endfacet
  facet normal 0 0 -1
    outer loop
      vertex -26.6985 21.9601 3
      vertex -27 20.25 3
      vertex -26.8296 21.5441 3
    endloop
  endfacet
  facet normal 0 0 -1
    outer loop
      vertex -26.8296 21.5441 3
      vertex -27 20.25 3
      vertex -26.924 21.1182 3
    endloop
  endfacet
  facet normal 0 0 -1
    outer loop
      vertex -26.924 21.1182 3
      vertex -27 20.25 3
      vertex -26.981 20.6858 3
    endloop
  endfacet
  facet normal -0.130692 0.991423 0
    outer loop
      vertex -22.4358 25.231 3
      vertex -22.8682 25.174 9
      vertex -22.4358 25.231 9
    endloop
  endfacet
  facet normal -0.130692 0.991423 0
    outer loop
      vertex -22.8682 25.174 9
      vertex -22.4358 25.231 3
      vertex -22.8682 25.174 3
    endloop
  endfacet
  facet normal 0.0435566 0.999051 -0
    outer loop
      vertex 22.4358 25.231 3
      vertex 22 25.25 9
      vertex 22.4358 25.231 9
    endloop
  endfacet
  facet normal 0.0435566 0.999051 0
    outer loop
      vertex 22 25.25 9
      vertex 22.4358 25.231 3
      vertex 22 25.25 3
    endloop
  endfacet
  facet normal -0.843473 -0.537172 0
    outer loop
      vertex -26.0958 -23.1179 3
      vertex -26.3301 -22.75 9
      vertex -26.3301 -22.75 3
    endloop
  endfacet
  facet normal -0.843473 -0.537172 0
    outer loop
      vertex -26.3301 -22.75 9
      vertex -26.0958 -23.1179 3
      vertex -26.0958 -23.1179 9
    endloop
  endfacet
  facet normal -0.953759 0.300572 0
    outer loop
      vertex -26.8296 21.5441 3
      vertex -26.6985 21.9601 9
      vertex -26.6985 21.9601 3
    endloop
  endfacet
  facet normal -0.953759 0.300572 0
    outer loop
      vertex -26.6985 21.9601 9
      vertex -26.8296 21.5441 3
      vertex -26.8296 21.5441 9
    endloop
  endfacet
  facet normal -1 0 0
    outer loop
      vertex -27 -20.25 3
      vertex -27 20.25 9
      vertex -27 20.25 3
    endloop
  endfacet
  facet normal -1 -0 0
    outer loop
      vertex -27 20.25 9
      vertex -27 -20.25 3
      vertex -27 -20.25 9
    endloop
  endfacet
  facet normal -0.461735 0.887018 0
    outer loop
      vertex -24.1131 24.7815 3
      vertex -24.5 24.5801 9
      vertex -24.1131 24.7815 9
    endloop
  endfacet
  facet normal -0.461735 0.887018 0
    outer loop
      vertex -24.5 24.5801 9
      vertex -24.1131 24.7815 3
      vertex -24.5 24.5801 3
    endloop
  endfacet
  facet normal 0.537172 0.843473 -0
    outer loop
      vertex 24.8679 24.3458 3
      vertex 24.5 24.5801 9
      vertex 24.8679 24.3458 9
    endloop
  endfacet
  facet normal 0.537172 0.843473 0
    outer loop
      vertex 24.5 24.5801 9
      vertex 24.8679 24.3458 3
      vertex 24.5 24.5801 3
    endloop
  endfacet
  facet normal 0.0435566 -0.999051 0
    outer loop
      vertex 22 -25.25 3
      vertex 22.4358 -25.231 9
      vertex 22 -25.25 9
    endloop
  endfacet
  facet normal 0.0435566 -0.999051 0
    outer loop
      vertex 22.4358 -25.231 9
      vertex 22 -25.25 3
      vertex 22.4358 -25.231 3
    endloop
  endfacet
  facet normal 0.737268 0.6756 0
    outer loop
      vertex 25.8302 23.4639 9
      vertex 25.5355 23.7855 3
      vertex 25.5355 23.7855 9
    endloop
  endfacet
  facet normal 0.737268 0.6756 0
    outer loop
      vertex 25.5355 23.7855 3
      vertex 25.8302 23.4639 9
      vertex 25.8302 23.4639 3
    endloop
  endfacet
  facet normal 0.843473 0.537172 0
    outer loop
      vertex 26.3301 22.75 9
      vertex 26.0958 23.1179 3
      vertex 26.0958 23.1179 9
    endloop
  endfacet
  facet normal 0.843473 0.537172 0
    outer loop
      vertex 26.0958 23.1179 3
      vertex 26.3301 22.75 9
      vertex 26.3301 22.75 3
    endloop
  endfacet
  facet normal 0.216396 -0.976306 0
    outer loop
      vertex 22.8682 -25.174 3
      vertex 23.2941 -25.0796 9
      vertex 22.8682 -25.174 9
    endloop
  endfacet
  facet normal 0.216396 -0.976306 0
    outer loop
      vertex 23.2941 -25.0796 9
      vertex 22.8682 -25.174 3
      vertex 23.2941 -25.0796 3
    endloop
  endfacet
  facet normal 0.300572 0.953759 -0
    outer loop
      vertex 23.7101 24.9485 3
      vertex 23.2941 25.0796 9
      vertex 23.7101 24.9485 9
    endloop
  endfacet
  facet normal 0.300572 0.953759 0
    outer loop
      vertex 23.2941 25.0796 9
      vertex 23.7101 24.9485 3
      vertex 23.2941 25.0796 3
    endloop
  endfacet
  facet normal -0.976306 -0.216396 0
    outer loop
      vertex -26.8296 -21.5441 3
      vertex -26.924 -21.1182 9
      vertex -26.924 -21.1182 3
    endloop
  endfacet
  facet normal -0.976306 -0.216396 0
    outer loop
      vertex -26.924 -21.1182 9
      vertex -26.8296 -21.5441 3
      vertex -26.8296 -21.5441 9
    endloop
  endfacet
  facet normal 0.999051 0.0435566 0
    outer loop
      vertex 27 20.25 9
      vertex 26.981 20.6858 3
      vertex 26.981 20.6858 9
    endloop
  endfacet
  facet normal 0.999051 0.0435566 0
    outer loop
      vertex 26.981 20.6858 3
      vertex 27 20.25 9
      vertex 27 20.25 3
    endloop
  endfacet
  facet normal 0.991423 -0.130692 0
    outer loop
      vertex 26.924 -21.1182 9
      vertex 26.981 -20.6858 3
      vertex 26.981 -20.6858 9
    endloop
  endfacet
  facet normal 0.991423 -0.130692 0
    outer loop
      vertex 26.981 -20.6858 3
      vertex 26.924 -21.1182 9
      vertex 26.924 -21.1182 3
    endloop
  endfacet
  facet normal 0.382824 0.923821 -0
    outer loop
      vertex 24.1131 24.7815 3
      vertex 23.7101 24.9485 9
      vertex 24.1131 24.7815 9
    endloop
  endfacet
  facet normal 0.382824 0.923821 0
    outer loop
      vertex 23.7101 24.9485 9
      vertex 24.1131 24.7815 3
      vertex 23.7101 24.9485 3
    endloop
  endfacet
  facet normal 0.887018 -0.461735 0
    outer loop
      vertex 26.3301 -22.75 9
      vertex 26.5315 -22.3631 3
      vertex 26.5315 -22.3631 9
    endloop
  endfacet
  facet normal 0.887018 -0.461735 0
    outer loop
      vertex 26.5315 -22.3631 3
      vertex 26.3301 -22.75 9
      vertex 26.3301 -22.75 3
    endloop
  endfacet
  facet normal -0.991423 -0.130692 0
    outer loop
      vertex -26.924 -21.1182 3
      vertex -26.981 -20.6858 9
      vertex -26.981 -20.6858 3
    endloop
  endfacet
  facet normal -0.991423 -0.130692 0
    outer loop
      vertex -26.981 -20.6858 9
      vertex -26.924 -21.1182 3
      vertex -26.924 -21.1182 9
    endloop
  endfacet
  facet normal 0.923821 -0.382824 0
    outer loop
      vertex 26.5315 -22.3631 9
      vertex 26.6985 -21.9601 3
      vertex 26.6985 -21.9601 9
    endloop
  endfacet
  facet normal 0.923821 -0.382824 0
    outer loop
      vertex 26.6985 -21.9601 3
      vertex 26.5315 -22.3631 9
      vertex 26.5315 -22.3631 3
    endloop
  endfacet
  facet normal -0.537172 -0.843473 0
    outer loop
      vertex -24.8679 -24.3458 3
      vertex -24.5 -24.5801 9
      vertex -24.8679 -24.3458 9
    endloop
  endfacet
  facet normal -0.537172 -0.843473 -0
    outer loop
      vertex -24.5 -24.5801 9
      vertex -24.8679 -24.3458 3
      vertex -24.5 -24.5801 3
    endloop
  endfacet
  facet normal 0.923821 0.382824 0
    outer loop
      vertex 26.6985 21.9601 9
      vertex 26.5315 22.3631 3
      vertex 26.5315 22.3631 9
    endloop
  endfacet
  facet normal 0.923821 0.382824 0
    outer loop
      vertex 26.5315 22.3631 3
      vertex 26.6985 21.9601 9
      vertex 26.6985 21.9601 3
    endloop
  endfacet
  facet normal 0.130692 -0.991423 0
    outer loop
      vertex 22.4358 -25.231 3
      vertex 22.8682 -25.174 9
      vertex 22.4358 -25.231 9
    endloop
  endfacet
  facet normal 0.130692 -0.991423 0
    outer loop
      vertex 22.8682 -25.174 9
      vertex 22.4358 -25.231 3
      vertex 22.8682 -25.174 3
    endloop
  endfacet
  facet normal 0.382824 -0.923821 0
    outer loop
      vertex 23.7101 -24.9485 3
      vertex 24.1131 -24.7815 9
      vertex 23.7101 -24.9485 9
    endloop
  endfacet
  facet normal 0.382824 -0.923821 0
    outer loop
      vertex 24.1131 -24.7815 9
      vertex 23.7101 -24.9485 3
      vertex 24.1131 -24.7815 3
    endloop
  endfacet
  facet normal -0.382824 -0.923821 0
    outer loop
      vertex -24.1131 -24.7815 3
      vertex -23.7101 -24.9485 9
      vertex -24.1131 -24.7815 9
    endloop
  endfacet
  facet normal -0.382824 -0.923821 -0
    outer loop
      vertex -23.7101 -24.9485 9
      vertex -24.1131 -24.7815 3
      vertex -23.7101 -24.9485 3
    endloop
  endfacet
  facet normal 0.608913 -0.793237 0
    outer loop
      vertex 24.8679 -24.3458 3
      vertex 25.2139 -24.0802 9
      vertex 24.8679 -24.3458 9
    endloop
  endfacet
  facet normal 0.608913 -0.793237 0
    outer loop
      vertex 25.2139 -24.0802 9
      vertex 24.8679 -24.3458 3
      vertex 25.2139 -24.0802 3
    endloop
  endfacet
  facet normal 0.608913 0.793237 -0
    outer loop
      vertex 25.2139 24.0802 3
      vertex 24.8679 24.3458 9
      vertex 25.2139 24.0802 9
    endloop
  endfacet
  facet normal 0.608913 0.793237 0
    outer loop
      vertex 24.8679 24.3458 9
      vertex 25.2139 24.0802 3
      vertex 24.8679 24.3458 3
    endloop
  endfacet
  facet normal 0.887018 0.461735 0
    outer loop
      vertex 26.5315 22.3631 9
      vertex 26.3301 22.75 3
      vertex 26.3301 22.75 9
    endloop
  endfacet
  facet normal 0.887018 0.461735 0
    outer loop
      vertex 26.3301 22.75 3
      vertex 26.5315 22.3631 9
      vertex 26.5315 22.3631 3
    endloop
  endfacet
  facet normal -0.130692 -0.991423 0
    outer loop
      vertex -22.8682 -25.174 3
      vertex -22.4358 -25.231 9
      vertex -22.8682 -25.174 9
    endloop
  endfacet
  facet normal -0.130692 -0.991423 -0
    outer loop
      vertex -22.4358 -25.231 9
      vertex -22.8682 -25.174 3
      vertex -22.4358 -25.231 3
    endloop
  endfacet
  facet normal 0.461735 -0.887018 0
    outer loop
      vertex 24.1131 -24.7815 3
      vertex 24.5 -24.5801 9
      vertex 24.1131 -24.7815 9
    endloop
  endfacet
  facet normal 0.461735 -0.887018 0
    outer loop
      vertex 24.5 -24.5801 9
      vertex 24.1131 -24.7815 3
      vertex 24.5 -24.5801 3
    endloop
  endfacet
  facet normal -0.953759 -0.300572 0
    outer loop
      vertex -26.6985 -21.9601 3
      vertex -26.8296 -21.5441 9
      vertex -26.8296 -21.5441 3
    endloop
  endfacet
  facet normal -0.953759 -0.300572 0
    outer loop
      vertex -26.8296 -21.5441 9
      vertex -26.6985 -21.9601 3
      vertex -26.6985 -21.9601 9
    endloop
  endfacet
  facet normal 0.999051 -0.0435566 0
    outer loop
      vertex 26.981 -20.6858 9
      vertex 27 -20.25 3
      vertex 27 -20.25 9
    endloop
  endfacet
  facet normal 0.999051 -0.0435566 0
    outer loop
      vertex 27 -20.25 3
      vertex 26.981 -20.6858 9
      vertex 26.981 -20.6858 3
    endloop
  endfacet
  facet normal -0.887018 0.461735 0
    outer loop
      vertex -26.5315 22.3631 3
      vertex -26.3301 22.75 9
      vertex -26.3301 22.75 3
    endloop
  endfacet
  facet normal -0.887018 0.461735 0
    outer loop
      vertex -26.3301 22.75 9
      vertex -26.5315 22.3631 3
      vertex -26.5315 22.3631 9
    endloop
  endfacet
  facet normal 0.737268 -0.6756 0
    outer loop
      vertex 25.5355 -23.7855 9
      vertex 25.8302 -23.4639 3
      vertex 25.8302 -23.4639 9
    endloop
  endfacet
  facet normal 0.737268 -0.6756 0
    outer loop
      vertex 25.8302 -23.4639 3
      vertex 25.5355 -23.7855 9
      vertex 25.5355 -23.7855 3
    endloop
  endfacet
  facet normal 0.793237 -0.608913 0
    outer loop
      vertex 25.8302 -23.4639 9
      vertex 26.0958 -23.1179 3
      vertex 26.0958 -23.1179 9
    endloop
  endfacet
  facet normal 0.793237 -0.608913 0
    outer loop
      vertex 26.0958 -23.1179 3
      vertex 25.8302 -23.4639 9
      vertex 25.8302 -23.4639 3
    endloop
  endfacet
  facet normal -0.6756 0.737268 0
    outer loop
      vertex -25.2139 24.0802 3
      vertex -25.5355 23.7855 9
      vertex -25.2139 24.0802 9
    endloop
  endfacet
  facet normal -0.6756 0.737268 0
    outer loop
      vertex -25.5355 23.7855 9
      vertex -25.2139 24.0802 3
      vertex -25.5355 23.7855 3
    endloop
  endfacet
  facet normal -0.887018 -0.461735 0
    outer loop
      vertex -26.3301 -22.75 3
      vertex -26.5315 -22.3631 9
      vertex -26.5315 -22.3631 3
    endloop
  endfacet
  facet normal -0.887018 -0.461735 0
    outer loop
      vertex -26.5315 -22.3631 9
      vertex -26.3301 -22.75 3
      vertex -26.3301 -22.75 9
    endloop
  endfacet
  facet normal 0.793237 0.608913 0
    outer loop
      vertex 26.0958 23.1179 9
      vertex 25.8302 23.4639 3
      vertex 25.8302 23.4639 9
    endloop
  endfacet
  facet normal 0.793237 0.608913 0
    outer loop
      vertex 25.8302 23.4639 3
      vertex 26.0958 23.1179 9
      vertex 26.0958 23.1179 3
    endloop
  endfacet
  facet normal 0.300572 -0.953759 0
    outer loop
      vertex 23.2941 -25.0796 3
      vertex 23.7101 -24.9485 9
      vertex 23.2941 -25.0796 9
    endloop
  endfacet
  facet normal 0.300572 -0.953759 0
    outer loop
      vertex 23.7101 -24.9485 9
      vertex 23.2941 -25.0796 3
      vertex 23.7101 -24.9485 3
    endloop
  endfacet
  facet normal -0.991423 0.130692 0
    outer loop
      vertex -26.981 20.6858 3
      vertex -26.924 21.1182 9
      vertex -26.924 21.1182 3
    endloop
  endfacet
  facet normal -0.991423 0.130692 0
    outer loop
      vertex -26.924 21.1182 9
      vertex -26.981 20.6858 3
      vertex -26.981 20.6858 9
    endloop
  endfacet
  facet normal -0.999051 -0.0435566 0
    outer loop
      vertex -26.981 -20.6858 3
      vertex -27 -20.25 9
      vertex -27 -20.25 3
    endloop
  endfacet
  facet normal -0.999051 -0.0435566 0
    outer loop
      vertex -27 -20.25 9
      vertex -26.981 -20.6858 3
      vertex -26.981 -20.6858 9
    endloop
  endfacet
  facet normal -0.6756 -0.737268 0
    outer loop
      vertex -25.5355 -23.7855 3
      vertex -25.2139 -24.0802 9
      vertex -25.5355 -23.7855 9
    endloop
  endfacet
  facet normal -0.6756 -0.737268 -0
    outer loop
      vertex -25.2139 -24.0802 9
      vertex -25.5355 -23.7855 3
      vertex -25.2139 -24.0802 3
    endloop
  endfacet
  facet normal -0.737268 0.6756 0
    outer loop
      vertex -25.8302 23.4639 3
      vertex -25.5355 23.7855 9
      vertex -25.5355 23.7855 3
    endloop
  endfacet
  facet normal -0.737268 0.6756 0
    outer loop
      vertex -25.5355 23.7855 9
      vertex -25.8302 23.4639 3
      vertex -25.8302 23.4639 9
    endloop
  endfacet
  facet normal 0.537172 -0.843473 0
    outer loop
      vertex 24.5 -24.5801 3
      vertex 24.8679 -24.3458 9
      vertex 24.5 -24.5801 9
    endloop
  endfacet
  facet normal 0.537172 -0.843473 0
    outer loop
      vertex 24.8679 -24.3458 9
      vertex 24.5 -24.5801 3
      vertex 24.8679 -24.3458 3
    endloop
  endfacet
  facet normal -0.923821 0.382824 0
    outer loop
      vertex -26.6985 21.9601 3
      vertex -26.5315 22.3631 9
      vertex -26.5315 22.3631 3
    endloop
  endfacet
  facet normal -0.923821 0.382824 0
    outer loop
      vertex -26.5315 22.3631 9
      vertex -26.6985 21.9601 3
      vertex -26.6985 21.9601 9
    endloop
  endfacet
  facet normal -0.461735 -0.887018 0
    outer loop
      vertex -24.5 -24.5801 3
      vertex -24.1131 -24.7815 9
      vertex -24.5 -24.5801 9
    endloop
  endfacet
  facet normal -0.461735 -0.887018 -0
    outer loop
      vertex -24.1131 -24.7815 9
      vertex -24.5 -24.5801 3
      vertex -24.1131 -24.7815 3
    endloop
  endfacet
  facet normal -0.300572 -0.953759 0
    outer loop
      vertex -23.7101 -24.9485 3
      vertex -23.2941 -25.0796 9
      vertex -23.7101 -24.9485 9
    endloop
  endfacet
  facet normal -0.300572 -0.953759 -0
    outer loop
      vertex -23.2941 -25.0796 9
      vertex -23.7101 -24.9485 3
      vertex -23.2941 -25.0796 3
    endloop
  endfacet
  facet normal -0.608913 -0.793237 0
    outer loop
      vertex -25.2139 -24.0802 3
      vertex -24.8679 -24.3458 9
      vertex -25.2139 -24.0802 9
    endloop
  endfacet
  facet normal -0.608913 -0.793237 -0
    outer loop
      vertex -24.8679 -24.3458 9
      vertex -25.2139 -24.0802 3
      vertex -24.8679 -24.3458 3
    endloop
  endfacet
  facet normal -0.923821 -0.382824 0
    outer loop
      vertex -26.5315 -22.3631 3
      vertex -26.6985 -21.9601 9
      vertex -26.6985 -21.9601 3
    endloop
  endfacet
  facet normal -0.923821 -0.382824 0
    outer loop
      vertex -26.6985 -21.9601 9
      vertex -26.5315 -22.3631 3
      vertex -26.5315 -22.3631 9
    endloop
  endfacet
  facet normal -0.737268 -0.6756 0
    outer loop
      vertex -25.5355 -23.7855 3
      vertex -25.8302 -23.4639 9
      vertex -25.8302 -23.4639 3
    endloop
  endfacet
  facet normal -0.737268 -0.6756 0
    outer loop
      vertex -25.8302 -23.4639 9
      vertex -25.5355 -23.7855 3
      vertex -25.5355 -23.7855 9
    endloop
  endfacet
  facet normal -0.793237 -0.608913 0
    outer loop
      vertex -25.8302 -23.4639 3
      vertex -26.0958 -23.1179 9
      vertex -26.0958 -23.1179 3
    endloop
  endfacet
  facet normal -0.793237 -0.608913 0
    outer loop
      vertex -26.0958 -23.1179 9
      vertex -25.8302 -23.4639 3
      vertex -25.8302 -23.4639 9
    endloop
  endfacet
  facet normal 1 0 0
    outer loop
      vertex 5 28.25 16
      vertex 5 25.25 9
      vertex 5 28.25 0
    endloop
  endfacet
  facet normal 1 0 0
    outer loop
      vertex 5 28.25 16
      vertex 5 -25.25 9
      vertex 5 25.25 9
    endloop
  endfacet
  facet normal 1 0 0
    outer loop
      vertex 5 -28.25 0
      vertex 5 -25.25 9
      vertex 5 -28.25 16
    endloop
  endfacet
  facet normal 1 -0 0
    outer loop
      vertex 5 -28.25 16
      vertex 5 -25.25 9
      vertex 5 28.25 16
    endloop
  endfacet
  facet normal 1 -0 0
    outer loop
      vertex 5 25.25 3
      vertex 5 28.25 0
      vertex 5 25.25 9
    endloop
  endfacet
  facet normal 1 -0 0
    outer loop
      vertex 5 -25.25 3
      vertex 5 28.25 0
      vertex 5 25.25 3
    endloop
  endfacet
  facet normal 1 0 0
    outer loop
      vertex 5 -25.25 3
      vertex 5 -28.25 0
      vertex 5 28.25 0
    endloop
  endfacet
  facet normal 1 0 0
    outer loop
      vertex 5 -25.25 9
      vertex 5 -28.25 0
      vertex 5 -25.25 3
    endloop
  endfacet
  facet normal -0 0 1
    outer loop
      vertex -5 28.25 16
      vertex 5 -28.25 16
      vertex 5 28.25 16
    endloop
  endfacet
  facet normal 0 0 1
    outer loop
      vertex 5 -28.25 16
      vertex -5 28.25 16
      vertex -5 -28.25 16
    endloop
  endfacet
  facet normal 0 0 -1
    outer loop
      vertex -5 -28.25 0
      vertex 5 28.25 0
      vertex 5 -28.25 0
    endloop
  endfacet
  facet normal -0 0 -1
    outer loop
      vertex 5 28.25 0
      vertex -5 -28.25 0
      vertex -5 28.25 0
    endloop
  endfacet
  facet normal -1 0 0
    outer loop
      vertex -5 25.25 9
      vertex -5 28.25 0
      vertex -5 25.25 3
    endloop
  endfacet
  facet normal -1 0 0
    outer loop
      vertex -5 28.25 0
      vertex -5 -25.25 3
      vertex -5 25.25 3
    endloop
  endfacet
  facet normal -1 -0 0
    outer loop
      vertex -5 -25.25 3
      vertex -5 -28.25 0
      vertex -5 -25.25 9
    endloop
  endfacet
  facet normal -1 0 0
    outer loop
      vertex -5 -28.25 0
      vertex -5 -25.25 3
      vertex -5 28.25 0
    endloop
  endfacet
  facet normal -1 0 0
    outer loop
      vertex -5 28.25 0
      vertex -5 25.25 9
      vertex -5 28.25 16
    endloop
  endfacet
  facet normal -1 0 0
    outer loop
      vertex -5 -25.25 9
      vertex -5 28.25 16
      vertex -5 25.25 9
    endloop
  endfacet
  facet normal -1 0 0
    outer loop
      vertex -5 -25.25 9
      vertex -5 -28.25 16
      vertex -5 28.25 16
    endloop
  endfacet
  facet normal -1 0 0
    outer loop
      vertex -5 -28.25 16
      vertex -5 -25.25 9
      vertex -5 -28.25 0
    endloop
  endfacet
  facet normal 0 1 -0
    outer loop
      vertex 5 28.25 0
      vertex -5 28.25 16
      vertex 5 28.25 16
    endloop
  endfacet
  facet normal 0 1 0
    outer loop
      vertex -5 28.25 16
      vertex 5 28.25 0
      vertex -5 28.25 0
    endloop
  endfacet
  facet normal 0 -1 0
    outer loop
      vertex -5 -28.25 0
      vertex 5 -28.25 16
      vertex -5 -28.25 16
    endloop
  endfacet
  facet normal 0 -1 -0
    outer loop
      vertex 5 -28.25 16
      vertex -5 -28.25 0
      vertex 5 -28.25 0
    endloop
  endfacet
endsolid OpenSCAD_Model
