solid OpenSCAD_Model
  facet normal -0.991491 -0.130175 0
    outer loop
      vertex -30.3065 -19.8518 0
      vertex -30.3258 -19.7048 5
      vertex -30.3258 -19.7048 0
    endloop
  endfacet
  facet normal -0.991491 -0.130175 0
    outer loop
      vertex -30.3258 -19.7048 5
      vertex -30.3065 -19.8518 0
      vertex -30.3065 -19.8518 5
    endloop
  endfacet
  facet normal -0.99904 -0.0438175 0
    outer loop
      vertex -30.3 -20 0
      vertex -30.3065 -19.8518 5
      vertex -30.3065 -19.8518 0
    endloop
  endfacet
  facet normal -0.99904 -0.0438175 0
    outer loop
      vertex -30.3065 -19.8518 5
      vertex -30.3 -20 0
      vertex -30.3 -20 5
    endloop
  endfacet
  facet normal -0.976298 -0.216431 0
    outer loop
      vertex -30.3258 -19.7048 0
      vertex -30.3579 -19.56 5
      vertex -30.3579 -19.56 0
    endloop
  endfacet
  facet normal -0.976298 -0.216431 0
    outer loop
      vertex -30.3579 -19.56 5
      vertex -30.3258 -19.7048 0
      vertex -30.3258 -19.7048 5
    endloop
  endfacet
  facet normal -0.130175 0.991491 0
    outer loop
      vertex -31.7048 -21.6742 0
      vertex -31.8518 -21.6935 5
      vertex -31.7048 -21.6742 5
    endloop
  endfacet
  facet normal -0.130175 0.991491 0
    outer loop
      vertex -31.8518 -21.6935 5
      vertex -31.7048 -21.6742 0
      vertex -31.8518 -21.6935 0
    endloop
  endfacet
  facet normal -0.300809 0.953685 0
    outer loop
      vertex -31.4186 -21.5975 0
      vertex -31.56 -21.6421 5
      vertex -31.4186 -21.5975 5
    endloop
  endfacet
  facet normal -0.300809 0.953685 0
    outer loop
      vertex -31.56 -21.6421 5
      vertex -31.4186 -21.5975 0
      vertex -31.56 -21.6421 0
    endloop
  endfacet
  facet normal 0.953685 -0.300809 0
    outer loop
      vertex -33.6421 -19.56 5
      vertex -33.5975 -19.4186 0
      vertex -33.5975 -19.4186 5
    endloop
  endfacet
  facet normal 0.953685 -0.300809 0
    outer loop
      vertex -33.5975 -19.4186 0
      vertex -33.6421 -19.56 5
      vertex -33.6421 -19.56 0
    endloop
  endfacet
  facet normal 0.79315 0.609026 0
    outer loop
      vertex -33.3023 -21.0927 5
      vertex -33.3926 -20.9751 0
      vertex -33.3926 -20.9751 5
    endloop
  endfacet
  facet normal 0.79315 0.609026 0
    outer loop
      vertex -33.3926 -20.9751 0
      vertex -33.3023 -21.0927 5
      vertex -33.3023 -21.0927 0
    endloop
  endfacet
  facet normal -0.953685 -0.300809 0
    outer loop
      vertex -30.3579 -19.56 0
      vertex -30.4025 -19.4186 5
      vertex -30.4025 -19.4186 0
    endloop
  endfacet
  facet normal -0.953685 -0.300809 0
    outer loop
      vertex -30.4025 -19.4186 5
      vertex -30.3579 -19.56 0
      vertex -30.3579 -19.56 5
    endloop
  endfacet
  facet normal -0.79315 -0.609026 0
    outer loop
      vertex -30.6074 -19.0249 0
      vertex -30.6977 -18.9073 5
      vertex -30.6977 -18.9073 0
    endloop
  endfacet
  facet normal -0.79315 -0.609026 0
    outer loop
      vertex -30.6977 -18.9073 5
      vertex -30.6074 -19.0249 0
      vertex -30.6074 -19.0249 5
    endloop
  endfacet
  facet normal 0.536832 -0.843689 0
    outer loop
      vertex -32.9751 -18.6074 0
      vertex -32.85 -18.5278 5
      vertex -32.9751 -18.6074 5
    endloop
  endfacet
  facet normal 0.536832 -0.843689 0
    outer loop
      vertex -32.85 -18.5278 5
      vertex -32.9751 -18.6074 0
      vertex -32.85 -18.5278 0
    endloop
  endfacet
  facet normal 0.300809 -0.953685 0
    outer loop
      vertex -32.5814 -18.4025 0
      vertex -32.44 -18.3579 5
      vertex -32.5814 -18.4025 5
    endloop
  endfacet
  facet normal 0.300809 -0.953685 0
    outer loop
      vertex -32.44 -18.3579 5
      vertex -32.5814 -18.4025 0
      vertex -32.44 -18.3579 0
    endloop
  endfacet
  facet normal 0.216431 -0.976298 0
    outer loop
      vertex -32.44 -18.3579 0
      vertex -32.2952 -18.3258 5
      vertex -32.44 -18.3579 5
    endloop
  endfacet
  facet normal 0.216431 -0.976298 0
    outer loop
      vertex -32.2952 -18.3258 5
      vertex -32.44 -18.3579 0
      vertex -32.2952 -18.3258 0
    endloop
  endfacet
  facet normal 0.923853 0.382749 0
    outer loop
      vertex -33.5407 -20.7185 5
      vertex -33.5975 -20.5814 0
      vertex -33.5975 -20.5814 5
    endloop
  endfacet
  facet normal 0.923853 0.382749 0
    outer loop
      vertex -33.5975 -20.5814 0
      vertex -33.5407 -20.7185 5
      vertex -33.5407 -20.7185 0
    endloop
  endfacet
  facet normal -0.843689 -0.536832 0
    outer loop
      vertex -30.5278 -19.15 0
      vertex -30.6074 -19.0249 5
      vertex -30.6074 -19.0249 0
    endloop
  endfacet
  facet normal -0.843689 -0.536832 0
    outer loop
      vertex -30.6074 -19.0249 5
      vertex -30.5278 -19.15 0
      vertex -30.5278 -19.15 5
    endloop
  endfacet
  facet normal -0.953685 0.300809 0
    outer loop
      vertex -30.4025 -20.5814 0
      vertex -30.3579 -20.44 5
      vertex -30.3579 -20.44 0
    endloop
  endfacet
  facet normal -0.953685 0.300809 0
    outer loop
      vertex -30.3579 -20.44 5
      vertex -30.4025 -20.5814 0
      vertex -30.4025 -20.5814 5
    endloop
  endfacet
  facet normal -0.675419 -0.737434 0
    outer loop
      vertex -30.9073 -18.6977 0
      vertex -30.7979 -18.7979 5
      vertex -30.9073 -18.6977 5
    endloop
  endfacet
  facet normal -0.675419 -0.737434 -0
    outer loop
      vertex -30.7979 -18.7979 5
      vertex -30.9073 -18.6977 0
      vertex -30.7979 -18.7979 0
    endloop
  endfacet
  facet normal -0.536832 -0.843689 0
    outer loop
      vertex -31.15 -18.5278 0
      vertex -31.0249 -18.6074 5
      vertex -31.15 -18.5278 5
    endloop
  endfacet
  facet normal -0.536832 -0.843689 -0
    outer loop
      vertex -31.0249 -18.6074 5
      vertex -31.15 -18.5278 0
      vertex -31.0249 -18.6074 0
    endloop
  endfacet
  facet normal -0.99904 0.0438175 0
    outer loop
      vertex -30.3065 -20.1482 0
      vertex -30.3 -20 5
      vertex -30.3 -20 0
    endloop
  endfacet
  facet normal -0.99904 0.0438175 0
    outer loop
      vertex -30.3 -20 5
      vertex -30.3065 -20.1482 0
      vertex -30.3065 -20.1482 5
    endloop
  endfacet
  facet normal 0.216431 0.976298 -0
    outer loop
      vertex -32.2952 -21.6742 0
      vertex -32.44 -21.6421 5
      vertex -32.2952 -21.6742 5
    endloop
  endfacet
  facet normal 0.216431 0.976298 0
    outer loop
      vertex -32.44 -21.6421 5
      vertex -32.2952 -21.6742 0
      vertex -32.44 -21.6421 0
    endloop
  endfacet
  facet normal -0.609026 -0.79315 0
    outer loop
      vertex -31.0249 -18.6074 0
      vertex -30.9073 -18.6977 5
      vertex -31.0249 -18.6074 5
    endloop
  endfacet
  facet normal -0.609026 -0.79315 -0
    outer loop
      vertex -30.9073 -18.6977 5
      vertex -31.0249 -18.6074 0
      vertex -30.9073 -18.6977 0
    endloop
  endfacet
  facet normal 0.953685 0.300809 0
    outer loop
      vertex -33.5975 -20.5814 5
      vertex -33.6421 -20.44 0
      vertex -33.6421 -20.44 5
    endloop
  endfacet
  facet normal 0.953685 0.300809 0
    outer loop
      vertex -33.6421 -20.44 0
      vertex -33.5975 -20.5814 5
      vertex -33.5975 -20.5814 0
    endloop
  endfacet
  facet normal 0.609026 -0.79315 0
    outer loop
      vertex -33.0927 -18.6977 0
      vertex -32.9751 -18.6074 5
      vertex -33.0927 -18.6977 5
    endloop
  endfacet
  facet normal 0.609026 -0.79315 0
    outer loop
      vertex -32.9751 -18.6074 5
      vertex -33.0927 -18.6977 0
      vertex -32.9751 -18.6074 0
    endloop
  endfacet
  facet normal -0.216431 0.976298 0
    outer loop
      vertex -31.56 -21.6421 0
      vertex -31.7048 -21.6742 5
      vertex -31.56 -21.6421 5
    endloop
  endfacet
  facet normal -0.216431 0.976298 0
    outer loop
      vertex -31.7048 -21.6742 5
      vertex -31.56 -21.6421 0
      vertex -31.7048 -21.6742 0
    endloop
  endfacet
  facet normal 0.382749 0.923853 -0
    outer loop
      vertex -32.5814 -21.5975 0
      vertex -32.7185 -21.5407 5
      vertex -32.5814 -21.5975 5
    endloop
  endfacet
  facet normal 0.382749 0.923853 0
    outer loop
      vertex -32.7185 -21.5407 5
      vertex -32.5814 -21.5975 0
      vertex -32.7185 -21.5407 0
    endloop
  endfacet
  facet normal -0.46199 0.886885 0
    outer loop
      vertex -31.15 -21.4722 0
      vertex -31.2815 -21.5407 5
      vertex -31.15 -21.4722 5
    endloop
  endfacet
  facet normal -0.46199 0.886885 0
    outer loop
      vertex -31.2815 -21.5407 5
      vertex -31.15 -21.4722 0
      vertex -31.2815 -21.5407 0
    endloop
  endfacet
  facet normal 0.0438175 -0.99904 0
    outer loop
      vertex -32.1482 -18.3065 0
      vertex -32 -18.3 5
      vertex -32.1482 -18.3065 5
    endloop
  endfacet
  facet normal 0.0438175 -0.99904 0
    outer loop
      vertex -32 -18.3 5
      vertex -32.1482 -18.3065 0
      vertex -32 -18.3 0
    endloop
  endfacet
  facet normal 0.536832 0.843689 -0
    outer loop
      vertex -32.85 -21.4722 0
      vertex -32.9751 -21.3926 5
      vertex -32.85 -21.4722 5
    endloop
  endfacet
  facet normal 0.536832 0.843689 0
    outer loop
      vertex -32.9751 -21.3926 5
      vertex -32.85 -21.4722 0
      vertex -32.9751 -21.3926 0
    endloop
  endfacet
  facet normal -0.0438175 0.99904 0
    outer loop
      vertex -31.8518 -21.6935 0
      vertex -32 -21.7 5
      vertex -31.8518 -21.6935 5
    endloop
  endfacet
  facet normal -0.0438175 0.99904 0
    outer loop
      vertex -32 -21.7 5
      vertex -31.8518 -21.6935 0
      vertex -32 -21.7 0
    endloop
  endfacet
  facet normal 0.886885 0.46199 0
    outer loop
      vertex -33.4722 -20.85 5
      vertex -33.5407 -20.7185 0
      vertex -33.5407 -20.7185 5
    endloop
  endfacet
  facet normal 0.886885 0.46199 0
    outer loop
      vertex -33.5407 -20.7185 0
      vertex -33.4722 -20.85 5
      vertex -33.4722 -20.85 0
    endloop
  endfacet
  facet normal -0.46199 -0.886885 0
    outer loop
      vertex -31.2815 -18.4593 0
      vertex -31.15 -18.5278 5
      vertex -31.2815 -18.4593 5
    endloop
  endfacet
  facet normal -0.46199 -0.886885 -0
    outer loop
      vertex -31.15 -18.5278 5
      vertex -31.2815 -18.4593 0
      vertex -31.15 -18.5278 0
    endloop
  endfacet
  facet normal -0.675419 0.737434 0
    outer loop
      vertex -30.7979 -21.2021 0
      vertex -30.9073 -21.3023 5
      vertex -30.7979 -21.2021 5
    endloop
  endfacet
  facet normal -0.675419 0.737434 0
    outer loop
      vertex -30.9073 -21.3023 5
      vertex -30.7979 -21.2021 0
      vertex -30.9073 -21.3023 0
    endloop
  endfacet
  facet normal -0.536832 0.843689 0
    outer loop
      vertex -31.0249 -21.3926 0
      vertex -31.15 -21.4722 5
      vertex -31.0249 -21.3926 5
    endloop
  endfacet
  facet normal -0.536832 0.843689 0
    outer loop
      vertex -31.15 -21.4722 5
      vertex -31.0249 -21.3926 0
      vertex -31.15 -21.4722 0
    endloop
  endfacet
  facet normal -0.79315 0.609026 0
    outer loop
      vertex -30.6977 -21.0927 0
      vertex -30.6074 -20.9751 5
      vertex -30.6074 -20.9751 0
    endloop
  endfacet
  facet normal -0.79315 0.609026 0
    outer loop
      vertex -30.6074 -20.9751 5
      vertex -30.6977 -21.0927 0
      vertex -30.6977 -21.0927 5
    endloop
  endfacet
  facet normal -0.609026 0.79315 0
    outer loop
      vertex -30.9073 -21.3023 0
      vertex -31.0249 -21.3926 5
      vertex -30.9073 -21.3023 5
    endloop
  endfacet
  facet normal -0.609026 0.79315 0
    outer loop
      vertex -31.0249 -21.3926 5
      vertex -30.9073 -21.3023 0
      vertex -31.0249 -21.3926 0
    endloop
  endfacet
  facet normal -0.923853 -0.382749 0
    outer loop
      vertex -30.4025 -19.4186 0
      vertex -30.4593 -19.2815 5
      vertex -30.4593 -19.2815 0
    endloop
  endfacet
  facet normal -0.923853 -0.382749 0
    outer loop
      vertex -30.4593 -19.2815 5
      vertex -30.4025 -19.4186 0
      vertex -30.4025 -19.4186 5
    endloop
  endfacet
  facet normal -0.737434 -0.675419 0
    outer loop
      vertex -30.6977 -18.9073 0
      vertex -30.7979 -18.7979 5
      vertex -30.7979 -18.7979 0
    endloop
  endfacet
  facet normal -0.737434 -0.675419 0
    outer loop
      vertex -30.7979 -18.7979 5
      vertex -30.6977 -18.9073 0
      vertex -30.6977 -18.9073 5
    endloop
  endfacet
  facet normal 0.923853 -0.382749 0
    outer loop
      vertex -33.5975 -19.4186 5
      vertex -33.5407 -19.2815 0
      vertex -33.5407 -19.2815 5
    endloop
  endfacet
  facet normal 0.923853 -0.382749 0
    outer loop
      vertex -33.5407 -19.2815 0
      vertex -33.5975 -19.4186 5
      vertex -33.5975 -19.4186 0
    endloop
  endfacet
  facet normal -0.382749 0.923853 0
    outer loop
      vertex -31.2815 -21.5407 0
      vertex -31.4186 -21.5975 5
      vertex -31.2815 -21.5407 5
    endloop
  endfacet
  facet normal -0.382749 0.923853 0
    outer loop
      vertex -31.4186 -21.5975 5
      vertex -31.2815 -21.5407 0
      vertex -31.4186 -21.5975 0
    endloop
  endfacet
  facet normal -0.886885 -0.46199 0
    outer loop
      vertex -30.4593 -19.2815 0
      vertex -30.5278 -19.15 5
      vertex -30.5278 -19.15 0
    endloop
  endfacet
  facet normal -0.886885 -0.46199 0
    outer loop
      vertex -30.5278 -19.15 5
      vertex -30.4593 -19.2815 0
      vertex -30.4593 -19.2815 5
    endloop
  endfacet
  facet normal 0.675419 -0.737434 0
    outer loop
      vertex -33.2021 -18.7979 0
      vertex -33.0927 -18.6977 5
      vertex -33.2021 -18.7979 5
    endloop
  endfacet
  facet normal 0.675419 -0.737434 0
    outer loop
      vertex -33.0927 -18.6977 5
      vertex -33.2021 -18.7979 0
      vertex -33.0927 -18.6977 0
    endloop
  endfacet
  facet normal 0.675419 0.737434 -0
    outer loop
      vertex -33.0927 -21.3023 0
      vertex -33.2021 -21.2021 5
      vertex -33.0927 -21.3023 5
    endloop
  endfacet
  facet normal 0.675419 0.737434 0
    outer loop
      vertex -33.2021 -21.2021 5
      vertex -33.0927 -21.3023 0
      vertex -33.2021 -21.2021 0
    endloop
  endfacet
  facet normal -0.130175 -0.991491 0
    outer loop
      vertex -31.8518 -18.3065 0
      vertex -31.7048 -18.3258 5
      vertex -31.8518 -18.3065 5
    endloop
  endfacet
  facet normal -0.130175 -0.991491 -0
    outer loop
      vertex -31.7048 -18.3258 5
      vertex -31.8518 -18.3065 0
      vertex -31.7048 -18.3258 0
    endloop
  endfacet
  facet normal 0.46199 -0.886885 0
    outer loop
      vertex -32.85 -18.5278 0
      vertex -32.7185 -18.4593 5
      vertex -32.85 -18.5278 5
    endloop
  endfacet
  facet normal 0.46199 -0.886885 0
    outer loop
      vertex -32.7185 -18.4593 5
      vertex -32.85 -18.5278 0
      vertex -32.7185 -18.4593 0
    endloop
  endfacet
  facet normal 0.382749 -0.923853 0
    outer loop
      vertex -32.7185 -18.4593 0
      vertex -32.5814 -18.4025 5
      vertex -32.7185 -18.4593 5
    endloop
  endfacet
  facet normal 0.382749 -0.923853 0
    outer loop
      vertex -32.5814 -18.4025 5
      vertex -32.7185 -18.4593 0
      vertex -32.5814 -18.4025 0
    endloop
  endfacet
  facet normal 0.991491 -0.130175 0
    outer loop
      vertex -33.6935 -19.8518 5
      vertex -33.6742 -19.7048 0
      vertex -33.6742 -19.7048 5
    endloop
  endfacet
  facet normal 0.991491 -0.130175 0
    outer loop
      vertex -33.6742 -19.7048 0
      vertex -33.6935 -19.8518 5
      vertex -33.6935 -19.8518 0
    endloop
  endfacet
  facet normal 0.976298 -0.216431 0
    outer loop
      vertex -33.6742 -19.7048 5
      vertex -33.6421 -19.56 0
      vertex -33.6421 -19.56 5
    endloop
  endfacet
  facet normal 0.976298 -0.216431 0
    outer loop
      vertex -33.6421 -19.56 0
      vertex -33.6742 -19.7048 5
      vertex -33.6742 -19.7048 0
    endloop
  endfacet
  facet normal -0.923853 0.382749 0
    outer loop
      vertex -30.4593 -20.7185 0
      vertex -30.4025 -20.5814 5
      vertex -30.4025 -20.5814 0
    endloop
  endfacet
  facet normal -0.923853 0.382749 0
    outer loop
      vertex -30.4025 -20.5814 5
      vertex -30.4593 -20.7185 0
      vertex -30.4593 -20.7185 5
    endloop
  endfacet
  facet normal -0.216431 -0.976298 0
    outer loop
      vertex -31.7048 -18.3258 0
      vertex -31.56 -18.3579 5
      vertex -31.7048 -18.3258 5
    endloop
  endfacet
  facet normal -0.216431 -0.976298 -0
    outer loop
      vertex -31.56 -18.3579 5
      vertex -31.7048 -18.3258 0
      vertex -31.56 -18.3579 0
    endloop
  endfacet
  facet normal 0.79315 -0.609026 0
    outer loop
      vertex -33.3926 -19.0249 5
      vertex -33.3023 -18.9073 0
      vertex -33.3023 -18.9073 5
    endloop
  endfacet
  facet normal 0.79315 -0.609026 0
    outer loop
      vertex -33.3023 -18.9073 0
      vertex -33.3926 -19.0249 5
      vertex -33.3926 -19.0249 0
    endloop
  endfacet
  facet normal 0.99904 0.0438175 0
    outer loop
      vertex -33.6935 -20.1482 5
      vertex -33.7 -20 0
      vertex -33.7 -20 5
    endloop
  endfacet
  facet normal 0.99904 0.0438175 0
    outer loop
      vertex -33.7 -20 0
      vertex -33.6935 -20.1482 5
      vertex -33.6935 -20.1482 0
    endloop
  endfacet
  facet normal 0.130175 0.991491 -0
    outer loop
      vertex -32.1482 -21.6935 0
      vertex -32.2952 -21.6742 5
      vertex -32.1482 -21.6935 5
    endloop
  endfacet
  facet normal 0.130175 0.991491 0
    outer loop
      vertex -32.2952 -21.6742 5
      vertex -32.1482 -21.6935 0
      vertex -32.2952 -21.6742 0
    endloop
  endfacet
  facet normal 0.46199 0.886885 -0
    outer loop
      vertex -32.7185 -21.5407 0
      vertex -32.85 -21.4722 5
      vertex -32.7185 -21.5407 5
    endloop
  endfacet
  facet normal 0.46199 0.886885 0
    outer loop
      vertex -32.85 -21.4722 5
      vertex -32.7185 -21.5407 0
      vertex -32.85 -21.4722 0
    endloop
  endfacet
  facet normal -0.0438175 -0.99904 0
    outer loop
      vertex -32 -18.3 0
      vertex -31.8518 -18.3065 5
      vertex -32 -18.3 5
    endloop
  endfacet
  facet normal -0.0438175 -0.99904 -0
    outer loop
      vertex -31.8518 -18.3065 5
      vertex -32 -18.3 0
      vertex -31.8518 -18.3065 0
    endloop
  endfacet
  facet normal -0.976298 0.216431 0
    outer loop
      vertex -30.3579 -20.44 0
      vertex -30.3258 -20.2952 5
      vertex -30.3258 -20.2952 0
    endloop
  endfacet
  facet normal -0.976298 0.216431 0
    outer loop
      vertex -30.3258 -20.2952 5
      vertex -30.3579 -20.44 0
      vertex -30.3579 -20.44 5
    endloop
  endfacet
  facet normal 0.737434 0.675419 0
    outer loop
      vertex -33.2021 -21.2021 5
      vertex -33.3023 -21.0927 0
      vertex -33.3023 -21.0927 5
    endloop
  endfacet
  facet normal 0.737434 0.675419 0
    outer loop
      vertex -33.3023 -21.0927 0
      vertex -33.2021 -21.2021 5
      vertex -33.2021 -21.2021 0
    endloop
  endfacet
  facet normal 0.976298 0.216431 0
    outer loop
      vertex -33.6421 -20.44 5
      vertex -33.6742 -20.2952 0
      vertex -33.6742 -20.2952 5
    endloop
  endfacet
  facet normal 0.976298 0.216431 0
    outer loop
      vertex -33.6742 -20.2952 0
      vertex -33.6421 -20.44 5
      vertex -33.6421 -20.44 0
    endloop
  endfacet
  facet normal -0.886885 0.46199 0
    outer loop
      vertex -30.5278 -20.85 0
      vertex -30.4593 -20.7185 5
      vertex -30.4593 -20.7185 0
    endloop
  endfacet
  facet normal -0.886885 0.46199 0
    outer loop
      vertex -30.4593 -20.7185 5
      vertex -30.5278 -20.85 0
      vertex -30.5278 -20.85 5
    endloop
  endfacet
  facet normal -0.382749 -0.923853 0
    outer loop
      vertex -31.4186 -18.4025 0
      vertex -31.2815 -18.4593 5
      vertex -31.4186 -18.4025 5
    endloop
  endfacet
  facet normal -0.382749 -0.923853 -0
    outer loop
      vertex -31.2815 -18.4593 5
      vertex -31.4186 -18.4025 0
      vertex -31.2815 -18.4593 0
    endloop
  endfacet
  facet normal -0.300809 -0.953685 0
    outer loop
      vertex -31.56 -18.3579 0
      vertex -31.4186 -18.4025 5
      vertex -31.56 -18.3579 5
    endloop
  endfacet
  facet normal -0.300809 -0.953685 -0
    outer loop
      vertex -31.4186 -18.4025 5
      vertex -31.56 -18.3579 0
      vertex -31.4186 -18.4025 0
    endloop
  endfacet
  facet normal 0.737434 -0.675419 0
    outer loop
      vertex -33.3023 -18.9073 5
      vertex -33.2021 -18.7979 0
      vertex -33.2021 -18.7979 5
    endloop
  endfacet
  facet normal 0.737434 -0.675419 0
    outer loop
      vertex -33.2021 -18.7979 0
      vertex -33.3023 -18.9073 5
      vertex -33.3023 -18.9073 0
    endloop
  endfacet
  facet normal 0.130175 -0.991491 0
    outer loop
      vertex -32.2952 -18.3258 0
      vertex -32.1482 -18.3065 5
      vertex -32.2952 -18.3258 5
    endloop
  endfacet
  facet normal 0.130175 -0.991491 0
    outer loop
      vertex -32.1482 -18.3065 5
      vertex -32.2952 -18.3258 0
      vertex -32.1482 -18.3065 0
    endloop
  endfacet
  facet normal 0.609026 0.79315 -0
    outer loop
      vertex -32.9751 -21.3926 0
      vertex -33.0927 -21.3023 5
      vertex -32.9751 -21.3926 5
    endloop
  endfacet
  facet normal 0.609026 0.79315 0
    outer loop
      vertex -33.0927 -21.3023 5
      vertex -32.9751 -21.3926 0
      vertex -33.0927 -21.3023 0
    endloop
  endfacet
  facet normal -0.843689 0.536832 0
    outer loop
      vertex -30.6074 -20.9751 0
      vertex -30.5278 -20.85 5
      vertex -30.5278 -20.85 0
    endloop
  endfacet
  facet normal -0.843689 0.536832 0
    outer loop
      vertex -30.5278 -20.85 5
      vertex -30.6074 -20.9751 0
      vertex -30.6074 -20.9751 5
    endloop
  endfacet
  facet normal 0.300809 0.953685 -0
    outer loop
      vertex -32.44 -21.6421 0
      vertex -32.5814 -21.5975 5
      vertex -32.44 -21.6421 5
    endloop
  endfacet
  facet normal 0.300809 0.953685 0
    outer loop
      vertex -32.5814 -21.5975 5
      vertex -32.44 -21.6421 0
      vertex -32.5814 -21.5975 0
    endloop
  endfacet
  facet normal 0.991491 0.130175 0
    outer loop
      vertex -33.6742 -20.2952 5
      vertex -33.6935 -20.1482 0
      vertex -33.6935 -20.1482 5
    endloop
  endfacet
  facet normal 0.991491 0.130175 0
    outer loop
      vertex -33.6935 -20.1482 0
      vertex -33.6742 -20.2952 5
      vertex -33.6742 -20.2952 0
    endloop
  endfacet
  facet normal 0.843689 0.536832 0
    outer loop
      vertex -33.3926 -20.9751 5
      vertex -33.4722 -20.85 0
      vertex -33.4722 -20.85 5
    endloop
  endfacet
  facet normal 0.843689 0.536832 0
    outer loop
      vertex -33.4722 -20.85 0
      vertex -33.3926 -20.9751 5
      vertex -33.3926 -20.9751 0
    endloop
  endfacet
  facet normal 0.99904 -0.0438175 0
    outer loop
      vertex -33.7 -20 5
      vertex -33.6935 -19.8518 0
      vertex -33.6935 -19.8518 5
    endloop
  endfacet
  facet normal 0.99904 -0.0438175 0
    outer loop
      vertex -33.6935 -19.8518 0
      vertex -33.7 -20 5
      vertex -33.7 -20 0
    endloop
  endfacet
  facet normal 0.886885 -0.46199 0
    outer loop
      vertex -33.5407 -19.2815 5
      vertex -33.4722 -19.15 0
      vertex -33.4722 -19.15 5
    endloop
  endfacet
  facet normal 0.886885 -0.46199 0
    outer loop
      vertex -33.4722 -19.15 0
      vertex -33.5407 -19.2815 5
      vertex -33.5407 -19.2815 0
    endloop
  endfacet
  facet normal -0.991491 0.130175 0
    outer loop
      vertex -30.3258 -20.2952 0
      vertex -30.3065 -20.1482 5
      vertex -30.3065 -20.1482 0
    endloop
  endfacet
  facet normal -0.991491 0.130175 0
    outer loop
      vertex -30.3065 -20.1482 5
      vertex -30.3258 -20.2952 0
      vertex -30.3258 -20.2952 5
    endloop
  endfacet
  facet normal -0.737434 0.675419 0
    outer loop
      vertex -30.7979 -21.2021 0
      vertex -30.6977 -21.0927 5
      vertex -30.6977 -21.0927 0
    endloop
  endfacet
  facet normal -0.737434 0.675419 0
    outer loop
      vertex -30.6977 -21.0927 5
      vertex -30.7979 -21.2021 0
      vertex -30.7979 -21.2021 5
    endloop
  endfacet
  facet normal 0.0438175 0.99904 -0
    outer loop
      vertex -32 -21.7 0
      vertex -32.1482 -21.6935 5
      vertex -32 -21.7 5
    endloop
  endfacet
  facet normal 0.0438175 0.99904 0
    outer loop
      vertex -32.1482 -21.6935 5
      vertex -32 -21.7 0
      vertex -32.1482 -21.6935 0
    endloop
  endfacet
  facet normal 0.843689 -0.536832 0
    outer loop
      vertex -33.4722 -19.15 5
      vertex -33.3926 -19.0249 0
      vertex -33.3926 -19.0249 5
    endloop
  endfacet
  facet normal 0.843689 -0.536832 0
    outer loop
      vertex -33.3926 -19.0249 0
      vertex -33.4722 -19.15 5
      vertex -33.4722 -19.15 0
    endloop
  endfacet
  facet normal -0.991491 -0.130175 0
    outer loop
      vertex -30.3065 20.1482 0
      vertex -30.3258 20.2952 5
      vertex -30.3258 20.2952 0
    endloop
  endfacet
  facet normal -0.991491 -0.130175 0
    outer loop
      vertex -30.3258 20.2952 5
      vertex -30.3065 20.1482 0
      vertex -30.3065 20.1482 5
    endloop
  endfacet
  facet normal -0.99904 -0.0438175 0
    outer loop
      vertex -30.3 20 0
      vertex -30.3065 20.1482 5
      vertex -30.3065 20.1482 0
    endloop
  endfacet
  facet normal -0.99904 -0.0438175 0
    outer loop
      vertex -30.3065 20.1482 5
      vertex -30.3 20 0
      vertex -30.3 20 5
    endloop
  endfacet
  facet normal -0.976298 -0.216431 0
    outer loop
      vertex -30.3258 20.2952 0
      vertex -30.3579 20.44 5
      vertex -30.3579 20.44 0
    endloop
  endfacet
  facet normal -0.976298 -0.216431 0
    outer loop
      vertex -30.3579 20.44 5
      vertex -30.3258 20.2952 0
      vertex -30.3258 20.2952 5
    endloop
  endfacet
  facet normal 0.216431 -0.976298 0
    outer loop
      vertex -32.44 21.6421 0
      vertex -32.2952 21.6742 5
      vertex -32.44 21.6421 5
    endloop
  endfacet
  facet normal 0.216431 -0.976298 0
    outer loop
      vertex -32.2952 21.6742 5
      vertex -32.44 21.6421 0
      vertex -32.2952 21.6742 0
    endloop
  endfacet
  facet normal -0.843689 -0.536832 0
    outer loop
      vertex -30.5278 20.85 0
      vertex -30.6074 20.9751 5
      vertex -30.6074 20.9751 0
    endloop
  endfacet
  facet normal -0.843689 -0.536832 0
    outer loop
      vertex -30.6074 20.9751 5
      vertex -30.5278 20.85 0
      vertex -30.5278 20.85 5
    endloop
  endfacet
  facet normal 0.976298 0.216431 0
    outer loop
      vertex -33.6421 19.56 5
      vertex -33.6742 19.7048 0
      vertex -33.6742 19.7048 5
    endloop
  endfacet
  facet normal 0.976298 0.216431 0
    outer loop
      vertex -33.6742 19.7048 0
      vertex -33.6421 19.56 5
      vertex -33.6421 19.56 0
    endloop
  endfacet
  facet normal -0.737434 -0.675419 0
    outer loop
      vertex -30.6977 21.0927 0
      vertex -30.7979 21.2021 5
      vertex -30.7979 21.2021 0
    endloop
  endfacet
  facet normal -0.737434 -0.675419 0
    outer loop
      vertex -30.7979 21.2021 5
      vertex -30.6977 21.0927 0
      vertex -30.6977 21.0927 5
    endloop
  endfacet
  facet normal -0.99904 0.0438175 0
    outer loop
      vertex -30.3065 19.8518 0
      vertex -30.3 20 5
      vertex -30.3 20 0
    endloop
  endfacet
  facet normal -0.99904 0.0438175 0
    outer loop
      vertex -30.3 20 5
      vertex -30.3065 19.8518 0
      vertex -30.3065 19.8518 5
    endloop
  endfacet
  facet normal -0.675419 0.737434 0
    outer loop
      vertex -30.7979 18.7979 0
      vertex -30.9073 18.6977 5
      vertex -30.7979 18.7979 5
    endloop
  endfacet
  facet normal -0.675419 0.737434 0
    outer loop
      vertex -30.9073 18.6977 5
      vertex -30.7979 18.7979 0
      vertex -30.9073 18.6977 0
    endloop
  endfacet
  facet normal 0.79315 -0.609026 0
    outer loop
      vertex -33.3926 20.9751 5
      vertex -33.3023 21.0927 0
      vertex -33.3023 21.0927 5
    endloop
  endfacet
  facet normal 0.79315 -0.609026 0
    outer loop
      vertex -33.3023 21.0927 0
      vertex -33.3926 20.9751 5
      vertex -33.3926 20.9751 0
    endloop
  endfacet
  facet normal -0.382749 0.923853 0
    outer loop
      vertex -31.2815 18.4593 0
      vertex -31.4186 18.4025 5
      vertex -31.2815 18.4593 5
    endloop
  endfacet
  facet normal -0.382749 0.923853 0
    outer loop
      vertex -31.4186 18.4025 5
      vertex -31.2815 18.4593 0
      vertex -31.4186 18.4025 0
    endloop
  endfacet
  facet normal -0.953685 -0.300809 0
    outer loop
      vertex -30.3579 20.44 0
      vertex -30.4025 20.5814 5
      vertex -30.4025 20.5814 0
    endloop
  endfacet
  facet normal -0.953685 -0.300809 0
    outer loop
      vertex -30.4025 20.5814 5
      vertex -30.3579 20.44 0
      vertex -30.3579 20.44 5
    endloop
  endfacet
  facet normal -0.130175 0.991491 0
    outer loop
      vertex -31.7048 18.3258 0
      vertex -31.8518 18.3065 5
      vertex -31.7048 18.3258 5
    endloop
  endfacet
  facet normal -0.130175 0.991491 0
    outer loop
      vertex -31.8518 18.3065 5
      vertex -31.7048 18.3258 0
      vertex -31.8518 18.3065 0
    endloop
  endfacet
  facet normal 0.976298 -0.216431 0
    outer loop
      vertex -33.6742 20.2952 5
      vertex -33.6421 20.44 0
      vertex -33.6421 20.44 5
    endloop
  endfacet
  facet normal 0.976298 -0.216431 0
    outer loop
      vertex -33.6421 20.44 0
      vertex -33.6742 20.2952 5
      vertex -33.6742 20.2952 0
    endloop
  endfacet
  facet normal 0.609026 -0.79315 0
    outer loop
      vertex -33.0927 21.3023 0
      vertex -32.9751 21.3926 5
      vertex -33.0927 21.3023 5
    endloop
  endfacet
  facet normal 0.609026 -0.79315 0
    outer loop
      vertex -32.9751 21.3926 5
      vertex -33.0927 21.3023 0
      vertex -32.9751 21.3926 0
    endloop
  endfacet
  facet normal 0.0438175 -0.99904 0
    outer loop
      vertex -32.1482 21.6935 0
      vertex -32 21.7 5
      vertex -32.1482 21.6935 5
    endloop
  endfacet
  facet normal 0.0438175 -0.99904 0
    outer loop
      vertex -32 21.7 5
      vertex -32.1482 21.6935 0
      vertex -32 21.7 0
    endloop
  endfacet
  facet normal 0.609026 0.79315 -0
    outer loop
      vertex -32.9751 18.6074 0
      vertex -33.0927 18.6977 5
      vertex -32.9751 18.6074 5
    endloop
  endfacet
  facet normal 0.609026 0.79315 0
    outer loop
      vertex -33.0927 18.6977 5
      vertex -32.9751 18.6074 0
      vertex -33.0927 18.6977 0
    endloop
  endfacet
  facet normal 0.382749 -0.923853 0
    outer loop
      vertex -32.7185 21.5407 0
      vertex -32.5814 21.5975 5
      vertex -32.7185 21.5407 5
    endloop
  endfacet
  facet normal 0.382749 -0.923853 0
    outer loop
      vertex -32.5814 21.5975 5
      vertex -32.7185 21.5407 0
      vertex -32.5814 21.5975 0
    endloop
  endfacet
  facet normal 0.99904 -0.0438175 0
    outer loop
      vertex -33.7 20 5
      vertex -33.6935 20.1482 0
      vertex -33.6935 20.1482 5
    endloop
  endfacet
  facet normal 0.99904 -0.0438175 0
    outer loop
      vertex -33.6935 20.1482 0
      vertex -33.7 20 5
      vertex -33.7 20 0
    endloop
  endfacet
  facet normal -0.300809 -0.953685 0
    outer loop
      vertex -31.56 21.6421 0
      vertex -31.4186 21.5975 5
      vertex -31.56 21.6421 5
    endloop
  endfacet
  facet normal -0.300809 -0.953685 -0
    outer loop
      vertex -31.4186 21.5975 5
      vertex -31.56 21.6421 0
      vertex -31.4186 21.5975 0
    endloop
  endfacet
  facet normal 0.300809 -0.953685 0
    outer loop
      vertex -32.5814 21.5975 0
      vertex -32.44 21.6421 5
      vertex -32.5814 21.5975 5
    endloop
  endfacet
  facet normal 0.300809 -0.953685 0
    outer loop
      vertex -32.44 21.6421 5
      vertex -32.5814 21.5975 0
      vertex -32.44 21.6421 0
    endloop
  endfacet
  facet normal -0.923853 -0.382749 0
    outer loop
      vertex -30.4025 20.5814 0
      vertex -30.4593 20.7185 5
      vertex -30.4593 20.7185 0
    endloop
  endfacet
  facet normal -0.923853 -0.382749 0
    outer loop
      vertex -30.4593 20.7185 5
      vertex -30.4025 20.5814 0
      vertex -30.4025 20.5814 5
    endloop
  endfacet
  facet normal -0.300809 0.953685 0
    outer loop
      vertex -31.4186 18.4025 0
      vertex -31.56 18.3579 5
      vertex -31.4186 18.4025 5
    endloop
  endfacet
  facet normal -0.300809 0.953685 0
    outer loop
      vertex -31.56 18.3579 5
      vertex -31.4186 18.4025 0
      vertex -31.56 18.3579 0
    endloop
  endfacet
  facet normal -0.216431 0.976298 0
    outer loop
      vertex -31.56 18.3579 0
      vertex -31.7048 18.3258 5
      vertex -31.56 18.3579 5
    endloop
  endfacet
  facet normal -0.216431 0.976298 0
    outer loop
      vertex -31.7048 18.3258 5
      vertex -31.56 18.3579 0
      vertex -31.7048 18.3258 0
    endloop
  endfacet
  facet normal -0.609026 -0.79315 0
    outer loop
      vertex -31.0249 21.3926 0
      vertex -30.9073 21.3023 5
      vertex -31.0249 21.3926 5
    endloop
  endfacet
  facet normal -0.609026 -0.79315 -0
    outer loop
      vertex -30.9073 21.3023 5
      vertex -31.0249 21.3926 0
      vertex -30.9073 21.3023 0
    endloop
  endfacet
  facet normal 0.46199 0.886885 -0
    outer loop
      vertex -32.7185 18.4593 0
      vertex -32.85 18.5278 5
      vertex -32.7185 18.4593 5
    endloop
  endfacet
  facet normal 0.46199 0.886885 0
    outer loop
      vertex -32.85 18.5278 5
      vertex -32.7185 18.4593 0
      vertex -32.85 18.5278 0
    endloop
  endfacet
  facet normal -0.0438175 -0.99904 0
    outer loop
      vertex -32 21.7 0
      vertex -31.8518 21.6935 5
      vertex -32 21.7 5
    endloop
  endfacet
  facet normal -0.0438175 -0.99904 -0
    outer loop
      vertex -31.8518 21.6935 5
      vertex -32 21.7 0
      vertex -31.8518 21.6935 0
    endloop
  endfacet
  facet normal 0.536832 -0.843689 0
    outer loop
      vertex -32.9751 21.3926 0
      vertex -32.85 21.4722 5
      vertex -32.9751 21.3926 5
    endloop
  endfacet
  facet normal 0.536832 -0.843689 0
    outer loop
      vertex -32.85 21.4722 5
      vertex -32.9751 21.3926 0
      vertex -32.85 21.4722 0
    endloop
  endfacet
  facet normal -0.130175 -0.991491 0
    outer loop
      vertex -31.8518 21.6935 0
      vertex -31.7048 21.6742 5
      vertex -31.8518 21.6935 5
    endloop
  endfacet
  facet normal -0.130175 -0.991491 -0
    outer loop
      vertex -31.7048 21.6742 5
      vertex -31.8518 21.6935 0
      vertex -31.7048 21.6742 0
    endloop
  endfacet
  facet normal -0.79315 0.609026 0
    outer loop
      vertex -30.6977 18.9073 0
      vertex -30.6074 19.0249 5
      vertex -30.6074 19.0249 0
    endloop
  endfacet
  facet normal -0.79315 0.609026 0
    outer loop
      vertex -30.6074 19.0249 5
      vertex -30.6977 18.9073 0
      vertex -30.6977 18.9073 5
    endloop
  endfacet
  facet normal -0.991491 0.130175 0
    outer loop
      vertex -30.3258 19.7048 0
      vertex -30.3065 19.8518 5
      vertex -30.3065 19.8518 0
    endloop
  endfacet
  facet normal -0.991491 0.130175 0
    outer loop
      vertex -30.3065 19.8518 5
      vertex -30.3258 19.7048 0
      vertex -30.3258 19.7048 5
    endloop
  endfacet
  facet normal -0.953685 0.300809 0
    outer loop
      vertex -30.4025 19.4186 0
      vertex -30.3579 19.56 5
      vertex -30.3579 19.56 0
    endloop
  endfacet
  facet normal -0.953685 0.300809 0
    outer loop
      vertex -30.3579 19.56 5
      vertex -30.4025 19.4186 0
      vertex -30.4025 19.4186 5
    endloop
  endfacet
  facet normal -0.382749 -0.923853 0
    outer loop
      vertex -31.4186 21.5975 0
      vertex -31.2815 21.5407 5
      vertex -31.4186 21.5975 5
    endloop
  endfacet
  facet normal -0.382749 -0.923853 -0
    outer loop
      vertex -31.2815 21.5407 5
      vertex -31.4186 21.5975 0
      vertex -31.2815 21.5407 0
    endloop
  endfacet
  facet normal 0.675419 -0.737434 0
    outer loop
      vertex -33.2021 21.2021 0
      vertex -33.0927 21.3023 5
      vertex -33.2021 21.2021 5
    endloop
  endfacet
  facet normal 0.675419 -0.737434 0
    outer loop
      vertex -33.0927 21.3023 5
      vertex -33.2021 21.2021 0
      vertex -33.0927 21.3023 0
    endloop
  endfacet
  facet normal 0.843689 -0.536832 0
    outer loop
      vertex -33.4722 20.85 5
      vertex -33.3926 20.9751 0
      vertex -33.3926 20.9751 5
    endloop
  endfacet
  facet normal 0.843689 -0.536832 0
    outer loop
      vertex -33.3926 20.9751 0
      vertex -33.4722 20.85 5
      vertex -33.4722 20.85 0
    endloop
  endfacet
  facet normal 0.382749 0.923853 -0
    outer loop
      vertex -32.5814 18.4025 0
      vertex -32.7185 18.4593 5
      vertex -32.5814 18.4025 5
    endloop
  endfacet
  facet normal 0.382749 0.923853 0
    outer loop
      vertex -32.7185 18.4593 5
      vertex -32.5814 18.4025 0
      vertex -32.7185 18.4593 0
    endloop
  endfacet
  facet normal -0.46199 0.886885 0
    outer loop
      vertex -31.15 18.5278 0
      vertex -31.2815 18.4593 5
      vertex -31.15 18.5278 5
    endloop
  endfacet
  facet normal -0.46199 0.886885 0
    outer loop
      vertex -31.2815 18.4593 5
      vertex -31.15 18.5278 0
      vertex -31.2815 18.4593 0
    endloop
  endfacet
  facet normal 0.300809 0.953685 -0
    outer loop
      vertex -32.44 18.3579 0
      vertex -32.5814 18.4025 5
      vertex -32.44 18.3579 5
    endloop
  endfacet
  facet normal 0.300809 0.953685 0
    outer loop
      vertex -32.5814 18.4025 5
      vertex -32.44 18.3579 0
      vertex -32.5814 18.4025 0
    endloop
  endfacet
  facet normal -0.976298 0.216431 0
    outer loop
      vertex -30.3579 19.56 0
      vertex -30.3258 19.7048 5
      vertex -30.3258 19.7048 0
    endloop
  endfacet
  facet normal -0.976298 0.216431 0
    outer loop
      vertex -30.3258 19.7048 5
      vertex -30.3579 19.56 0
      vertex -30.3579 19.56 5
    endloop
  endfacet
  facet normal -0.886885 -0.46199 0
    outer loop
      vertex -30.4593 20.7185 0
      vertex -30.5278 20.85 5
      vertex -30.5278 20.85 0
    endloop
  endfacet
  facet normal -0.886885 -0.46199 0
    outer loop
      vertex -30.5278 20.85 5
      vertex -30.4593 20.7185 0
      vertex -30.4593 20.7185 5
    endloop
  endfacet
  facet normal -0.675419 -0.737434 0
    outer loop
      vertex -30.9073 21.3023 0
      vertex -30.7979 21.2021 5
      vertex -30.9073 21.3023 5
    endloop
  endfacet
  facet normal -0.675419 -0.737434 -0
    outer loop
      vertex -30.7979 21.2021 5
      vertex -30.9073 21.3023 0
      vertex -30.7979 21.2021 0
    endloop
  endfacet
  facet normal 0.953685 0.300809 0
    outer loop
      vertex -33.5975 19.4186 5
      vertex -33.6421 19.56 0
      vertex -33.6421 19.56 5
    endloop
  endfacet
  facet normal 0.953685 0.300809 0
    outer loop
      vertex -33.6421 19.56 0
      vertex -33.5975 19.4186 5
      vertex -33.5975 19.4186 0
    endloop
  endfacet
  facet normal -0.0438175 0.99904 0
    outer loop
      vertex -31.8518 18.3065 0
      vertex -32 18.3 5
      vertex -31.8518 18.3065 5
    endloop
  endfacet
  facet normal -0.0438175 0.99904 0
    outer loop
      vertex -32 18.3 5
      vertex -31.8518 18.3065 0
      vertex -32 18.3 0
    endloop
  endfacet
  facet normal 0.130175 -0.991491 0
    outer loop
      vertex -32.2952 21.6742 0
      vertex -32.1482 21.6935 5
      vertex -32.2952 21.6742 5
    endloop
  endfacet
  facet normal 0.130175 -0.991491 0
    outer loop
      vertex -32.1482 21.6935 5
      vertex -32.2952 21.6742 0
      vertex -32.1482 21.6935 0
    endloop
  endfacet
  facet normal -0.886885 0.46199 0
    outer loop
      vertex -30.5278 19.15 0
      vertex -30.4593 19.2815 5
      vertex -30.4593 19.2815 0
    endloop
  endfacet
  facet normal -0.886885 0.46199 0
    outer loop
      vertex -30.4593 19.2815 5
      vertex -30.5278 19.15 0
      vertex -30.5278 19.15 5
    endloop
  endfacet
  facet normal 0.216431 0.976298 -0
    outer loop
      vertex -32.2952 18.3258 0
      vertex -32.44 18.3579 5
      vertex -32.2952 18.3258 5
    endloop
  endfacet
  facet normal 0.216431 0.976298 0
    outer loop
      vertex -32.44 18.3579 5
      vertex -32.2952 18.3258 0
      vertex -32.44 18.3579 0
    endloop
  endfacet
  facet normal 0.953685 -0.300809 0
    outer loop
      vertex -33.6421 20.44 5
      vertex -33.5975 20.5814 0
      vertex -33.5975 20.5814 5
    endloop
  endfacet
  facet normal 0.953685 -0.300809 0
    outer loop
      vertex -33.5975 20.5814 0
      vertex -33.6421 20.44 5
      vertex -33.6421 20.44 0
    endloop
  endfacet
  facet normal -0.923853 0.382749 0
    outer loop
      vertex -30.4593 19.2815 0
      vertex -30.4025 19.4186 5
      vertex -30.4025 19.4186 0
    endloop
  endfacet
  facet normal -0.923853 0.382749 0
    outer loop
      vertex -30.4025 19.4186 5
      vertex -30.4593 19.2815 0
      vertex -30.4593 19.2815 5
    endloop
  endfacet
  facet normal 0.886885 -0.46199 0
    outer loop
      vertex -33.5407 20.7185 5
      vertex -33.4722 20.85 0
      vertex -33.4722 20.85 5
    endloop
  endfacet
  facet normal 0.886885 -0.46199 0
    outer loop
      vertex -33.4722 20.85 0
      vertex -33.5407 20.7185 5
      vertex -33.5407 20.7185 0
    endloop
  endfacet
  facet normal 0.46199 -0.886885 0
    outer loop
      vertex -32.85 21.4722 0
      vertex -32.7185 21.5407 5
      vertex -32.85 21.4722 5
    endloop
  endfacet
  facet normal 0.46199 -0.886885 0
    outer loop
      vertex -32.7185 21.5407 5
      vertex -32.85 21.4722 0
      vertex -32.7185 21.5407 0
    endloop
  endfacet
  facet normal 0.843689 0.536832 0
    outer loop
      vertex -33.3926 19.0249 5
      vertex -33.4722 19.15 0
      vertex -33.4722 19.15 5
    endloop
  endfacet
  facet normal 0.843689 0.536832 0
    outer loop
      vertex -33.4722 19.15 0
      vertex -33.3926 19.0249 5
      vertex -33.3926 19.0249 0
    endloop
  endfacet
  facet normal -0.79315 -0.609026 0
    outer loop
      vertex -30.6074 20.9751 0
      vertex -30.6977 21.0927 5
      vertex -30.6977 21.0927 0
    endloop
  endfacet
  facet normal -0.79315 -0.609026 0
    outer loop
      vertex -30.6977 21.0927 5
      vertex -30.6074 20.9751 0
      vertex -30.6074 20.9751 5
    endloop
  endfacet
  facet normal 0.991491 -0.130175 0
    outer loop
      vertex -33.6935 20.1482 5
      vertex -33.6742 20.2952 0
      vertex -33.6742 20.2952 5
    endloop
  endfacet
  facet normal 0.991491 -0.130175 0
    outer loop
      vertex -33.6742 20.2952 0
      vertex -33.6935 20.1482 5
      vertex -33.6935 20.1482 0
    endloop
  endfacet
  facet normal 0.737434 -0.675419 0
    outer loop
      vertex -33.3023 21.0927 5
      vertex -33.2021 21.2021 0
      vertex -33.2021 21.2021 5
    endloop
  endfacet
  facet normal 0.737434 -0.675419 0
    outer loop
      vertex -33.2021 21.2021 0
      vertex -33.3023 21.0927 5
      vertex -33.3023 21.0927 0
    endloop
  endfacet
  facet normal 0.886885 0.46199 0
    outer loop
      vertex -33.4722 19.15 5
      vertex -33.5407 19.2815 0
      vertex -33.5407 19.2815 5
    endloop
  endfacet
  facet normal 0.886885 0.46199 0
    outer loop
      vertex -33.5407 19.2815 0
      vertex -33.4722 19.15 5
      vertex -33.4722 19.15 0
    endloop
  endfacet
  facet normal 0.991491 0.130175 0
    outer loop
      vertex -33.6742 19.7048 5
      vertex -33.6935 19.8518 0
      vertex -33.6935 19.8518 5
    endloop
  endfacet
  facet normal 0.991491 0.130175 0
    outer loop
      vertex -33.6935 19.8518 0
      vertex -33.6742 19.7048 5
      vertex -33.6742 19.7048 0
    endloop
  endfacet
  facet normal 0.0438175 0.99904 -0
    outer loop
      vertex -32 18.3 0
      vertex -32.1482 18.3065 5
      vertex -32 18.3 5
    endloop
  endfacet
  facet normal 0.0438175 0.99904 0
    outer loop
      vertex -32.1482 18.3065 5
      vertex -32 18.3 0
      vertex -32.1482 18.3065 0
    endloop
  endfacet
  facet normal 0.675419 0.737434 -0
    outer loop
      vertex -33.0927 18.6977 0
      vertex -33.2021 18.7979 5
      vertex -33.0927 18.6977 5
    endloop
  endfacet
  facet normal 0.675419 0.737434 0
    outer loop
      vertex -33.2021 18.7979 5
      vertex -33.0927 18.6977 0
      vertex -33.2021 18.7979 0
    endloop
  endfacet
  facet normal -0.46199 -0.886885 0
    outer loop
      vertex -31.2815 21.5407 0
      vertex -31.15 21.4722 5
      vertex -31.2815 21.5407 5
    endloop
  endfacet
  facet normal -0.46199 -0.886885 -0
    outer loop
      vertex -31.15 21.4722 5
      vertex -31.2815 21.5407 0
      vertex -31.15 21.4722 0
    endloop
  endfacet
  facet normal -0.536832 0.843689 0
    outer loop
      vertex -31.0249 18.6074 0
      vertex -31.15 18.5278 5
      vertex -31.0249 18.6074 5
    endloop
  endfacet
  facet normal -0.536832 0.843689 0
    outer loop
      vertex -31.15 18.5278 5
      vertex -31.0249 18.6074 0
      vertex -31.15 18.5278 0
    endloop
  endfacet
  facet normal 0.923853 0.382749 0
    outer loop
      vertex -33.5407 19.2815 5
      vertex -33.5975 19.4186 0
      vertex -33.5975 19.4186 5
    endloop
  endfacet
  facet normal 0.923853 0.382749 0
    outer loop
      vertex -33.5975 19.4186 0
      vertex -33.5407 19.2815 5
      vertex -33.5407 19.2815 0
    endloop
  endfacet
  facet normal 0.923853 -0.382749 0
    outer loop
      vertex -33.5975 20.5814 5
      vertex -33.5407 20.7185 0
      vertex -33.5407 20.7185 5
    endloop
  endfacet
  facet normal 0.923853 -0.382749 0
    outer loop
      vertex -33.5407 20.7185 0
      vertex -33.5975 20.5814 5
      vertex -33.5975 20.5814 0
    endloop
  endfacet
  facet normal -0.536832 -0.843689 0
    outer loop
      vertex -31.15 21.4722 0
      vertex -31.0249 21.3926 5
      vertex -31.15 21.4722 5
    endloop
  endfacet
  facet normal -0.536832 -0.843689 -0
    outer loop
      vertex -31.0249 21.3926 5
      vertex -31.15 21.4722 0
      vertex -31.0249 21.3926 0
    endloop
  endfacet
  facet normal 0.737434 0.675419 0
    outer loop
      vertex -33.2021 18.7979 5
      vertex -33.3023 18.9073 0
      vertex -33.3023 18.9073 5
    endloop
  endfacet
  facet normal 0.737434 0.675419 0
    outer loop
      vertex -33.3023 18.9073 0
      vertex -33.2021 18.7979 5
      vertex -33.2021 18.7979 0
    endloop
  endfacet
  facet normal 0.79315 0.609026 0
    outer loop
      vertex -33.3023 18.9073 5
      vertex -33.3926 19.0249 0
      vertex -33.3926 19.0249 5
    endloop
  endfacet
  facet normal 0.79315 0.609026 0
    outer loop
      vertex -33.3926 19.0249 0
      vertex -33.3023 18.9073 5
      vertex -33.3023 18.9073 0
    endloop
  endfacet
  facet normal -0.609026 0.79315 0
    outer loop
      vertex -30.9073 18.6977 0
      vertex -31.0249 18.6074 5
      vertex -30.9073 18.6977 5
    endloop
  endfacet
  facet normal -0.609026 0.79315 0
    outer loop
      vertex -31.0249 18.6074 5
      vertex -30.9073 18.6977 0
      vertex -31.0249 18.6074 0
    endloop
  endfacet
  facet normal 0.99904 0.0438175 0
    outer loop
      vertex -33.6935 19.8518 5
      vertex -33.7 20 0
      vertex -33.7 20 5
    endloop
  endfacet
  facet normal 0.99904 0.0438175 0
    outer loop
      vertex -33.7 20 0
      vertex -33.6935 19.8518 5
      vertex -33.6935 19.8518 0
    endloop
  endfacet
  facet normal -0.843689 0.536832 0
    outer loop
      vertex -30.6074 19.0249 0
      vertex -30.5278 19.15 5
      vertex -30.5278 19.15 0
    endloop
  endfacet
  facet normal -0.843689 0.536832 0
    outer loop
      vertex -30.5278 19.15 5
      vertex -30.6074 19.0249 0
      vertex -30.6074 19.0249 5
    endloop
  endfacet
  facet normal -0.737434 0.675419 0
    outer loop
      vertex -30.7979 18.7979 0
      vertex -30.6977 18.9073 5
      vertex -30.6977 18.9073 0
    endloop
  endfacet
  facet normal -0.737434 0.675419 0
    outer loop
      vertex -30.6977 18.9073 5
      vertex -30.7979 18.7979 0
      vertex -30.7979 18.7979 5
    endloop
  endfacet
  facet normal 0.536832 0.843689 -0
    outer loop
      vertex -32.85 18.5278 0
      vertex -32.9751 18.6074 5
      vertex -32.85 18.5278 5
    endloop
  endfacet
  facet normal 0.536832 0.843689 0
    outer loop
      vertex -32.9751 18.6074 5
      vertex -32.85 18.5278 0
      vertex -32.9751 18.6074 0
    endloop
  endfacet
  facet normal -0.216431 -0.976298 0
    outer loop
      vertex -31.7048 21.6742 0
      vertex -31.56 21.6421 5
      vertex -31.7048 21.6742 5
    endloop
  endfacet
  facet normal -0.216431 -0.976298 -0
    outer loop
      vertex -31.56 21.6421 5
      vertex -31.7048 21.6742 0
      vertex -31.56 21.6421 0
    endloop
  endfacet
  facet normal 0.130175 0.991491 -0
    outer loop
      vertex -32.1482 18.3065 0
      vertex -32.2952 18.3258 5
      vertex -32.1482 18.3065 5
    endloop
  endfacet
  facet normal 0.130175 0.991491 0
    outer loop
      vertex -32.2952 18.3258 5
      vertex -32.1482 18.3065 0
      vertex -32.2952 18.3258 0
    endloop
  endfacet
  facet normal -0.991491 -0.130175 0
    outer loop
      vertex 33.6935 -19.8518 0
      vertex 33.6742 -19.7048 5
      vertex 33.6742 -19.7048 0
    endloop
  endfacet
  facet normal -0.991491 -0.130175 0
    outer loop
      vertex 33.6742 -19.7048 5
      vertex 33.6935 -19.8518 0
      vertex 33.6935 -19.8518 5
    endloop
  endfacet
  facet normal -0.99904 -0.0438175 0
    outer loop
      vertex 33.7 -20 0
      vertex 33.6935 -19.8518 5
      vertex 33.6935 -19.8518 0
    endloop
  endfacet
  facet normal -0.99904 -0.0438175 0
    outer loop
      vertex 33.6935 -19.8518 5
      vertex 33.7 -20 0
      vertex 33.7 -20 5
    endloop
  endfacet
  facet normal -0.976298 -0.216431 0
    outer loop
      vertex 33.6742 -19.7048 0
      vertex 33.6421 -19.56 5
      vertex 33.6421 -19.56 0
    endloop
  endfacet
  facet normal -0.976298 -0.216431 0
    outer loop
      vertex 33.6421 -19.56 5
      vertex 33.6742 -19.7048 0
      vertex 33.6742 -19.7048 5
    endloop
  endfacet
  facet normal -0.130175 0.991491 0
    outer loop
      vertex 32.2952 -21.6742 0
      vertex 32.1482 -21.6935 5
      vertex 32.2952 -21.6742 5
    endloop
  endfacet
  facet normal -0.130175 0.991491 0
    outer loop
      vertex 32.1482 -21.6935 5
      vertex 32.2952 -21.6742 0
      vertex 32.1482 -21.6935 0
    endloop
  endfacet
  facet normal -0.300809 0.953685 0
    outer loop
      vertex 32.5814 -21.5975 0
      vertex 32.44 -21.6421 5
      vertex 32.5814 -21.5975 5
    endloop
  endfacet
  facet normal -0.300809 0.953685 0
    outer loop
      vertex 32.44 -21.6421 5
      vertex 32.5814 -21.5975 0
      vertex 32.44 -21.6421 0
    endloop
  endfacet
  facet normal 0.953685 -0.300809 0
    outer loop
      vertex 30.3579 -19.56 5
      vertex 30.4025 -19.4186 0
      vertex 30.4025 -19.4186 5
    endloop
  endfacet
  facet normal 0.953685 -0.300809 0
    outer loop
      vertex 30.4025 -19.4186 0
      vertex 30.3579 -19.56 5
      vertex 30.3579 -19.56 0
    endloop
  endfacet
  facet normal 0.79315 0.609026 0
    outer loop
      vertex 30.6977 -21.0927 5
      vertex 30.6074 -20.9751 0
      vertex 30.6074 -20.9751 5
    endloop
  endfacet
  facet normal 0.79315 0.609026 0
    outer loop
      vertex 30.6074 -20.9751 0
      vertex 30.6977 -21.0927 5
      vertex 30.6977 -21.0927 0
    endloop
  endfacet
  facet normal -0.953685 -0.300809 0
    outer loop
      vertex 33.6421 -19.56 0
      vertex 33.5975 -19.4186 5
      vertex 33.5975 -19.4186 0
    endloop
  endfacet
  facet normal -0.953685 -0.300809 0
    outer loop
      vertex 33.5975 -19.4186 5
      vertex 33.6421 -19.56 0
      vertex 33.6421 -19.56 5
    endloop
  endfacet
  facet normal -0.79315 -0.609026 0
    outer loop
      vertex 33.3926 -19.0249 0
      vertex 33.3023 -18.9073 5
      vertex 33.3023 -18.9073 0
    endloop
  endfacet
  facet normal -0.79315 -0.609026 0
    outer loop
      vertex 33.3023 -18.9073 5
      vertex 33.3926 -19.0249 0
      vertex 33.3926 -19.0249 5
    endloop
  endfacet
  facet normal 0.536832 -0.843689 0
    outer loop
      vertex 31.0249 -18.6074 0
      vertex 31.15 -18.5278 5
      vertex 31.0249 -18.6074 5
    endloop
  endfacet
  facet normal 0.536832 -0.843689 0
    outer loop
      vertex 31.15 -18.5278 5
      vertex 31.0249 -18.6074 0
      vertex 31.15 -18.5278 0
    endloop
  endfacet
  facet normal 0.300809 -0.953685 0
    outer loop
      vertex 31.4186 -18.4025 0
      vertex 31.56 -18.3579 5
      vertex 31.4186 -18.4025 5
    endloop
  endfacet
  facet normal 0.300809 -0.953685 0
    outer loop
      vertex 31.56 -18.3579 5
      vertex 31.4186 -18.4025 0
      vertex 31.56 -18.3579 0
    endloop
  endfacet
  facet normal 0.216431 -0.976298 0
    outer loop
      vertex 31.56 -18.3579 0
      vertex 31.7048 -18.3258 5
      vertex 31.56 -18.3579 5
    endloop
  endfacet
  facet normal 0.216431 -0.976298 0
    outer loop
      vertex 31.7048 -18.3258 5
      vertex 31.56 -18.3579 0
      vertex 31.7048 -18.3258 0
    endloop
  endfacet
  facet normal 0.923853 0.382749 0
    outer loop
      vertex 30.4593 -20.7185 5
      vertex 30.4025 -20.5814 0
      vertex 30.4025 -20.5814 5
    endloop
  endfacet
  facet normal 0.923853 0.382749 0
    outer loop
      vertex 30.4025 -20.5814 0
      vertex 30.4593 -20.7185 5
      vertex 30.4593 -20.7185 0
    endloop
  endfacet
  facet normal -0.843689 -0.536832 0
    outer loop
      vertex 33.4722 -19.15 0
      vertex 33.3926 -19.0249 5
      vertex 33.3926 -19.0249 0
    endloop
  endfacet
  facet normal -0.843689 -0.536832 0
    outer loop
      vertex 33.3926 -19.0249 5
      vertex 33.4722 -19.15 0
      vertex 33.4722 -19.15 5
    endloop
  endfacet
  facet normal -0.953685 0.300809 0
    outer loop
      vertex 33.5975 -20.5814 0
      vertex 33.6421 -20.44 5
      vertex 33.6421 -20.44 0
    endloop
  endfacet
  facet normal -0.953685 0.300809 0
    outer loop
      vertex 33.6421 -20.44 5
      vertex 33.5975 -20.5814 0
      vertex 33.5975 -20.5814 5
    endloop
  endfacet
  facet normal -0.675419 -0.737434 0
    outer loop
      vertex 33.0927 -18.6977 0
      vertex 33.2021 -18.7979 5
      vertex 33.0927 -18.6977 5
    endloop
  endfacet
  facet normal -0.675419 -0.737434 -0
    outer loop
      vertex 33.2021 -18.7979 5
      vertex 33.0927 -18.6977 0
      vertex 33.2021 -18.7979 0
    endloop
  endfacet
  facet normal -0.536832 -0.843689 0
    outer loop
      vertex 32.85 -18.5278 0
      vertex 32.9751 -18.6074 5
      vertex 32.85 -18.5278 5
    endloop
  endfacet
  facet normal -0.536832 -0.843689 -0
    outer loop
      vertex 32.9751 -18.6074 5
      vertex 32.85 -18.5278 0
      vertex 32.9751 -18.6074 0
    endloop
  endfacet
  facet normal -0.99904 0.0438175 0
    outer loop
      vertex 33.6935 -20.1482 0
      vertex 33.7 -20 5
      vertex 33.7 -20 0
    endloop
  endfacet
  facet normal -0.99904 0.0438175 0
    outer loop
      vertex 33.7 -20 5
      vertex 33.6935 -20.1482 0
      vertex 33.6935 -20.1482 5
    endloop
  endfacet
  facet normal 0.216431 0.976298 -0
    outer loop
      vertex 31.7048 -21.6742 0
      vertex 31.56 -21.6421 5
      vertex 31.7048 -21.6742 5
    endloop
  endfacet
  facet normal 0.216431 0.976298 0
    outer loop
      vertex 31.56 -21.6421 5
      vertex 31.7048 -21.6742 0
      vertex 31.56 -21.6421 0
    endloop
  endfacet
  facet normal -0.609026 -0.79315 0
    outer loop
      vertex 32.9751 -18.6074 0
      vertex 33.0927 -18.6977 5
      vertex 32.9751 -18.6074 5
    endloop
  endfacet
  facet normal -0.609026 -0.79315 -0
    outer loop
      vertex 33.0927 -18.6977 5
      vertex 32.9751 -18.6074 0
      vertex 33.0927 -18.6977 0
    endloop
  endfacet
  facet normal 0.953685 0.300809 0
    outer loop
      vertex 30.4025 -20.5814 5
      vertex 30.3579 -20.44 0
      vertex 30.3579 -20.44 5
    endloop
  endfacet
  facet normal 0.953685 0.300809 0
    outer loop
      vertex 30.3579 -20.44 0
      vertex 30.4025 -20.5814 5
      vertex 30.4025 -20.5814 0
    endloop
  endfacet
  facet normal 0.609026 -0.79315 0
    outer loop
      vertex 30.9073 -18.6977 0
      vertex 31.0249 -18.6074 5
      vertex 30.9073 -18.6977 5
    endloop
  endfacet
  facet normal 0.609026 -0.79315 0
    outer loop
      vertex 31.0249 -18.6074 5
      vertex 30.9073 -18.6977 0
      vertex 31.0249 -18.6074 0
    endloop
  endfacet
  facet normal -0.216431 0.976298 0
    outer loop
      vertex 32.44 -21.6421 0
      vertex 32.2952 -21.6742 5
      vertex 32.44 -21.6421 5
    endloop
  endfacet
  facet normal -0.216431 0.976298 0
    outer loop
      vertex 32.2952 -21.6742 5
      vertex 32.44 -21.6421 0
      vertex 32.2952 -21.6742 0
    endloop
  endfacet
  facet normal 0.382749 0.923853 -0
    outer loop
      vertex 31.4186 -21.5975 0
      vertex 31.2815 -21.5407 5
      vertex 31.4186 -21.5975 5
    endloop
  endfacet
  facet normal 0.382749 0.923853 0
    outer loop
      vertex 31.2815 -21.5407 5
      vertex 31.4186 -21.5975 0
      vertex 31.2815 -21.5407 0
    endloop
  endfacet
  facet normal -0.46199 0.886885 0
    outer loop
      vertex 32.85 -21.4722 0
      vertex 32.7185 -21.5407 5
      vertex 32.85 -21.4722 5
    endloop
  endfacet
  facet normal -0.46199 0.886885 0
    outer loop
      vertex 32.7185 -21.5407 5
      vertex 32.85 -21.4722 0
      vertex 32.7185 -21.5407 0
    endloop
  endfacet
  facet normal 0.0438175 -0.99904 0
    outer loop
      vertex 31.8518 -18.3065 0
      vertex 32 -18.3 5
      vertex 31.8518 -18.3065 5
    endloop
  endfacet
  facet normal 0.0438175 -0.99904 0
    outer loop
      vertex 32 -18.3 5
      vertex 31.8518 -18.3065 0
      vertex 32 -18.3 0
    endloop
  endfacet
  facet normal 0.536832 0.843689 -0
    outer loop
      vertex 31.15 -21.4722 0
      vertex 31.0249 -21.3926 5
      vertex 31.15 -21.4722 5
    endloop
  endfacet
  facet normal 0.536832 0.843689 0
    outer loop
      vertex 31.0249 -21.3926 5
      vertex 31.15 -21.4722 0
      vertex 31.0249 -21.3926 0
    endloop
  endfacet
  facet normal -0.0438175 0.99904 0
    outer loop
      vertex 32.1482 -21.6935 0
      vertex 32 -21.7 5
      vertex 32.1482 -21.6935 5
    endloop
  endfacet
  facet normal -0.0438175 0.99904 0
    outer loop
      vertex 32 -21.7 5
      vertex 32.1482 -21.6935 0
      vertex 32 -21.7 0
    endloop
  endfacet
  facet normal 0.886885 0.46199 0
    outer loop
      vertex 30.5278 -20.85 5
      vertex 30.4593 -20.7185 0
      vertex 30.4593 -20.7185 5
    endloop
  endfacet
  facet normal 0.886885 0.46199 0
    outer loop
      vertex 30.4593 -20.7185 0
      vertex 30.5278 -20.85 5
      vertex 30.5278 -20.85 0
    endloop
  endfacet
  facet normal -0.46199 -0.886885 0
    outer loop
      vertex 32.7185 -18.4593 0
      vertex 32.85 -18.5278 5
      vertex 32.7185 -18.4593 5
    endloop
  endfacet
  facet normal -0.46199 -0.886885 -0
    outer loop
      vertex 32.85 -18.5278 5
      vertex 32.7185 -18.4593 0
      vertex 32.85 -18.5278 0
    endloop
  endfacet
  facet normal -0.675419 0.737434 0
    outer loop
      vertex 33.2021 -21.2021 0
      vertex 33.0927 -21.3023 5
      vertex 33.2021 -21.2021 5
    endloop
  endfacet
  facet normal -0.675419 0.737434 0
    outer loop
      vertex 33.0927 -21.3023 5
      vertex 33.2021 -21.2021 0
      vertex 33.0927 -21.3023 0
    endloop
  endfacet
  facet normal -0.536832 0.843689 0
    outer loop
      vertex 32.9751 -21.3926 0
      vertex 32.85 -21.4722 5
      vertex 32.9751 -21.3926 5
    endloop
  endfacet
  facet normal -0.536832 0.843689 0
    outer loop
      vertex 32.85 -21.4722 5
      vertex 32.9751 -21.3926 0
      vertex 32.85 -21.4722 0
    endloop
  endfacet
  facet normal -0.79315 0.609026 0
    outer loop
      vertex 33.3023 -21.0927 0
      vertex 33.3926 -20.9751 5
      vertex 33.3926 -20.9751 0
    endloop
  endfacet
  facet normal -0.79315 0.609026 0
    outer loop
      vertex 33.3926 -20.9751 5
      vertex 33.3023 -21.0927 0
      vertex 33.3023 -21.0927 5
    endloop
  endfacet
  facet normal 0.99904 -0.0438175 0
    outer loop
      vertex 30.3 -20 5
      vertex 30.3065 -19.8518 0
      vertex 30.3065 -19.8518 5
    endloop
  endfacet
  facet normal 0.99904 -0.0438175 0
    outer loop
      vertex 30.3065 -19.8518 0
      vertex 30.3 -20 5
      vertex 30.3 -20 0
    endloop
  endfacet
  facet normal -0.609026 0.79315 0
    outer loop
      vertex 33.0927 -21.3023 0
      vertex 32.9751 -21.3926 5
      vertex 33.0927 -21.3023 5
    endloop
  endfacet
  facet normal -0.609026 0.79315 0
    outer loop
      vertex 32.9751 -21.3926 5
      vertex 33.0927 -21.3023 0
      vertex 32.9751 -21.3926 0
    endloop
  endfacet
  facet normal -0.923853 -0.382749 0
    outer loop
      vertex 33.5975 -19.4186 0
      vertex 33.5407 -19.2815 5
      vertex 33.5407 -19.2815 0
    endloop
  endfacet
  facet normal -0.923853 -0.382749 0
    outer loop
      vertex 33.5407 -19.2815 5
      vertex 33.5975 -19.4186 0
      vertex 33.5975 -19.4186 5
    endloop
  endfacet
  facet normal -0.737434 -0.675419 0
    outer loop
      vertex 33.3023 -18.9073 0
      vertex 33.2021 -18.7979 5
      vertex 33.2021 -18.7979 0
    endloop
  endfacet
  facet normal -0.737434 -0.675419 0
    outer loop
      vertex 33.2021 -18.7979 5
      vertex 33.3023 -18.9073 0
      vertex 33.3023 -18.9073 5
    endloop
  endfacet
  facet normal 0.923853 -0.382749 0
    outer loop
      vertex 30.4025 -19.4186 5
      vertex 30.4593 -19.2815 0
      vertex 30.4593 -19.2815 5
    endloop
  endfacet
  facet normal 0.923853 -0.382749 0
    outer loop
      vertex 30.4593 -19.2815 0
      vertex 30.4025 -19.4186 5
      vertex 30.4025 -19.4186 0
    endloop
  endfacet
  facet normal -0.382749 0.923853 0
    outer loop
      vertex 32.7185 -21.5407 0
      vertex 32.5814 -21.5975 5
      vertex 32.7185 -21.5407 5
    endloop
  endfacet
  facet normal -0.382749 0.923853 0
    outer loop
      vertex 32.5814 -21.5975 5
      vertex 32.7185 -21.5407 0
      vertex 32.5814 -21.5975 0
    endloop
  endfacet
  facet normal -0.886885 -0.46199 0
    outer loop
      vertex 33.5407 -19.2815 0
      vertex 33.4722 -19.15 5
      vertex 33.4722 -19.15 0
    endloop
  endfacet
  facet normal -0.886885 -0.46199 0
    outer loop
      vertex 33.4722 -19.15 5
      vertex 33.5407 -19.2815 0
      vertex 33.5407 -19.2815 5
    endloop
  endfacet
  facet normal 0.675419 -0.737434 0
    outer loop
      vertex 30.7979 -18.7979 0
      vertex 30.9073 -18.6977 5
      vertex 30.7979 -18.7979 5
    endloop
  endfacet
  facet normal 0.675419 -0.737434 0
    outer loop
      vertex 30.9073 -18.6977 5
      vertex 30.7979 -18.7979 0
      vertex 30.9073 -18.6977 0
    endloop
  endfacet
  facet normal 0.675419 0.737434 -0
    outer loop
      vertex 30.9073 -21.3023 0
      vertex 30.7979 -21.2021 5
      vertex 30.9073 -21.3023 5
    endloop
  endfacet
  facet normal 0.675419 0.737434 0
    outer loop
      vertex 30.7979 -21.2021 5
      vertex 30.9073 -21.3023 0
      vertex 30.7979 -21.2021 0
    endloop
  endfacet
  facet normal -0.130175 -0.991491 0
    outer loop
      vertex 32.1482 -18.3065 0
      vertex 32.2952 -18.3258 5
      vertex 32.1482 -18.3065 5
    endloop
  endfacet
  facet normal -0.130175 -0.991491 -0
    outer loop
      vertex 32.2952 -18.3258 5
      vertex 32.1482 -18.3065 0
      vertex 32.2952 -18.3258 0
    endloop
  endfacet
  facet normal 0.46199 -0.886885 0
    outer loop
      vertex 31.15 -18.5278 0
      vertex 31.2815 -18.4593 5
      vertex 31.15 -18.5278 5
    endloop
  endfacet
  facet normal 0.46199 -0.886885 0
    outer loop
      vertex 31.2815 -18.4593 5
      vertex 31.15 -18.5278 0
      vertex 31.2815 -18.4593 0
    endloop
  endfacet
  facet normal 0.382749 -0.923853 0
    outer loop
      vertex 31.2815 -18.4593 0
      vertex 31.4186 -18.4025 5
      vertex 31.2815 -18.4593 5
    endloop
  endfacet
  facet normal 0.382749 -0.923853 0
    outer loop
      vertex 31.4186 -18.4025 5
      vertex 31.2815 -18.4593 0
      vertex 31.4186 -18.4025 0
    endloop
  endfacet
  facet normal 0.991491 -0.130175 0
    outer loop
      vertex 30.3065 -19.8518 5
      vertex 30.3258 -19.7048 0
      vertex 30.3258 -19.7048 5
    endloop
  endfacet
  facet normal 0.991491 -0.130175 0
    outer loop
      vertex 30.3258 -19.7048 0
      vertex 30.3065 -19.8518 5
      vertex 30.3065 -19.8518 0
    endloop
  endfacet
  facet normal 0.976298 -0.216431 0
    outer loop
      vertex 30.3258 -19.7048 5
      vertex 30.3579 -19.56 0
      vertex 30.3579 -19.56 5
    endloop
  endfacet
  facet normal 0.976298 -0.216431 0
    outer loop
      vertex 30.3579 -19.56 0
      vertex 30.3258 -19.7048 5
      vertex 30.3258 -19.7048 0
    endloop
  endfacet
  facet normal -0.923853 0.382749 0
    outer loop
      vertex 33.5407 -20.7185 0
      vertex 33.5975 -20.5814 5
      vertex 33.5975 -20.5814 0
    endloop
  endfacet
  facet normal -0.923853 0.382749 0
    outer loop
      vertex 33.5975 -20.5814 5
      vertex 33.5407 -20.7185 0
      vertex 33.5407 -20.7185 5
    endloop
  endfacet
  facet normal -0.216431 -0.976298 0
    outer loop
      vertex 32.2952 -18.3258 0
      vertex 32.44 -18.3579 5
      vertex 32.2952 -18.3258 5
    endloop
  endfacet
  facet normal -0.216431 -0.976298 -0
    outer loop
      vertex 32.44 -18.3579 5
      vertex 32.2952 -18.3258 0
      vertex 32.44 -18.3579 0
    endloop
  endfacet
  facet normal 0.79315 -0.609026 0
    outer loop
      vertex 30.6074 -19.0249 5
      vertex 30.6977 -18.9073 0
      vertex 30.6977 -18.9073 5
    endloop
  endfacet
  facet normal 0.79315 -0.609026 0
    outer loop
      vertex 30.6977 -18.9073 0
      vertex 30.6074 -19.0249 5
      vertex 30.6074 -19.0249 0
    endloop
  endfacet
  facet normal 0.99904 0.0438175 0
    outer loop
      vertex 30.3065 -20.1482 5
      vertex 30.3 -20 0
      vertex 30.3 -20 5
    endloop
  endfacet
  facet normal 0.99904 0.0438175 0
    outer loop
      vertex 30.3 -20 0
      vertex 30.3065 -20.1482 5
      vertex 30.3065 -20.1482 0
    endloop
  endfacet
  facet normal 0.46199 0.886885 -0
    outer loop
      vertex 31.2815 -21.5407 0
      vertex 31.15 -21.4722 5
      vertex 31.2815 -21.5407 5
    endloop
  endfacet
  facet normal 0.46199 0.886885 0
    outer loop
      vertex 31.15 -21.4722 5
      vertex 31.2815 -21.5407 0
      vertex 31.15 -21.4722 0
    endloop
  endfacet
  facet normal -0.0438175 -0.99904 0
    outer loop
      vertex 32 -18.3 0
      vertex 32.1482 -18.3065 5
      vertex 32 -18.3 5
    endloop
  endfacet
  facet normal -0.0438175 -0.99904 -0
    outer loop
      vertex 32.1482 -18.3065 5
      vertex 32 -18.3 0
      vertex 32.1482 -18.3065 0
    endloop
  endfacet
  facet normal -0.976298 0.216431 0
    outer loop
      vertex 33.6421 -20.44 0
      vertex 33.6742 -20.2952 5
      vertex 33.6742 -20.2952 0
    endloop
  endfacet
  facet normal -0.976298 0.216431 0
    outer loop
      vertex 33.6742 -20.2952 5
      vertex 33.6421 -20.44 0
      vertex 33.6421 -20.44 5
    endloop
  endfacet
  facet normal 0.737434 0.675419 0
    outer loop
      vertex 30.7979 -21.2021 5
      vertex 30.6977 -21.0927 0
      vertex 30.6977 -21.0927 5
    endloop
  endfacet
  facet normal 0.737434 0.675419 0
    outer loop
      vertex 30.6977 -21.0927 0
      vertex 30.7979 -21.2021 5
      vertex 30.7979 -21.2021 0
    endloop
  endfacet
  facet normal 0.976298 0.216431 0
    outer loop
      vertex 30.3579 -20.44 5
      vertex 30.3258 -20.2952 0
      vertex 30.3258 -20.2952 5
    endloop
  endfacet
  facet normal 0.976298 0.216431 0
    outer loop
      vertex 30.3258 -20.2952 0
      vertex 30.3579 -20.44 5
      vertex 30.3579 -20.44 0
    endloop
  endfacet
  facet normal -0.886885 0.46199 0
    outer loop
      vertex 33.4722 -20.85 0
      vertex 33.5407 -20.7185 5
      vertex 33.5407 -20.7185 0
    endloop
  endfacet
  facet normal -0.886885 0.46199 0
    outer loop
      vertex 33.5407 -20.7185 5
      vertex 33.4722 -20.85 0
      vertex 33.4722 -20.85 5
    endloop
  endfacet
  facet normal -0.382749 -0.923853 0
    outer loop
      vertex 32.5814 -18.4025 0
      vertex 32.7185 -18.4593 5
      vertex 32.5814 -18.4025 5
    endloop
  endfacet
  facet normal -0.382749 -0.923853 -0
    outer loop
      vertex 32.7185 -18.4593 5
      vertex 32.5814 -18.4025 0
      vertex 32.7185 -18.4593 0
    endloop
  endfacet
  facet normal -0.300809 -0.953685 0
    outer loop
      vertex 32.44 -18.3579 0
      vertex 32.5814 -18.4025 5
      vertex 32.44 -18.3579 5
    endloop
  endfacet
  facet normal -0.300809 -0.953685 -0
    outer loop
      vertex 32.5814 -18.4025 5
      vertex 32.44 -18.3579 0
      vertex 32.5814 -18.4025 0
    endloop
  endfacet
  facet normal 0.737434 -0.675419 0
    outer loop
      vertex 30.6977 -18.9073 5
      vertex 30.7979 -18.7979 0
      vertex 30.7979 -18.7979 5
    endloop
  endfacet
  facet normal 0.737434 -0.675419 0
    outer loop
      vertex 30.7979 -18.7979 0
      vertex 30.6977 -18.9073 5
      vertex 30.6977 -18.9073 0
    endloop
  endfacet
  facet normal 0.130175 -0.991491 0
    outer loop
      vertex 31.7048 -18.3258 0
      vertex 31.8518 -18.3065 5
      vertex 31.7048 -18.3258 5
    endloop
  endfacet
  facet normal 0.130175 -0.991491 0
    outer loop
      vertex 31.8518 -18.3065 5
      vertex 31.7048 -18.3258 0
      vertex 31.8518 -18.3065 0
    endloop
  endfacet
  facet normal 0.609026 0.79315 -0
    outer loop
      vertex 31.0249 -21.3926 0
      vertex 30.9073 -21.3023 5
      vertex 31.0249 -21.3926 5
    endloop
  endfacet
  facet normal 0.609026 0.79315 0
    outer loop
      vertex 30.9073 -21.3023 5
      vertex 31.0249 -21.3926 0
      vertex 30.9073 -21.3023 0
    endloop
  endfacet
  facet normal -0.843689 0.536832 0
    outer loop
      vertex 33.3926 -20.9751 0
      vertex 33.4722 -20.85 5
      vertex 33.4722 -20.85 0
    endloop
  endfacet
  facet normal -0.843689 0.536832 0
    outer loop
      vertex 33.4722 -20.85 5
      vertex 33.3926 -20.9751 0
      vertex 33.3926 -20.9751 5
    endloop
  endfacet
  facet normal 0.300809 0.953685 -0
    outer loop
      vertex 31.56 -21.6421 0
      vertex 31.4186 -21.5975 5
      vertex 31.56 -21.6421 5
    endloop
  endfacet
  facet normal 0.300809 0.953685 0
    outer loop
      vertex 31.4186 -21.5975 5
      vertex 31.56 -21.6421 0
      vertex 31.4186 -21.5975 0
    endloop
  endfacet
  facet normal 0.991491 0.130175 0
    outer loop
      vertex 30.3258 -20.2952 5
      vertex 30.3065 -20.1482 0
      vertex 30.3065 -20.1482 5
    endloop
  endfacet
  facet normal 0.991491 0.130175 0
    outer loop
      vertex 30.3065 -20.1482 0
      vertex 30.3258 -20.2952 5
      vertex 30.3258 -20.2952 0
    endloop
  endfacet
  facet normal 0.843689 0.536832 0
    outer loop
      vertex 30.6074 -20.9751 5
      vertex 30.5278 -20.85 0
      vertex 30.5278 -20.85 5
    endloop
  endfacet
  facet normal 0.843689 0.536832 0
    outer loop
      vertex 30.5278 -20.85 0
      vertex 30.6074 -20.9751 5
      vertex 30.6074 -20.9751 0
    endloop
  endfacet
  facet normal 0.886885 -0.46199 0
    outer loop
      vertex 30.4593 -19.2815 5
      vertex 30.5278 -19.15 0
      vertex 30.5278 -19.15 5
    endloop
  endfacet
  facet normal 0.886885 -0.46199 0
    outer loop
      vertex 30.5278 -19.15 0
      vertex 30.4593 -19.2815 5
      vertex 30.4593 -19.2815 0
    endloop
  endfacet
  facet normal -0.991491 0.130175 0
    outer loop
      vertex 33.6742 -20.2952 0
      vertex 33.6935 -20.1482 5
      vertex 33.6935 -20.1482 0
    endloop
  endfacet
  facet normal -0.991491 0.130175 0
    outer loop
      vertex 33.6935 -20.1482 5
      vertex 33.6742 -20.2952 0
      vertex 33.6742 -20.2952 5
    endloop
  endfacet
  facet normal -0.737434 0.675419 0
    outer loop
      vertex 33.2021 -21.2021 0
      vertex 33.3023 -21.0927 5
      vertex 33.3023 -21.0927 0
    endloop
  endfacet
  facet normal -0.737434 0.675419 0
    outer loop
      vertex 33.3023 -21.0927 5
      vertex 33.2021 -21.2021 0
      vertex 33.2021 -21.2021 5
    endloop
  endfacet
  facet normal 0.0438175 0.99904 -0
    outer loop
      vertex 32 -21.7 0
      vertex 31.8518 -21.6935 5
      vertex 32 -21.7 5
    endloop
  endfacet
  facet normal 0.0438175 0.99904 0
    outer loop
      vertex 31.8518 -21.6935 5
      vertex 32 -21.7 0
      vertex 31.8518 -21.6935 0
    endloop
  endfacet
  facet normal 0.130175 0.991491 -0
    outer loop
      vertex 31.8518 -21.6935 0
      vertex 31.7048 -21.6742 5
      vertex 31.8518 -21.6935 5
    endloop
  endfacet
  facet normal 0.130175 0.991491 0
    outer loop
      vertex 31.7048 -21.6742 5
      vertex 31.8518 -21.6935 0
      vertex 31.7048 -21.6742 0
    endloop
  endfacet
  facet normal 0.843689 -0.536832 0
    outer loop
      vertex 30.5278 -19.15 5
      vertex 30.6074 -19.0249 0
      vertex 30.6074 -19.0249 5
    endloop
  endfacet
  facet normal 0.843689 -0.536832 0
    outer loop
      vertex 30.6074 -19.0249 0
      vertex 30.5278 -19.15 5
      vertex 30.5278 -19.15 0
    endloop
  endfacet
  facet normal -0.991491 -0.130175 0
    outer loop
      vertex 33.6935 20.1482 0
      vertex 33.6742 20.2952 5
      vertex 33.6742 20.2952 0
    endloop
  endfacet
  facet normal -0.991491 -0.130175 0
    outer loop
      vertex 33.6742 20.2952 5
      vertex 33.6935 20.1482 0
      vertex 33.6935 20.1482 5
    endloop
  endfacet
  facet normal -0.99904 -0.0438175 0
    outer loop
      vertex 33.7 20 0
      vertex 33.6935 20.1482 5
      vertex 33.6935 20.1482 0
    endloop
  endfacet
  facet normal -0.99904 -0.0438175 0
    outer loop
      vertex 33.6935 20.1482 5
      vertex 33.7 20 0
      vertex 33.7 20 5
    endloop
  endfacet
  facet normal -0.976298 -0.216431 0
    outer loop
      vertex 33.6742 20.2952 0
      vertex 33.6421 20.44 5
      vertex 33.6421 20.44 0
    endloop
  endfacet
  facet normal -0.976298 -0.216431 0
    outer loop
      vertex 33.6421 20.44 5
      vertex 33.6742 20.2952 0
      vertex 33.6742 20.2952 5
    endloop
  endfacet
  facet normal 0.216431 -0.976298 0
    outer loop
      vertex 31.56 21.6421 0
      vertex 31.7048 21.6742 5
      vertex 31.56 21.6421 5
    endloop
  endfacet
  facet normal 0.216431 -0.976298 0
    outer loop
      vertex 31.7048 21.6742 5
      vertex 31.56 21.6421 0
      vertex 31.7048 21.6742 0
    endloop
  endfacet
  facet normal -0.843689 -0.536832 0
    outer loop
      vertex 33.4722 20.85 0
      vertex 33.3926 20.9751 5
      vertex 33.3926 20.9751 0
    endloop
  endfacet
  facet normal -0.843689 -0.536832 0
    outer loop
      vertex 33.3926 20.9751 5
      vertex 33.4722 20.85 0
      vertex 33.4722 20.85 5
    endloop
  endfacet
  facet normal 0.976298 0.216431 0
    outer loop
      vertex 30.3579 19.56 5
      vertex 30.3258 19.7048 0
      vertex 30.3258 19.7048 5
    endloop
  endfacet
  facet normal 0.976298 0.216431 0
    outer loop
      vertex 30.3258 19.7048 0
      vertex 30.3579 19.56 5
      vertex 30.3579 19.56 0
    endloop
  endfacet
  facet normal -0.737434 -0.675419 0
    outer loop
      vertex 33.3023 21.0927 0
      vertex 33.2021 21.2021 5
      vertex 33.2021 21.2021 0
    endloop
  endfacet
  facet normal -0.737434 -0.675419 0
    outer loop
      vertex 33.2021 21.2021 5
      vertex 33.3023 21.0927 0
      vertex 33.3023 21.0927 5
    endloop
  endfacet
  facet normal -0.99904 0.0438175 0
    outer loop
      vertex 33.6935 19.8518 0
      vertex 33.7 20 5
      vertex 33.7 20 0
    endloop
  endfacet
  facet normal -0.99904 0.0438175 0
    outer loop
      vertex 33.7 20 5
      vertex 33.6935 19.8518 0
      vertex 33.6935 19.8518 5
    endloop
  endfacet
  facet normal -0.675419 0.737434 0
    outer loop
      vertex 33.2021 18.7979 0
      vertex 33.0927 18.6977 5
      vertex 33.2021 18.7979 5
    endloop
  endfacet
  facet normal -0.675419 0.737434 0
    outer loop
      vertex 33.0927 18.6977 5
      vertex 33.2021 18.7979 0
      vertex 33.0927 18.6977 0
    endloop
  endfacet
  facet normal 0.79315 -0.609026 0
    outer loop
      vertex 30.6074 20.9751 5
      vertex 30.6977 21.0927 0
      vertex 30.6977 21.0927 5
    endloop
  endfacet
  facet normal 0.79315 -0.609026 0
    outer loop
      vertex 30.6977 21.0927 0
      vertex 30.6074 20.9751 5
      vertex 30.6074 20.9751 0
    endloop
  endfacet
  facet normal -0.382749 0.923853 0
    outer loop
      vertex 32.7185 18.4593 0
      vertex 32.5814 18.4025 5
      vertex 32.7185 18.4593 5
    endloop
  endfacet
  facet normal -0.382749 0.923853 0
    outer loop
      vertex 32.5814 18.4025 5
      vertex 32.7185 18.4593 0
      vertex 32.5814 18.4025 0
    endloop
  endfacet
  facet normal -0.953685 -0.300809 0
    outer loop
      vertex 33.6421 20.44 0
      vertex 33.5975 20.5814 5
      vertex 33.5975 20.5814 0
    endloop
  endfacet
  facet normal -0.953685 -0.300809 0
    outer loop
      vertex 33.5975 20.5814 5
      vertex 33.6421 20.44 0
      vertex 33.6421 20.44 5
    endloop
  endfacet
  facet normal -0.130175 0.991491 0
    outer loop
      vertex 32.2952 18.3258 0
      vertex 32.1482 18.3065 5
      vertex 32.2952 18.3258 5
    endloop
  endfacet
  facet normal -0.130175 0.991491 0
    outer loop
      vertex 32.1482 18.3065 5
      vertex 32.2952 18.3258 0
      vertex 32.1482 18.3065 0
    endloop
  endfacet
  facet normal 0.976298 -0.216431 0
    outer loop
      vertex 30.3258 20.2952 5
      vertex 30.3579 20.44 0
      vertex 30.3579 20.44 5
    endloop
  endfacet
  facet normal 0.976298 -0.216431 0
    outer loop
      vertex 30.3579 20.44 0
      vertex 30.3258 20.2952 5
      vertex 30.3258 20.2952 0
    endloop
  endfacet
  facet normal 0.609026 -0.79315 0
    outer loop
      vertex 30.9073 21.3023 0
      vertex 31.0249 21.3926 5
      vertex 30.9073 21.3023 5
    endloop
  endfacet
  facet normal 0.609026 -0.79315 0
    outer loop
      vertex 31.0249 21.3926 5
      vertex 30.9073 21.3023 0
      vertex 31.0249 21.3926 0
    endloop
  endfacet
  facet normal 0.0438175 -0.99904 0
    outer loop
      vertex 31.8518 21.6935 0
      vertex 32 21.7 5
      vertex 31.8518 21.6935 5
    endloop
  endfacet
  facet normal 0.0438175 -0.99904 0
    outer loop
      vertex 32 21.7 5
      vertex 31.8518 21.6935 0
      vertex 32 21.7 0
    endloop
  endfacet
  facet normal 0.609026 0.79315 -0
    outer loop
      vertex 31.0249 18.6074 0
      vertex 30.9073 18.6977 5
      vertex 31.0249 18.6074 5
    endloop
  endfacet
  facet normal 0.609026 0.79315 0
    outer loop
      vertex 30.9073 18.6977 5
      vertex 31.0249 18.6074 0
      vertex 30.9073 18.6977 0
    endloop
  endfacet
  facet normal 0.382749 -0.923853 0
    outer loop
      vertex 31.2815 21.5407 0
      vertex 31.4186 21.5975 5
      vertex 31.2815 21.5407 5
    endloop
  endfacet
  facet normal 0.382749 -0.923853 0
    outer loop
      vertex 31.4186 21.5975 5
      vertex 31.2815 21.5407 0
      vertex 31.4186 21.5975 0
    endloop
  endfacet
  facet normal 0.99904 -0.0438175 0
    outer loop
      vertex 30.3 20 5
      vertex 30.3065 20.1482 0
      vertex 30.3065 20.1482 5
    endloop
  endfacet
  facet normal 0.99904 -0.0438175 0
    outer loop
      vertex 30.3065 20.1482 0
      vertex 30.3 20 5
      vertex 30.3 20 0
    endloop
  endfacet
  facet normal -0.300809 -0.953685 0
    outer loop
      vertex 32.44 21.6421 0
      vertex 32.5814 21.5975 5
      vertex 32.44 21.6421 5
    endloop
  endfacet
  facet normal -0.300809 -0.953685 -0
    outer loop
      vertex 32.5814 21.5975 5
      vertex 32.44 21.6421 0
      vertex 32.5814 21.5975 0
    endloop
  endfacet
  facet normal 0.300809 -0.953685 0
    outer loop
      vertex 31.4186 21.5975 0
      vertex 31.56 21.6421 5
      vertex 31.4186 21.5975 5
    endloop
  endfacet
  facet normal 0.300809 -0.953685 0
    outer loop
      vertex 31.56 21.6421 5
      vertex 31.4186 21.5975 0
      vertex 31.56 21.6421 0
    endloop
  endfacet
  facet normal -0.923853 -0.382749 0
    outer loop
      vertex 33.5975 20.5814 0
      vertex 33.5407 20.7185 5
      vertex 33.5407 20.7185 0
    endloop
  endfacet
  facet normal -0.923853 -0.382749 0
    outer loop
      vertex 33.5407 20.7185 5
      vertex 33.5975 20.5814 0
      vertex 33.5975 20.5814 5
    endloop
  endfacet
  facet normal -0.300809 0.953685 0
    outer loop
      vertex 32.5814 18.4025 0
      vertex 32.44 18.3579 5
      vertex 32.5814 18.4025 5
    endloop
  endfacet
  facet normal -0.300809 0.953685 0
    outer loop
      vertex 32.44 18.3579 5
      vertex 32.5814 18.4025 0
      vertex 32.44 18.3579 0
    endloop
  endfacet
  facet normal -0.216431 0.976298 0
    outer loop
      vertex 32.44 18.3579 0
      vertex 32.2952 18.3258 5
      vertex 32.44 18.3579 5
    endloop
  endfacet
  facet normal -0.216431 0.976298 0
    outer loop
      vertex 32.2952 18.3258 5
      vertex 32.44 18.3579 0
      vertex 32.2952 18.3258 0
    endloop
  endfacet
  facet normal -0.609026 -0.79315 0
    outer loop
      vertex 32.9751 21.3926 0
      vertex 33.0927 21.3023 5
      vertex 32.9751 21.3926 5
    endloop
  endfacet
  facet normal -0.609026 -0.79315 -0
    outer loop
      vertex 33.0927 21.3023 5
      vertex 32.9751 21.3926 0
      vertex 33.0927 21.3023 0
    endloop
  endfacet
  facet normal 0.46199 0.886885 -0
    outer loop
      vertex 31.2815 18.4593 0
      vertex 31.15 18.5278 5
      vertex 31.2815 18.4593 5
    endloop
  endfacet
  facet normal 0.46199 0.886885 0
    outer loop
      vertex 31.15 18.5278 5
      vertex 31.2815 18.4593 0
      vertex 31.15 18.5278 0
    endloop
  endfacet
  facet normal -0.0438175 -0.99904 0
    outer loop
      vertex 32 21.7 0
      vertex 32.1482 21.6935 5
      vertex 32 21.7 5
    endloop
  endfacet
  facet normal -0.0438175 -0.99904 -0
    outer loop
      vertex 32.1482 21.6935 5
      vertex 32 21.7 0
      vertex 32.1482 21.6935 0
    endloop
  endfacet
  facet normal 0.536832 -0.843689 0
    outer loop
      vertex 31.0249 21.3926 0
      vertex 31.15 21.4722 5
      vertex 31.0249 21.3926 5
    endloop
  endfacet
  facet normal 0.536832 -0.843689 0
    outer loop
      vertex 31.15 21.4722 5
      vertex 31.0249 21.3926 0
      vertex 31.15 21.4722 0
    endloop
  endfacet
  facet normal -0.130175 -0.991491 0
    outer loop
      vertex 32.1482 21.6935 0
      vertex 32.2952 21.6742 5
      vertex 32.1482 21.6935 5
    endloop
  endfacet
  facet normal -0.130175 -0.991491 -0
    outer loop
      vertex 32.2952 21.6742 5
      vertex 32.1482 21.6935 0
      vertex 32.2952 21.6742 0
    endloop
  endfacet
  facet normal -0.79315 0.609026 0
    outer loop
      vertex 33.3023 18.9073 0
      vertex 33.3926 19.0249 5
      vertex 33.3926 19.0249 0
    endloop
  endfacet
  facet normal -0.79315 0.609026 0
    outer loop
      vertex 33.3926 19.0249 5
      vertex 33.3023 18.9073 0
      vertex 33.3023 18.9073 5
    endloop
  endfacet
  facet normal -0.991491 0.130175 0
    outer loop
      vertex 33.6742 19.7048 0
      vertex 33.6935 19.8518 5
      vertex 33.6935 19.8518 0
    endloop
  endfacet
  facet normal -0.991491 0.130175 0
    outer loop
      vertex 33.6935 19.8518 5
      vertex 33.6742 19.7048 0
      vertex 33.6742 19.7048 5
    endloop
  endfacet
  facet normal -0.382749 -0.923853 0
    outer loop
      vertex 32.5814 21.5975 0
      vertex 32.7185 21.5407 5
      vertex 32.5814 21.5975 5
    endloop
  endfacet
  facet normal -0.382749 -0.923853 -0
    outer loop
      vertex 32.7185 21.5407 5
      vertex 32.5814 21.5975 0
      vertex 32.7185 21.5407 0
    endloop
  endfacet
  facet normal 0.675419 -0.737434 0
    outer loop
      vertex 30.7979 21.2021 0
      vertex 30.9073 21.3023 5
      vertex 30.7979 21.2021 5
    endloop
  endfacet
  facet normal 0.675419 -0.737434 0
    outer loop
      vertex 30.9073 21.3023 5
      vertex 30.7979 21.2021 0
      vertex 30.9073 21.3023 0
    endloop
  endfacet
  facet normal 0.843689 -0.536832 0
    outer loop
      vertex 30.5278 20.85 5
      vertex 30.6074 20.9751 0
      vertex 30.6074 20.9751 5
    endloop
  endfacet
  facet normal 0.843689 -0.536832 0
    outer loop
      vertex 30.6074 20.9751 0
      vertex 30.5278 20.85 5
      vertex 30.5278 20.85 0
    endloop
  endfacet
  facet normal 0.382749 0.923853 -0
    outer loop
      vertex 31.4186 18.4025 0
      vertex 31.2815 18.4593 5
      vertex 31.4186 18.4025 5
    endloop
  endfacet
  facet normal 0.382749 0.923853 0
    outer loop
      vertex 31.2815 18.4593 5
      vertex 31.4186 18.4025 0
      vertex 31.2815 18.4593 0
    endloop
  endfacet
  facet normal -0.46199 0.886885 0
    outer loop
      vertex 32.85 18.5278 0
      vertex 32.7185 18.4593 5
      vertex 32.85 18.5278 5
    endloop
  endfacet
  facet normal -0.46199 0.886885 0
    outer loop
      vertex 32.7185 18.4593 5
      vertex 32.85 18.5278 0
      vertex 32.7185 18.4593 0
    endloop
  endfacet
  facet normal 0.300809 0.953685 -0
    outer loop
      vertex 31.56 18.3579 0
      vertex 31.4186 18.4025 5
      vertex 31.56 18.3579 5
    endloop
  endfacet
  facet normal 0.300809 0.953685 0
    outer loop
      vertex 31.4186 18.4025 5
      vertex 31.56 18.3579 0
      vertex 31.4186 18.4025 0
    endloop
  endfacet
  facet normal -0.976298 0.216431 0
    outer loop
      vertex 33.6421 19.56 0
      vertex 33.6742 19.7048 5
      vertex 33.6742 19.7048 0
    endloop
  endfacet
  facet normal -0.976298 0.216431 0
    outer loop
      vertex 33.6742 19.7048 5
      vertex 33.6421 19.56 0
      vertex 33.6421 19.56 5
    endloop
  endfacet
  facet normal -0.953685 0.300809 0
    outer loop
      vertex 33.5975 19.4186 0
      vertex 33.6421 19.56 5
      vertex 33.6421 19.56 0
    endloop
  endfacet
  facet normal -0.953685 0.300809 0
    outer loop
      vertex 33.6421 19.56 5
      vertex 33.5975 19.4186 0
      vertex 33.5975 19.4186 5
    endloop
  endfacet
  facet normal -0.886885 -0.46199 0
    outer loop
      vertex 33.5407 20.7185 0
      vertex 33.4722 20.85 5
      vertex 33.4722 20.85 0
    endloop
  endfacet
  facet normal -0.886885 -0.46199 0
    outer loop
      vertex 33.4722 20.85 5
      vertex 33.5407 20.7185 0
      vertex 33.5407 20.7185 5
    endloop
  endfacet
  facet normal -0.675419 -0.737434 0
    outer loop
      vertex 33.0927 21.3023 0
      vertex 33.2021 21.2021 5
      vertex 33.0927 21.3023 5
    endloop
  endfacet
  facet normal -0.675419 -0.737434 -0
    outer loop
      vertex 33.2021 21.2021 5
      vertex 33.0927 21.3023 0
      vertex 33.2021 21.2021 0
    endloop
  endfacet
  facet normal 0.953685 0.300809 0
    outer loop
      vertex 30.4025 19.4186 5
      vertex 30.3579 19.56 0
      vertex 30.3579 19.56 5
    endloop
  endfacet
  facet normal 0.953685 0.300809 0
    outer loop
      vertex 30.3579 19.56 0
      vertex 30.4025 19.4186 5
      vertex 30.4025 19.4186 0
    endloop
  endfacet
  facet normal -0.0438175 0.99904 0
    outer loop
      vertex 32.1482 18.3065 0
      vertex 32 18.3 5
      vertex 32.1482 18.3065 5
    endloop
  endfacet
  facet normal -0.0438175 0.99904 0
    outer loop
      vertex 32 18.3 5
      vertex 32.1482 18.3065 0
      vertex 32 18.3 0
    endloop
  endfacet
  facet normal 0.130175 -0.991491 0
    outer loop
      vertex 31.7048 21.6742 0
      vertex 31.8518 21.6935 5
      vertex 31.7048 21.6742 5
    endloop
  endfacet
  facet normal 0.130175 -0.991491 0
    outer loop
      vertex 31.8518 21.6935 5
      vertex 31.7048 21.6742 0
      vertex 31.8518 21.6935 0
    endloop
  endfacet
  facet normal -0.886885 0.46199 0
    outer loop
      vertex 33.4722 19.15 0
      vertex 33.5407 19.2815 5
      vertex 33.5407 19.2815 0
    endloop
  endfacet
  facet normal -0.886885 0.46199 0
    outer loop
      vertex 33.5407 19.2815 5
      vertex 33.4722 19.15 0
      vertex 33.4722 19.15 5
    endloop
  endfacet
  facet normal 0.216431 0.976298 -0
    outer loop
      vertex 31.7048 18.3258 0
      vertex 31.56 18.3579 5
      vertex 31.7048 18.3258 5
    endloop
  endfacet
  facet normal 0.216431 0.976298 0
    outer loop
      vertex 31.56 18.3579 5
      vertex 31.7048 18.3258 0
      vertex 31.56 18.3579 0
    endloop
  endfacet
  facet normal 0.953685 -0.300809 0
    outer loop
      vertex 30.3579 20.44 5
      vertex 30.4025 20.5814 0
      vertex 30.4025 20.5814 5
    endloop
  endfacet
  facet normal 0.953685 -0.300809 0
    outer loop
      vertex 30.4025 20.5814 0
      vertex 30.3579 20.44 5
      vertex 30.3579 20.44 0
    endloop
  endfacet
  facet normal -0.923853 0.382749 0
    outer loop
      vertex 33.5407 19.2815 0
      vertex 33.5975 19.4186 5
      vertex 33.5975 19.4186 0
    endloop
  endfacet
  facet normal -0.923853 0.382749 0
    outer loop
      vertex 33.5975 19.4186 5
      vertex 33.5407 19.2815 0
      vertex 33.5407 19.2815 5
    endloop
  endfacet
  facet normal 0.886885 -0.46199 0
    outer loop
      vertex 30.4593 20.7185 5
      vertex 30.5278 20.85 0
      vertex 30.5278 20.85 5
    endloop
  endfacet
  facet normal 0.886885 -0.46199 0
    outer loop
      vertex 30.5278 20.85 0
      vertex 30.4593 20.7185 5
      vertex 30.4593 20.7185 0
    endloop
  endfacet
  facet normal 0.46199 -0.886885 0
    outer loop
      vertex 31.15 21.4722 0
      vertex 31.2815 21.5407 5
      vertex 31.15 21.4722 5
    endloop
  endfacet
  facet normal 0.46199 -0.886885 0
    outer loop
      vertex 31.2815 21.5407 5
      vertex 31.15 21.4722 0
      vertex 31.2815 21.5407 0
    endloop
  endfacet
  facet normal 0.843689 0.536832 0
    outer loop
      vertex 30.6074 19.0249 5
      vertex 30.5278 19.15 0
      vertex 30.5278 19.15 5
    endloop
  endfacet
  facet normal 0.843689 0.536832 0
    outer loop
      vertex 30.5278 19.15 0
      vertex 30.6074 19.0249 5
      vertex 30.6074 19.0249 0
    endloop
  endfacet
  facet normal -0.79315 -0.609026 0
    outer loop
      vertex 33.3926 20.9751 0
      vertex 33.3023 21.0927 5
      vertex 33.3023 21.0927 0
    endloop
  endfacet
  facet normal -0.79315 -0.609026 0
    outer loop
      vertex 33.3023 21.0927 5
      vertex 33.3926 20.9751 0
      vertex 33.3926 20.9751 5
    endloop
  endfacet
  facet normal 0.991491 -0.130175 0
    outer loop
      vertex 30.3065 20.1482 5
      vertex 30.3258 20.2952 0
      vertex 30.3258 20.2952 5
    endloop
  endfacet
  facet normal 0.991491 -0.130175 0
    outer loop
      vertex 30.3258 20.2952 0
      vertex 30.3065 20.1482 5
      vertex 30.3065 20.1482 0
    endloop
  endfacet
  facet normal 0.737434 -0.675419 0
    outer loop
      vertex 30.6977 21.0927 5
      vertex 30.7979 21.2021 0
      vertex 30.7979 21.2021 5
    endloop
  endfacet
  facet normal 0.737434 -0.675419 0
    outer loop
      vertex 30.7979 21.2021 0
      vertex 30.6977 21.0927 5
      vertex 30.6977 21.0927 0
    endloop
  endfacet
  facet normal 0.886885 0.46199 0
    outer loop
      vertex 30.5278 19.15 5
      vertex 30.4593 19.2815 0
      vertex 30.4593 19.2815 5
    endloop
  endfacet
  facet normal 0.886885 0.46199 0
    outer loop
      vertex 30.4593 19.2815 0
      vertex 30.5278 19.15 5
      vertex 30.5278 19.15 0
    endloop
  endfacet
  facet normal 0.991491 0.130175 0
    outer loop
      vertex 30.3258 19.7048 5
      vertex 30.3065 19.8518 0
      vertex 30.3065 19.8518 5
    endloop
  endfacet
  facet normal 0.991491 0.130175 0
    outer loop
      vertex 30.3065 19.8518 0
      vertex 30.3258 19.7048 5
      vertex 30.3258 19.7048 0
    endloop
  endfacet
  facet normal 0.0438175 0.99904 -0
    outer loop
      vertex 32 18.3 0
      vertex 31.8518 18.3065 5
      vertex 32 18.3 5
    endloop
  endfacet
  facet normal 0.0438175 0.99904 0
    outer loop
      vertex 31.8518 18.3065 5
      vertex 32 18.3 0
      vertex 31.8518 18.3065 0
    endloop
  endfacet
  facet normal 0.675419 0.737434 -0
    outer loop
      vertex 30.9073 18.6977 0
      vertex 30.7979 18.7979 5
      vertex 30.9073 18.6977 5
    endloop
  endfacet
  facet normal 0.675419 0.737434 0
    outer loop
      vertex 30.7979 18.7979 5
      vertex 30.9073 18.6977 0
      vertex 30.7979 18.7979 0
    endloop
  endfacet
  facet normal -0.46199 -0.886885 0
    outer loop
      vertex 32.7185 21.5407 0
      vertex 32.85 21.4722 5
      vertex 32.7185 21.5407 5
    endloop
  endfacet
  facet normal -0.46199 -0.886885 -0
    outer loop
      vertex 32.85 21.4722 5
      vertex 32.7185 21.5407 0
      vertex 32.85 21.4722 0
    endloop
  endfacet
  facet normal -0.536832 0.843689 0
    outer loop
      vertex 32.9751 18.6074 0
      vertex 32.85 18.5278 5
      vertex 32.9751 18.6074 5
    endloop
  endfacet
  facet normal -0.536832 0.843689 0
    outer loop
      vertex 32.85 18.5278 5
      vertex 32.9751 18.6074 0
      vertex 32.85 18.5278 0
    endloop
  endfacet
  facet normal 0.923853 0.382749 0
    outer loop
      vertex 30.4593 19.2815 5
      vertex 30.4025 19.4186 0
      vertex 30.4025 19.4186 5
    endloop
  endfacet
  facet normal 0.923853 0.382749 0
    outer loop
      vertex 30.4025 19.4186 0
      vertex 30.4593 19.2815 5
      vertex 30.4593 19.2815 0
    endloop
  endfacet
  facet normal 0.923853 -0.382749 0
    outer loop
      vertex 30.4025 20.5814 5
      vertex 30.4593 20.7185 0
      vertex 30.4593 20.7185 5
    endloop
  endfacet
  facet normal 0.923853 -0.382749 0
    outer loop
      vertex 30.4593 20.7185 0
      vertex 30.4025 20.5814 5
      vertex 30.4025 20.5814 0
    endloop
  endfacet
  facet normal -0.536832 -0.843689 0
    outer loop
      vertex 32.85 21.4722 0
      vertex 32.9751 21.3926 5
      vertex 32.85 21.4722 5
    endloop
  endfacet
  facet normal -0.536832 -0.843689 -0
    outer loop
      vertex 32.9751 21.3926 5
      vertex 32.85 21.4722 0
      vertex 32.9751 21.3926 0
    endloop
  endfacet
  facet normal 0.737434 0.675419 0
    outer loop
      vertex 30.7979 18.7979 5
      vertex 30.6977 18.9073 0
      vertex 30.6977 18.9073 5
    endloop
  endfacet
  facet normal 0.737434 0.675419 0
    outer loop
      vertex 30.6977 18.9073 0
      vertex 30.7979 18.7979 5
      vertex 30.7979 18.7979 0
    endloop
  endfacet
  facet normal 0.79315 0.609026 0
    outer loop
      vertex 30.6977 18.9073 5
      vertex 30.6074 19.0249 0
      vertex 30.6074 19.0249 5
    endloop
  endfacet
  facet normal 0.79315 0.609026 0
    outer loop
      vertex 30.6074 19.0249 0
      vertex 30.6977 18.9073 5
      vertex 30.6977 18.9073 0
    endloop
  endfacet
  facet normal -0.609026 0.79315 0
    outer loop
      vertex 33.0927 18.6977 0
      vertex 32.9751 18.6074 5
      vertex 33.0927 18.6977 5
    endloop
  endfacet
  facet normal -0.609026 0.79315 0
    outer loop
      vertex 32.9751 18.6074 5
      vertex 33.0927 18.6977 0
      vertex 32.9751 18.6074 0
    endloop
  endfacet
  facet normal 0.99904 0.0438175 0
    outer loop
      vertex 30.3065 19.8518 5
      vertex 30.3 20 0
      vertex 30.3 20 5
    endloop
  endfacet
  facet normal 0.99904 0.0438175 0
    outer loop
      vertex 30.3 20 0
      vertex 30.3065 19.8518 5
      vertex 30.3065 19.8518 0
    endloop
  endfacet
  facet normal -0.843689 0.536832 0
    outer loop
      vertex 33.3926 19.0249 0
      vertex 33.4722 19.15 5
      vertex 33.4722 19.15 0
    endloop
  endfacet
  facet normal -0.843689 0.536832 0
    outer loop
      vertex 33.4722 19.15 5
      vertex 33.3926 19.0249 0
      vertex 33.3926 19.0249 5
    endloop
  endfacet
  facet normal -0.737434 0.675419 0
    outer loop
      vertex 33.2021 18.7979 0
      vertex 33.3023 18.9073 5
      vertex 33.3023 18.9073 0
    endloop
  endfacet
  facet normal -0.737434 0.675419 0
    outer loop
      vertex 33.3023 18.9073 5
      vertex 33.2021 18.7979 0
      vertex 33.2021 18.7979 5
    endloop
  endfacet
  facet normal 0.536832 0.843689 -0
    outer loop
      vertex 31.15 18.5278 0
      vertex 31.0249 18.6074 5
      vertex 31.15 18.5278 5
    endloop
  endfacet
  facet normal 0.536832 0.843689 0
    outer loop
      vertex 31.0249 18.6074 5
      vertex 31.15 18.5278 0
      vertex 31.0249 18.6074 0
    endloop
  endfacet
  facet normal -0.216431 -0.976298 0
    outer loop
      vertex 32.2952 21.6742 0
      vertex 32.44 21.6421 5
      vertex 32.2952 21.6742 5
    endloop
  endfacet
  facet normal -0.216431 -0.976298 -0
    outer loop
      vertex 32.44 21.6421 5
      vertex 32.2952 21.6742 0
      vertex 32.44 21.6421 0
    endloop
  endfacet
  facet normal 0.130175 0.991491 -0
    outer loop
      vertex 31.8518 18.3065 0
      vertex 31.7048 18.3258 5
      vertex 31.8518 18.3065 5
    endloop
  endfacet
  facet normal 0.130175 0.991491 0
    outer loop
      vertex 31.7048 18.3258 5
      vertex 31.8518 18.3065 0
      vertex 31.7048 18.3258 0
    endloop
  endfacet
  facet normal -0.608792 -0.79333 0
    outer loop
      vertex -39.9995 -28.3623 0
      vertex -39.515 -28.7341 5
      vertex -39.9995 -28.3623 5
    endloop
  endfacet
  facet normal -0.608792 -0.79333 -0
    outer loop
      vertex -39.515 -28.7341 5
      vertex -39.9995 -28.3623 0
      vertex -39.515 -28.7341 0
    endloop
  endfacet
  facet normal -0.843385 0.53731 0
    outer loop
      vertex -41.5622 26.5 0
      vertex -41.2341 27.015 5
      vertex -41.2341 27.015 0
    endloop
  endfacet
  facet normal -0.843385 0.53731 0
    outer loop
      vertex -41.2341 27.015 5
      vertex -41.5622 26.5 0
      vertex -41.5622 26.5 5
    endloop
  endfacet
  facet normal 0.382545 0.923937 -0
    outer loop
      vertex 38.4583 29.3442 0
      vertex 37.8941 29.5778 5
      vertex 38.4583 29.3442 5
    endloop
  endfacet
  facet normal 0.382545 0.923937 0
    outer loop
      vertex 37.8941 29.5778 5
      vertex 38.4583 29.3442 0
      vertex 37.8941 29.5778 0
    endloop
  endfacet
  facet normal -0.043558 0.999051 0
    outer loop
      vertex -35.5 30 0
      vertex -36.1101 29.9734 5
      vertex -35.5 30 5
    endloop
  endfacet
  facet normal -0.043558 0.999051 0
    outer loop
      vertex -36.1101 29.9734 5
      vertex -35.5 30 0
      vertex -36.1101 29.9734 0
    endloop
  endfacet
  facet normal 0.30081 -0.953684 0
    outer loop
      vertex 37.3117 -29.7615 0
      vertex 37.8941 -29.5778 5
      vertex 37.3117 -29.7615 5
    endloop
  endfacet
  facet normal 0.30081 -0.953684 0
    outer loop
      vertex 37.8941 -29.5778 5
      vertex 37.3117 -29.7615 0
      vertex 37.8941 -29.5778 0
    endloop
  endfacet
  facet normal 0 -1 0
    outer loop
      vertex 5 -30 2.5
      vertex 4.04374 -30 5
      vertex 4.04374 -30 2.5
    endloop
  endfacet
  facet normal 0 -1 0
    outer loop
      vertex 4.04374 -30 5
      vertex 5 -30 2.5
      vertex 35.5 -30 5
    endloop
  endfacet
  facet normal 0 -1 0
    outer loop
      vertex 35.5 -30 0
      vertex 5 -30 2.5
      vertex 5 -30 0
    endloop
  endfacet
  facet normal 0 -1 0
    outer loop
      vertex 5 -30 2.5
      vertex 35.5 -30 0
      vertex 35.5 -30 5
    endloop
  endfacet
  facet normal 0 -1 0
    outer loop
      vertex -35.5 -30 5
      vertex -5 -30 2.5
      vertex -4.04374 -30 5
    endloop
  endfacet
  facet normal 0 -1 0
    outer loop
      vertex -35.5 -30 0
      vertex -5 -30 2.5
      vertex -35.5 -30 5
    endloop
  endfacet
  facet normal 0 -1 -0
    outer loop
      vertex -5 -30 2.5
      vertex -35.5 -30 0
      vertex -5 -30 0
    endloop
  endfacet
  facet normal 0 -1 -0
    outer loop
      vertex -4.04374 -30 5
      vertex -5 -30 2.5
      vertex -4.04374 -30 2.5
    endloop
  endfacet
  facet normal -0.382545 0.923937 0
    outer loop
      vertex -37.8941 29.5778 0
      vertex -38.4583 29.3442 5
      vertex -37.8941 29.5778 5
    endloop
  endfacet
  facet normal -0.382545 0.923937 0
    outer loop
      vertex -38.4583 29.3442 5
      vertex -37.8941 29.5778 0
      vertex -38.4583 29.3442 0
    endloop
  endfacet
  facet normal 0.608792 0.79333 -0
    outer loop
      vertex 39.9995 28.3623 0
      vertex 39.515 28.7341 5
      vertex 39.9995 28.3623 5
    endloop
  endfacet
  facet normal 0.608792 0.79333 0
    outer loop
      vertex 39.515 28.7341 5
      vertex 39.9995 28.3623 0
      vertex 39.515 28.7341 0
    endloop
  endfacet
  facet normal 0.043558 0.999051 -0
    outer loop
      vertex 36.1101 29.9734 0
      vertex 35.5 30 5
      vertex 36.1101 29.9734 5
    endloop
  endfacet
  facet normal 0.043558 0.999051 0
    outer loop
      vertex 35.5 30 5
      vertex 36.1101 29.9734 0
      vertex 35.5 30 0
    endloop
  endfacet
  facet normal 0.382545 -0.923937 0
    outer loop
      vertex 37.8941 -29.5778 0
      vertex 38.4583 -29.3442 5
      vertex 37.8941 -29.5778 5
    endloop
  endfacet
  facet normal 0.382545 -0.923937 0
    outer loop
      vertex 38.4583 -29.3442 5
      vertex 37.8941 -29.5778 0
      vertex 38.4583 -29.3442 0
    endloop
  endfacet
  facet normal -0.991445 -0.130522 0
    outer loop
      vertex -42.3937 -24.2155 0
      vertex -42.4734 -23.6101 5
      vertex -42.4734 -23.6101 0
    endloop
  endfacet
  facet normal -0.991445 -0.130522 0
    outer loop
      vertex -42.4734 -23.6101 5
      vertex -42.3937 -24.2155 0
      vertex -42.3937 -24.2155 5
    endloop
  endfacet
  facet normal 1 -0 0
    outer loop
      vertex 42.5 -23 5
      vertex 42.5 23 0
      vertex 42.5 23 5
    endloop
  endfacet
  facet normal 1 0 0
    outer loop
      vertex 42.5 23 0
      vertex 42.5 -23 5
      vertex 42.5 -23 0
    endloop
  endfacet
  facet normal -0.887005 -0.46176 0
    outer loop
      vertex -41.5622 -26.5 0
      vertex -41.8442 -25.9583 5
      vertex -41.8442 -25.9583 0
    endloop
  endfacet
  facet normal -0.887005 -0.46176 0
    outer loop
      vertex -41.8442 -25.9583 5
      vertex -41.5622 -26.5 0
      vertex -41.5622 -26.5 5
    endloop
  endfacet
  facet normal 0.843385 -0.53731 0
    outer loop
      vertex 41.2341 -27.015 5
      vertex 41.5622 -26.5 0
      vertex 41.5622 -26.5 5
    endloop
  endfacet
  facet normal 0.843385 -0.53731 0
    outer loop
      vertex 41.5622 -26.5 0
      vertex 41.2341 -27.015 5
      vertex 41.2341 -27.015 0
    endloop
  endfacet
  facet normal 0 1 0
    outer loop
      vertex 35.5 30 5
      vertex 4.04374 30 1
      vertex 4.04374 30 5
    endloop
  endfacet
  facet normal 0 1 0
    outer loop
      vertex 4.04374 30 1
      vertex 35.5 30 0
      vertex -4.04374 30 1
    endloop
  endfacet
  facet normal 0 1 -0
    outer loop
      vertex 35.5 30 0
      vertex 4.04374 30 1
      vertex 35.5 30 5
    endloop
  endfacet
  facet normal 0 1 -0
    outer loop
      vertex -4.04374 30 1
      vertex -35.5 30 5
      vertex -4.04374 30 5
    endloop
  endfacet
  facet normal 0 1 0
    outer loop
      vertex -4.04374 30 1
      vertex -35.5 30 0
      vertex -35.5 30 5
    endloop
  endfacet
  facet normal 0 1 0
    outer loop
      vertex -35.5 30 0
      vertex -4.04374 30 1
      vertex 35.5 30 0
    endloop
  endfacet
  facet normal 0.608792 -0.79333 0
    outer loop
      vertex 39.515 -28.7341 0
      vertex 39.9995 -28.3623 5
      vertex 39.515 -28.7341 5
    endloop
  endfacet
  facet normal 0.608792 -0.79333 0
    outer loop
      vertex 39.9995 -28.3623 5
      vertex 39.515 -28.7341 0
      vertex 39.9995 -28.3623 0
    endloop
  endfacet
  facet normal 0.999051 0.043558 0
    outer loop
      vertex 42.5 23 5
      vertex 42.4734 23.6101 0
      vertex 42.4734 23.6101 5
    endloop
  endfacet
  facet normal 0.999051 0.043558 0
    outer loop
      vertex 42.4734 23.6101 0
      vertex 42.5 23 5
      vertex 42.5 23 0
    endloop
  endfacet
  facet normal 0.53731 0.843385 -0
    outer loop
      vertex 39.515 28.7341 0
      vertex 39 29.0622 5
      vertex 39.515 28.7341 5
    endloop
  endfacet
  facet normal 0.53731 0.843385 0
    outer loop
      vertex 39 29.0622 5
      vertex 39.515 28.7341 0
      vertex 39 29.0622 0
    endloop
  endfacet
  facet normal -0.953684 0.30081 0
    outer loop
      vertex -42.2615 24.8117 0
      vertex -42.0778 25.3941 5
      vertex -42.0778 25.3941 0
    endloop
  endfacet
  facet normal -0.953684 0.30081 0
    outer loop
      vertex -42.0778 25.3941 5
      vertex -42.2615 24.8117 0
      vertex -42.2615 24.8117 5
    endloop
  endfacet
  facet normal 0.991445 0.130522 0
    outer loop
      vertex 42.4734 23.6101 5
      vertex 42.3937 24.2155 0
      vertex 42.3937 24.2155 5
    endloop
  endfacet
  facet normal 0.991445 0.130522 0
    outer loop
      vertex 42.3937 24.2155 0
      vertex 42.4734 23.6101 5
      vertex 42.4734 23.6101 0
    endloop
  endfacet
  facet normal -0.21648 -0.976287 0
    outer loop
      vertex -37.3117 -29.7615 0
      vertex -36.7155 -29.8937 5
      vertex -37.3117 -29.7615 5
    endloop
  endfacet
  facet normal -0.21648 -0.976287 -0
    outer loop
      vertex -36.7155 -29.8937 5
      vertex -37.3117 -29.7615 0
      vertex -36.7155 -29.8937 0
    endloop
  endfacet
  facet normal -0.976287 0.21648 0
    outer loop
      vertex -42.3937 24.2155 0
      vertex -42.2615 24.8117 5
      vertex -42.2615 24.8117 0
    endloop
  endfacet
  facet normal -0.976287 0.21648 0
    outer loop
      vertex -42.2615 24.8117 5
      vertex -42.3937 24.2155 0
      vertex -42.3937 24.2155 5
    endloop
  endfacet
  facet normal 0.67565 0.737222 -0
    outer loop
      vertex 40.4497 27.9497 0
      vertex 39.9995 28.3623 5
      vertex 40.4497 27.9497 5
    endloop
  endfacet
  facet normal 0.67565 0.737222 0
    outer loop
      vertex 39.9995 28.3623 5
      vertex 40.4497 27.9497 0
      vertex 39.9995 28.3623 0
    endloop
  endfacet
  facet normal -1 0 0
    outer loop
      vertex -42.5 -23 0
      vertex -42.5 23 5
      vertex -42.5 23 0
    endloop
  endfacet
  facet normal -1 -0 0
    outer loop
      vertex -42.5 23 5
      vertex -42.5 -23 0
      vertex -42.5 -23 5
    endloop
  endfacet
  facet normal 0.53731 -0.843385 0
    outer loop
      vertex 39 -29.0622 0
      vertex 39.515 -28.7341 5
      vertex 39 -29.0622 5
    endloop
  endfacet
  facet normal 0.53731 -0.843385 0
    outer loop
      vertex 39.515 -28.7341 5
      vertex 39 -29.0622 0
      vertex 39.515 -28.7341 0
    endloop
  endfacet
  facet normal 0.887005 0.46176 0
    outer loop
      vertex 41.8442 25.9583 5
      vertex 41.5622 26.5 0
      vertex 41.5622 26.5 5
    endloop
  endfacet
  facet normal 0.887005 0.46176 0
    outer loop
      vertex 41.5622 26.5 0
      vertex 41.8442 25.9583 5
      vertex 41.8442 25.9583 0
    endloop
  endfacet
  facet normal -0.923937 0.382545 0
    outer loop
      vertex -42.0778 25.3941 0
      vertex -41.8442 25.9583 5
      vertex -41.8442 25.9583 0
    endloop
  endfacet
  facet normal -0.923937 0.382545 0
    outer loop
      vertex -41.8442 25.9583 5
      vertex -42.0778 25.3941 0
      vertex -42.0778 25.3941 5
    endloop
  endfacet
  facet normal 0.21648 0.976287 -0
    outer loop
      vertex 37.3117 29.7615 0
      vertex 36.7155 29.8937 5
      vertex 37.3117 29.7615 5
    endloop
  endfacet
  facet normal 0.21648 0.976287 0
    outer loop
      vertex 36.7155 29.8937 5
      vertex 37.3117 29.7615 0
      vertex 36.7155 29.8937 0
    endloop
  endfacet
  facet normal -0.21648 0.976287 0
    outer loop
      vertex -36.7155 29.8937 0
      vertex -37.3117 29.7615 5
      vertex -36.7155 29.8937 5
    endloop
  endfacet
  facet normal -0.21648 0.976287 0
    outer loop
      vertex -37.3117 29.7615 5
      vertex -36.7155 29.8937 0
      vertex -37.3117 29.7615 0
    endloop
  endfacet
  facet normal -0.79333 -0.608792 0
    outer loop
      vertex -40.8623 -27.4995 0
      vertex -41.2341 -27.015 5
      vertex -41.2341 -27.015 0
    endloop
  endfacet
  facet normal -0.79333 -0.608792 0
    outer loop
      vertex -41.2341 -27.015 5
      vertex -40.8623 -27.4995 0
      vertex -40.8623 -27.4995 5
    endloop
  endfacet
  facet normal 0.887005 -0.46176 0
    outer loop
      vertex 41.5622 -26.5 5
      vertex 41.8442 -25.9583 0
      vertex 41.8442 -25.9583 5
    endloop
  endfacet
  facet normal 0.887005 -0.46176 0
    outer loop
      vertex 41.8442 -25.9583 0
      vertex 41.5622 -26.5 5
      vertex 41.5622 -26.5 0
    endloop
  endfacet
  facet normal 0.130522 -0.991445 0
    outer loop
      vertex 36.1101 -29.9734 0
      vertex 36.7155 -29.8937 5
      vertex 36.1101 -29.9734 5
    endloop
  endfacet
  facet normal 0.130522 -0.991445 0
    outer loop
      vertex 36.7155 -29.8937 5
      vertex 36.1101 -29.9734 0
      vertex 36.7155 -29.8937 0
    endloop
  endfacet
  facet normal 0.21648 -0.976287 0
    outer loop
      vertex 36.7155 -29.8937 0
      vertex 37.3117 -29.7615 5
      vertex 36.7155 -29.8937 5
    endloop
  endfacet
  facet normal 0.21648 -0.976287 0
    outer loop
      vertex 37.3117 -29.7615 5
      vertex 36.7155 -29.8937 0
      vertex 37.3117 -29.7615 0
    endloop
  endfacet
  facet normal -0.991445 0.130522 0
    outer loop
      vertex -42.4734 23.6101 0
      vertex -42.3937 24.2155 5
      vertex -42.3937 24.2155 0
    endloop
  endfacet
  facet normal -0.991445 0.130522 0
    outer loop
      vertex -42.3937 24.2155 5
      vertex -42.4734 23.6101 0
      vertex -42.4734 23.6101 5
    endloop
  endfacet
  facet normal -0.999051 0.043558 0
    outer loop
      vertex -42.5 23 0
      vertex -42.4734 23.6101 5
      vertex -42.4734 23.6101 0
    endloop
  endfacet
  facet normal -0.999051 0.043558 0
    outer loop
      vertex -42.4734 23.6101 5
      vertex -42.5 23 0
      vertex -42.5 23 5
    endloop
  endfacet
  facet normal -0.608792 0.79333 0
    outer loop
      vertex -39.515 28.7341 0
      vertex -39.9995 28.3623 5
      vertex -39.515 28.7341 5
    endloop
  endfacet
  facet normal -0.608792 0.79333 0
    outer loop
      vertex -39.9995 28.3623 5
      vertex -39.515 28.7341 0
      vertex -39.9995 28.3623 0
    endloop
  endfacet
  facet normal -0.382545 -0.923937 0
    outer loop
      vertex -38.4583 -29.3442 0
      vertex -37.8941 -29.5778 5
      vertex -38.4583 -29.3442 5
    endloop
  endfacet
  facet normal -0.382545 -0.923937 -0
    outer loop
      vertex -37.8941 -29.5778 5
      vertex -38.4583 -29.3442 0
      vertex -37.8941 -29.5778 0
    endloop
  endfacet
  facet normal 0.79333 -0.608792 0
    outer loop
      vertex 40.8623 -27.4995 5
      vertex 41.2341 -27.015 0
      vertex 41.2341 -27.015 5
    endloop
  endfacet
  facet normal 0.79333 -0.608792 0
    outer loop
      vertex 41.2341 -27.015 0
      vertex 40.8623 -27.4995 5
      vertex 40.8623 -27.4995 0
    endloop
  endfacet
  facet normal -0.30081 0.953684 0
    outer loop
      vertex -37.3117 29.7615 0
      vertex -37.8941 29.5778 5
      vertex -37.3117 29.7615 5
    endloop
  endfacet
  facet normal -0.30081 0.953684 0
    outer loop
      vertex -37.8941 29.5778 5
      vertex -37.3117 29.7615 0
      vertex -37.8941 29.5778 0
    endloop
  endfacet
  facet normal 0.043558 -0.999051 0
    outer loop
      vertex 35.5 -30 0
      vertex 36.1101 -29.9734 5
      vertex 35.5 -30 5
    endloop
  endfacet
  facet normal 0.043558 -0.999051 0
    outer loop
      vertex 36.1101 -29.9734 5
      vertex 35.5 -30 0
      vertex 36.1101 -29.9734 0
    endloop
  endfacet
  facet normal -0.30081 -0.953684 0
    outer loop
      vertex -37.8941 -29.5778 0
      vertex -37.3117 -29.7615 5
      vertex -37.8941 -29.5778 5
    endloop
  endfacet
  facet normal -0.30081 -0.953684 -0
    outer loop
      vertex -37.3117 -29.7615 5
      vertex -37.8941 -29.5778 0
      vertex -37.3117 -29.7615 0
    endloop
  endfacet
  facet normal 0.737222 -0.67565 0
    outer loop
      vertex 40.4497 -27.9497 5
      vertex 40.8623 -27.4995 0
      vertex 40.8623 -27.4995 5
    endloop
  endfacet
  facet normal 0.737222 -0.67565 0
    outer loop
      vertex 40.8623 -27.4995 0
      vertex 40.4497 -27.9497 5
      vertex 40.4497 -27.9497 0
    endloop
  endfacet
  facet normal -0.130522 -0.991445 0
    outer loop
      vertex -36.7155 -29.8937 0
      vertex -36.1101 -29.9734 5
      vertex -36.7155 -29.8937 5
    endloop
  endfacet
  facet normal -0.130522 -0.991445 -0
    outer loop
      vertex -36.1101 -29.9734 5
      vertex -36.7155 -29.8937 0
      vertex -36.1101 -29.9734 0
    endloop
  endfacet
  facet normal -0.79333 0.608792 0
    outer loop
      vertex -41.2341 27.015 0
      vertex -40.8623 27.4995 5
      vertex -40.8623 27.4995 0
    endloop
  endfacet
  facet normal -0.79333 0.608792 0
    outer loop
      vertex -40.8623 27.4995 5
      vertex -41.2341 27.015 0
      vertex -41.2341 27.015 5
    endloop
  endfacet
  facet normal -0.953684 -0.30081 0
    outer loop
      vertex -42.0778 -25.3941 0
      vertex -42.2615 -24.8117 5
      vertex -42.2615 -24.8117 0
    endloop
  endfacet
  facet normal -0.953684 -0.30081 0
    outer loop
      vertex -42.2615 -24.8117 5
      vertex -42.0778 -25.3941 0
      vertex -42.0778 -25.3941 5
    endloop
  endfacet
  facet normal 0.737222 0.67565 0
    outer loop
      vertex 40.8623 27.4995 5
      vertex 40.4497 27.9497 0
      vertex 40.4497 27.9497 5
    endloop
  endfacet
  facet normal 0.737222 0.67565 0
    outer loop
      vertex 40.4497 27.9497 0
      vertex 40.8623 27.4995 5
      vertex 40.8623 27.4995 0
    endloop
  endfacet
  facet normal 0.46176 0.887005 -0
    outer loop
      vertex 39 29.0622 0
      vertex 38.4583 29.3442 5
      vertex 39 29.0622 5
    endloop
  endfacet
  facet normal 0.46176 0.887005 0
    outer loop
      vertex 38.4583 29.3442 5
      vertex 39 29.0622 0
      vertex 38.4583 29.3442 0
    endloop
  endfacet
  facet normal 0.976287 -0.21648 0
    outer loop
      vertex 42.2615 -24.8117 5
      vertex 42.3937 -24.2155 0
      vertex 42.3937 -24.2155 5
    endloop
  endfacet
  facet normal 0.976287 -0.21648 0
    outer loop
      vertex 42.3937 -24.2155 0
      vertex 42.2615 -24.8117 5
      vertex 42.2615 -24.8117 0
    endloop
  endfacet
  facet normal -0.887005 0.46176 0
    outer loop
      vertex -41.8442 25.9583 0
      vertex -41.5622 26.5 5
      vertex -41.5622 26.5 0
    endloop
  endfacet
  facet normal -0.887005 0.46176 0
    outer loop
      vertex -41.5622 26.5 5
      vertex -41.8442 25.9583 0
      vertex -41.8442 25.9583 5
    endloop
  endfacet
  facet normal -0.130522 0.991445 0
    outer loop
      vertex -36.1101 29.9734 0
      vertex -36.7155 29.8937 5
      vertex -36.1101 29.9734 5
    endloop
  endfacet
  facet normal -0.130522 0.991445 0
    outer loop
      vertex -36.7155 29.8937 5
      vertex -36.1101 29.9734 0
      vertex -36.7155 29.8937 0
    endloop
  endfacet
  facet normal -0.737222 -0.67565 0
    outer loop
      vertex -40.4497 -27.9497 0
      vertex -40.8623 -27.4995 5
      vertex -40.8623 -27.4995 0
    endloop
  endfacet
  facet normal -0.737222 -0.67565 0
    outer loop
      vertex -40.8623 -27.4995 5
      vertex -40.4497 -27.9497 0
      vertex -40.4497 -27.9497 5
    endloop
  endfacet
  facet normal 0.923937 0.382545 0
    outer loop
      vertex 42.0778 25.3941 5
      vertex 41.8442 25.9583 0
      vertex 41.8442 25.9583 5
    endloop
  endfacet
  facet normal 0.923937 0.382545 0
    outer loop
      vertex 41.8442 25.9583 0
      vertex 42.0778 25.3941 5
      vertex 42.0778 25.3941 0
    endloop
  endfacet
  facet normal 0.46176 -0.887005 0
    outer loop
      vertex 38.4583 -29.3442 0
      vertex 39 -29.0622 5
      vertex 38.4583 -29.3442 5
    endloop
  endfacet
  facet normal 0.46176 -0.887005 0
    outer loop
      vertex 39 -29.0622 5
      vertex 38.4583 -29.3442 0
      vertex 39 -29.0622 0
    endloop
  endfacet
  facet normal 0.976287 0.21648 0
    outer loop
      vertex 42.3937 24.2155 5
      vertex 42.2615 24.8117 0
      vertex 42.2615 24.8117 5
    endloop
  endfacet
  facet normal 0.976287 0.21648 0
    outer loop
      vertex 42.2615 24.8117 0
      vertex 42.3937 24.2155 5
      vertex 42.3937 24.2155 0
    endloop
  endfacet
  facet normal -0.843385 -0.53731 0
    outer loop
      vertex -41.2341 -27.015 0
      vertex -41.5622 -26.5 5
      vertex -41.5622 -26.5 0
    endloop
  endfacet
  facet normal -0.843385 -0.53731 0
    outer loop
      vertex -41.5622 -26.5 5
      vertex -41.2341 -27.015 0
      vertex -41.2341 -27.015 5
    endloop
  endfacet
  facet normal 0.130522 0.991445 -0
    outer loop
      vertex 36.7155 29.8937 0
      vertex 36.1101 29.9734 5
      vertex 36.7155 29.8937 5
    endloop
  endfacet
  facet normal 0.130522 0.991445 0
    outer loop
      vertex 36.1101 29.9734 5
      vertex 36.7155 29.8937 0
      vertex 36.1101 29.9734 0
    endloop
  endfacet
  facet normal -0.53731 0.843385 0
    outer loop
      vertex -39 29.0622 0
      vertex -39.515 28.7341 5
      vertex -39 29.0622 5
    endloop
  endfacet
  facet normal -0.53731 0.843385 0
    outer loop
      vertex -39.515 28.7341 5
      vertex -39 29.0622 0
      vertex -39.515 28.7341 0
    endloop
  endfacet
  facet normal 0.30081 0.953684 -0
    outer loop
      vertex 37.8941 29.5778 0
      vertex 37.3117 29.7615 5
      vertex 37.8941 29.5778 5
    endloop
  endfacet
  facet normal 0.30081 0.953684 0
    outer loop
      vertex 37.3117 29.7615 5
      vertex 37.8941 29.5778 0
      vertex 37.3117 29.7615 0
    endloop
  endfacet
  facet normal 0 0 -1
    outer loop
      vertex -30.6977 -18.9073 0
      vertex -13.8564 -8 0
      vertex -30.6074 -19.0249 0
    endloop
  endfacet
  facet normal 0 0 -1
    outer loop
      vertex -16 0 0
      vertex -30.3065 19.8518 0
      vertex -30.3 20 0
    endloop
  endfacet
  facet normal -0 0 -1
    outer loop
      vertex -13.8564 -8 0
      vertex -30.6977 -18.9073 0
      vertex -14.5009 -6.76189 0
    endloop
  endfacet
  facet normal 0 0 -1
    outer loop
      vertex -16 0 0
      vertex -30.3258 19.7048 0
      vertex -30.3065 19.8518 0
    endloop
  endfacet
  facet normal 0 0 -1
    outer loop
      vertex -30.7979 -18.7979 0
      vertex -14.5009 -6.76189 0
      vertex -30.6977 -18.9073 0
    endloop
  endfacet
  facet normal 0 0 -1
    outer loop
      vertex -16 0 0
      vertex -30.3579 19.56 0
      vertex -30.3258 19.7048 0
    endloop
  endfacet
  facet normal 0 0 -1
    outer loop
      vertex -30.9073 -18.6977 0
      vertex -14.5009 -6.76189 0
      vertex -30.7979 -18.7979 0
    endloop
  endfacet
  facet normal 0 0 -1
    outer loop
      vertex -16 0 0
      vertex -30.4025 19.4186 0
      vertex -30.3579 19.56 0
    endloop
  endfacet
  facet normal -0 0 -1
    outer loop
      vertex -14.5009 -6.76189 0
      vertex -30.9073 -18.6977 0
      vertex -15.0351 -5.47232 0
    endloop
  endfacet
  facet normal 0 0 -1
    outer loop
      vertex -16 0 0
      vertex -30.4593 19.2815 0
      vertex -30.4025 19.4186 0
    endloop
  endfacet
  facet normal 0 0 -1
    outer loop
      vertex -31.0249 -18.6074 0
      vertex -15.0351 -5.47232 0
      vertex -30.9073 -18.6977 0
    endloop
  endfacet
  facet normal 0 0 -1
    outer loop
      vertex -16 0 0
      vertex -30.5278 19.15 0
      vertex -30.4593 19.2815 0
    endloop
  endfacet
  facet normal 0 0 -1
    outer loop
      vertex -31.15 -18.5278 0
      vertex -15.0351 -5.47232 0
      vertex -31.0249 -18.6074 0
    endloop
  endfacet
  facet normal 0 0 -1
    outer loop
      vertex -16 0 0
      vertex -30.6074 19.0249 0
      vertex -30.5278 19.15 0
    endloop
  endfacet
  facet normal 0 0 -1
    outer loop
      vertex -31.2815 -18.4593 0
      vertex -15.0351 -5.47232 0
      vertex -31.15 -18.5278 0
    endloop
  endfacet
  facet normal 0 0 -1
    outer loop
      vertex -16 0 0
      vertex -30.6977 18.9073 0
      vertex -30.6074 19.0249 0
    endloop
  endfacet
  facet normal -0 0 -1
    outer loop
      vertex -15.0351 -5.47232 0
      vertex -31.2815 -18.4593 0
      vertex -15.4548 -4.1411 0
    endloop
  endfacet
  facet normal 0 0 -1
    outer loop
      vertex -16 0 0
      vertex -30.7979 18.7979 0
      vertex -30.6977 18.9073 0
    endloop
  endfacet
  facet normal 0 0 -1
    outer loop
      vertex -31.4186 -18.4025 0
      vertex -15.4548 -4.1411 0
      vertex -31.2815 -18.4593 0
    endloop
  endfacet
  facet normal 0 0 -1
    outer loop
      vertex -16 0 0
      vertex -30.9073 18.6977 0
      vertex -30.7979 18.7979 0
    endloop
  endfacet
  facet normal 0 0 -1
    outer loop
      vertex -31.56 -18.3579 0
      vertex -15.4548 -4.1411 0
      vertex -31.4186 -18.4025 0
    endloop
  endfacet
  facet normal 0 0 -1
    outer loop
      vertex -16 0 0
      vertex -31.0249 18.6074 0
      vertex -30.9073 18.6977 0
    endloop
  endfacet
  facet normal -0 0 -1
    outer loop
      vertex -15.4548 -4.1411 0
      vertex -31.56 -18.3579 0
      vertex -15.7569 -2.77837 0
    endloop
  endfacet
  facet normal 0 0 -1
    outer loop
      vertex -16 0 0
      vertex -31.15 18.5278 0
      vertex -31.0249 18.6074 0
    endloop
  endfacet
  facet normal 0 0 -1
    outer loop
      vertex -31.7048 -18.3258 0
      vertex -15.7569 -2.77837 0
      vertex -31.56 -18.3579 0
    endloop
  endfacet
  facet normal 0 0 -1
    outer loop
      vertex -16 0 0
      vertex -31.2815 18.4593 0
      vertex -31.15 18.5278 0
    endloop
  endfacet
  facet normal 0 0 -1
    outer loop
      vertex -31.8518 -18.3065 0
      vertex -15.7569 -2.77837 0
      vertex -31.7048 -18.3258 0
    endloop
  endfacet
  facet normal 0 0 -1
    outer loop
      vertex -16 0 0
      vertex -31.4186 18.4025 0
      vertex -31.2815 18.4593 0
    endloop
  endfacet
  facet normal -0 0 -1
    outer loop
      vertex -15.7569 -2.77837 0
      vertex -31.8518 -18.3065 0
      vertex -15.9391 -1.39449 0
    endloop
  endfacet
  facet normal 0 0 -1
    outer loop
      vertex -16 0 0
      vertex -31.56 18.3579 0
      vertex -31.4186 18.4025 0
    endloop
  endfacet
  facet normal 0 0 -1
    outer loop
      vertex -32 -18.3 0
      vertex -15.9391 -1.39449 0
      vertex -31.8518 -18.3065 0
    endloop
  endfacet
  facet normal 0 0 -1
    outer loop
      vertex -16 0 0
      vertex -31.7048 18.3258 0
      vertex -31.56 18.3579 0
    endloop
  endfacet
  facet normal -0 0 -1
    outer loop
      vertex -15.9391 -1.39449 0
      vertex -32 -18.3 0
      vertex -16 0 0
    endloop
  endfacet
  facet normal 0 0 -1
    outer loop
      vertex -16 0 0
      vertex -31.8518 18.3065 0
      vertex -31.7048 18.3258 0
    endloop
  endfacet
  facet normal 0 0 -1
    outer loop
      vertex -32.1482 -18.3065 0
      vertex -16 0 0
      vertex -32 -18.3 0
    endloop
  endfacet
  facet normal 0 0 -1
    outer loop
      vertex -16 0 0
      vertex -32 18.3 0
      vertex -31.8518 18.3065 0
    endloop
  endfacet
  facet normal 0 0 -1
    outer loop
      vertex -32.1482 18.3065 0
      vertex -16 0 0
      vertex -32.1482 -18.3065 0
    endloop
  endfacet
  facet normal 0 0 -1
    outer loop
      vertex -16 0 0
      vertex -32.1482 18.3065 0
      vertex -32 18.3 0
    endloop
  endfacet
  facet normal 0 0 -1
    outer loop
      vertex -32.2952 -18.3258 0
      vertex -32.1482 18.3065 0
      vertex -32.1482 -18.3065 0
    endloop
  endfacet
  facet normal 0 0 -1
    outer loop
      vertex -32.2952 -18.3258 0
      vertex -32.2952 18.3258 0
      vertex -32.1482 18.3065 0
    endloop
  endfacet
  facet normal 0 0 -1
    outer loop
      vertex -32.44 -18.3579 0
      vertex -32.2952 18.3258 0
      vertex -32.2952 -18.3258 0
    endloop
  endfacet
  facet normal 0 0 -1
    outer loop
      vertex -32.44 -18.3579 0
      vertex -32.44 18.3579 0
      vertex -32.2952 18.3258 0
    endloop
  endfacet
  facet normal 0 0 -1
    outer loop
      vertex -32.5814 -18.4025 0
      vertex -32.44 18.3579 0
      vertex -32.44 -18.3579 0
    endloop
  endfacet
  facet normal 0 0 -1
    outer loop
      vertex -32.5814 -18.4025 0
      vertex -32.5814 18.4025 0
      vertex -32.44 18.3579 0
    endloop
  endfacet
  facet normal 0 0 -1
    outer loop
      vertex -32.7185 -18.4593 0
      vertex -32.5814 18.4025 0
      vertex -32.5814 -18.4025 0
    endloop
  endfacet
  facet normal 0 0 -1
    outer loop
      vertex -32.7185 -18.4593 0
      vertex -32.7185 18.4593 0
      vertex -32.5814 18.4025 0
    endloop
  endfacet
  facet normal 0 0 -1
    outer loop
      vertex -32.85 -18.5278 0
      vertex -32.7185 18.4593 0
      vertex -32.7185 -18.4593 0
    endloop
  endfacet
  facet normal 0 0 -1
    outer loop
      vertex -32.85 -18.5278 0
      vertex -32.85 18.5278 0
      vertex -32.7185 18.4593 0
    endloop
  endfacet
  facet normal 0 0 -1
    outer loop
      vertex -32.9751 -18.6074 0
      vertex -32.85 18.5278 0
      vertex -32.85 -18.5278 0
    endloop
  endfacet
  facet normal 0 0 -1
    outer loop
      vertex -32.9751 -18.6074 0
      vertex -32.9751 18.6074 0
      vertex -32.85 18.5278 0
    endloop
  endfacet
  facet normal 0 0 -1
    outer loop
      vertex -33.0927 -18.6977 0
      vertex -32.9751 18.6074 0
      vertex -32.9751 -18.6074 0
    endloop
  endfacet
  facet normal 0 0 -1
    outer loop
      vertex -33.0927 -18.6977 0
      vertex -33.0927 18.6977 0
      vertex -32.9751 18.6074 0
    endloop
  endfacet
  facet normal 0 0 -1
    outer loop
      vertex -42.5 -23 0
      vertex -33.0927 -18.6977 0
      vertex -33.2021 -18.7979 0
    endloop
  endfacet
  facet normal -0 0 -1
    outer loop
      vertex -33.0927 -18.6977 0
      vertex -42.5 -23 0
      vertex -33.0927 18.6977 0
    endloop
  endfacet
  facet normal 0 0 -1
    outer loop
      vertex -42.5 -23 0
      vertex -33.2021 -18.7979 0
      vertex -33.3023 -18.9073 0
    endloop
  endfacet
  facet normal 0 0 -1
    outer loop
      vertex -42.5 23 0
      vertex -33.0927 18.6977 0
      vertex -42.5 -23 0
    endloop
  endfacet
  facet normal 0 0 -1
    outer loop
      vertex -42.5 -23 0
      vertex -33.3023 -18.9073 0
      vertex -33.3926 -19.0249 0
    endloop
  endfacet
  facet normal 0 0 -1
    outer loop
      vertex -33.0927 18.6977 0
      vertex -42.5 23 0
      vertex -33.2021 18.7979 0
    endloop
  endfacet
  facet normal 0 0 -1
    outer loop
      vertex -42.5 -23 0
      vertex -33.3926 -19.0249 0
      vertex -33.4722 -19.15 0
    endloop
  endfacet
  facet normal 0 0 -1
    outer loop
      vertex -33.2021 18.7979 0
      vertex -42.5 23 0
      vertex -33.3023 18.9073 0
    endloop
  endfacet
  facet normal 0 0 -1
    outer loop
      vertex -42.5 -23 0
      vertex -33.4722 -19.15 0
      vertex -33.5407 -19.2815 0
    endloop
  endfacet
  facet normal 0 0 -1
    outer loop
      vertex -33.3023 18.9073 0
      vertex -42.5 23 0
      vertex -33.3926 19.0249 0
    endloop
  endfacet
  facet normal 0 0 -1
    outer loop
      vertex -42.5 -23 0
      vertex -33.5407 -19.2815 0
      vertex -33.5975 -19.4186 0
    endloop
  endfacet
  facet normal 0 0 -1
    outer loop
      vertex -33.3926 19.0249 0
      vertex -42.5 23 0
      vertex -33.4722 19.15 0
    endloop
  endfacet
  facet normal 0 0 -1
    outer loop
      vertex -42.5 -23 0
      vertex -33.5975 -19.4186 0
      vertex -33.6421 -19.56 0
    endloop
  endfacet
  facet normal 0 0 -1
    outer loop
      vertex -33.4722 19.15 0
      vertex -42.5 23 0
      vertex -33.5407 19.2815 0
    endloop
  endfacet
  facet normal 0 0 -1
    outer loop
      vertex -42.5 -23 0
      vertex -33.6421 -19.56 0
      vertex -33.6742 -19.7048 0
    endloop
  endfacet
  facet normal 0 0 -1
    outer loop
      vertex -33.5407 19.2815 0
      vertex -42.5 23 0
      vertex -33.5975 19.4186 0
    endloop
  endfacet
  facet normal 0 0 -1
    outer loop
      vertex -42.5 -23 0
      vertex -33.6742 -19.7048 0
      vertex -33.6935 -19.8518 0
    endloop
  endfacet
  facet normal 0 0 -1
    outer loop
      vertex -33.5975 19.4186 0
      vertex -42.5 23 0
      vertex -33.6421 19.56 0
    endloop
  endfacet
  facet normal 0 0 -1
    outer loop
      vertex -42.5 -23 0
      vertex -33.6935 -19.8518 0
      vertex -33.7 -20 0
    endloop
  endfacet
  facet normal 0 0 -1
    outer loop
      vertex -33.6421 19.56 0
      vertex -42.5 23 0
      vertex -33.6742 19.7048 0
    endloop
  endfacet
  facet normal 0 0 -1
    outer loop
      vertex -5 -30 0
      vertex -5.47232 -15.0351 0
      vertex -5 -15.184 0
    endloop
  endfacet
  facet normal 0 0 -1
    outer loop
      vertex -5 -30 0
      vertex -6.76189 -14.5009 0
      vertex -5.47232 -15.0351 0
    endloop
  endfacet
  facet normal 0 0 -1
    outer loop
      vertex -5 -30 0
      vertex -8 -13.8564 0
      vertex -6.76189 -14.5009 0
    endloop
  endfacet
  facet normal 0 0 -1
    outer loop
      vertex -5 -30 0
      vertex -9.17722 -13.1064 0
      vertex -8 -13.8564 0
    endloop
  endfacet
  facet normal 0 0 -1
    outer loop
      vertex -30.3579 -20.44 0
      vertex -9.17722 -13.1064 0
      vertex -5 -30 0
    endloop
  endfacet
  facet normal 0 -0 -1
    outer loop
      vertex -30.3258 -20.2952 0
      vertex -9.17722 -13.1064 0
      vertex -30.3579 -20.44 0
    endloop
  endfacet
  facet normal -0 0 -1
    outer loop
      vertex -9.17722 -13.1064 0
      vertex -30.3258 -20.2952 0
      vertex -10.2846 -12.2567 0
    endloop
  endfacet
  facet normal 0 -0 -1
    outer loop
      vertex -30.3 -20 0
      vertex -10.2846 -12.2567 0
      vertex -30.3065 -20.1482 0
    endloop
  endfacet
  facet normal -0 0 -1
    outer loop
      vertex -10.2846 -12.2567 0
      vertex -30.3 -20 0
      vertex -11.3137 -11.3137 0
    endloop
  endfacet
  facet normal 0 0 -1
    outer loop
      vertex -30.3258 -19.7048 0
      vertex -11.3137 -11.3137 0
      vertex -30.3065 -19.8518 0
    endloop
  endfacet
  facet normal -0 0 -1
    outer loop
      vertex -11.3137 -11.3137 0
      vertex -30.3258 -19.7048 0
      vertex -12.2567 -10.2846 0
    endloop
  endfacet
  facet normal -0 0 -1
    outer loop
      vertex -13.1064 -9.17722 0
      vertex -30.5278 -19.15 0
      vertex -13.8564 -8 0
    endloop
  endfacet
  facet normal 0 0 -1
    outer loop
      vertex -30.5278 -19.15 0
      vertex -13.1064 -9.17722 0
      vertex -30.4593 -19.2815 0
    endloop
  endfacet
  facet normal 0 0 -1
    outer loop
      vertex -30.4593 -19.2815 0
      vertex -13.1064 -9.17722 0
      vertex -30.4025 -19.4186 0
    endloop
  endfacet
  facet normal -0 0 -1
    outer loop
      vertex -12.2567 -10.2846 0
      vertex -30.4025 -19.4186 0
      vertex -13.1064 -9.17722 0
    endloop
  endfacet
  facet normal 0 0 -1
    outer loop
      vertex -30.4025 -19.4186 0
      vertex -12.2567 -10.2846 0
      vertex -30.3579 -19.56 0
    endloop
  endfacet
  facet normal 0 0 -1
    outer loop
      vertex -30.3579 -19.56 0
      vertex -12.2567 -10.2846 0
      vertex -30.3258 -19.7048 0
    endloop
  endfacet
  facet normal 0 0 -1
    outer loop
      vertex -30.3065 -19.8518 0
      vertex -11.3137 -11.3137 0
      vertex -30.3 -20 0
    endloop
  endfacet
  facet normal 0 -0 -1
    outer loop
      vertex -30.3065 -20.1482 0
      vertex -10.2846 -12.2567 0
      vertex -30.3258 -20.2952 0
    endloop
  endfacet
  facet normal 0 0 -1
    outer loop
      vertex -5 -30 0
      vertex -30.4025 -20.5814 0
      vertex -30.3579 -20.44 0
    endloop
  endfacet
  facet normal 0 0 -1
    outer loop
      vertex -5 -30 0
      vertex -30.4593 -20.7185 0
      vertex -30.4025 -20.5814 0
    endloop
  endfacet
  facet normal 0 0 -1
    outer loop
      vertex -5 -30 0
      vertex -30.5278 -20.85 0
      vertex -30.4593 -20.7185 0
    endloop
  endfacet
  facet normal 0 0 -1
    outer loop
      vertex -5 -30 0
      vertex -30.6074 -20.9751 0
      vertex -30.5278 -20.85 0
    endloop
  endfacet
  facet normal 0 0 -1
    outer loop
      vertex -5 -30 0
      vertex -30.6977 -21.0927 0
      vertex -30.6074 -20.9751 0
    endloop
  endfacet
  facet normal 0 0 -1
    outer loop
      vertex -5 -30 0
      vertex -30.7979 -21.2021 0
      vertex -30.6977 -21.0927 0
    endloop
  endfacet
  facet normal 0 0 -1
    outer loop
      vertex -35.5 -30 0
      vertex -30.7979 -21.2021 0
      vertex -5 -30 0
    endloop
  endfacet
  facet normal 0 0 -1
    outer loop
      vertex -30.7979 -21.2021 0
      vertex -35.5 -30 0
      vertex -30.9073 -21.3023 0
    endloop
  endfacet
  facet normal 0 0 -1
    outer loop
      vertex -30.9073 -21.3023 0
      vertex -35.5 -30 0
      vertex -31.0249 -21.3926 0
    endloop
  endfacet
  facet normal 0 0 -1
    outer loop
      vertex -31.0249 -21.3926 0
      vertex -35.5 -30 0
      vertex -31.15 -21.4722 0
    endloop
  endfacet
  facet normal 0 0 -1
    outer loop
      vertex -31.15 -21.4722 0
      vertex -35.5 -30 0
      vertex -31.2815 -21.5407 0
    endloop
  endfacet
  facet normal 0 0 -1
    outer loop
      vertex -31.2815 -21.5407 0
      vertex -35.5 -30 0
      vertex -31.4186 -21.5975 0
    endloop
  endfacet
  facet normal 0 0 -1
    outer loop
      vertex -31.4186 -21.5975 0
      vertex -35.5 -30 0
      vertex -31.56 -21.6421 0
    endloop
  endfacet
  facet normal 0 0 -1
    outer loop
      vertex -31.56 -21.6421 0
      vertex -35.5 -30 0
      vertex -31.7048 -21.6742 0
    endloop
  endfacet
  facet normal 0 0 -1
    outer loop
      vertex -31.7048 -21.6742 0
      vertex -35.5 -30 0
      vertex -31.8518 -21.6935 0
    endloop
  endfacet
  facet normal 0 0 -1
    outer loop
      vertex -31.8518 -21.6935 0
      vertex -35.5 -30 0
      vertex -32 -21.7 0
    endloop
  endfacet
  facet normal -0 0 -1
    outer loop
      vertex -32 -21.7 0
      vertex -35.5 -30 0
      vertex -32.1482 -21.6935 0
    endloop
  endfacet
  facet normal -0 0 -1
    outer loop
      vertex -32.1482 -21.6935 0
      vertex -35.5 -30 0
      vertex -32.2952 -21.6742 0
    endloop
  endfacet
  facet normal 0 0 -1
    outer loop
      vertex -40.4497 -27.9497 0
      vertex -33.3023 -21.0927 0
      vertex -39.9995 -28.3623 0
    endloop
  endfacet
  facet normal -0 0 -1
    outer loop
      vertex -33.2021 -21.2021 0
      vertex -39.9995 -28.3623 0
      vertex -33.3023 -21.0927 0
    endloop
  endfacet
  facet normal 0 0 -1
    outer loop
      vertex -39.9995 -28.3623 0
      vertex -33.2021 -21.2021 0
      vertex -39.515 -28.7341 0
    endloop
  endfacet
  facet normal 0 0 -1
    outer loop
      vertex -39.515 -28.7341 0
      vertex -33.2021 -21.2021 0
      vertex -39 -29.0622 0
    endloop
  endfacet
  facet normal 0 0 -1
    outer loop
      vertex -39 -29.0622 0
      vertex -33.2021 -21.2021 0
      vertex -38.4583 -29.3442 0
    endloop
  endfacet
  facet normal -0 0 -1
    outer loop
      vertex -33.0927 -21.3023 0
      vertex -38.4583 -29.3442 0
      vertex -33.2021 -21.2021 0
    endloop
  endfacet
  facet normal 0 0 -1
    outer loop
      vertex -38.4583 -29.3442 0
      vertex -33.0927 -21.3023 0
      vertex -37.8941 -29.5778 0
    endloop
  endfacet
  facet normal 0 0 -1
    outer loop
      vertex -37.8941 -29.5778 0
      vertex -33.0927 -21.3023 0
      vertex -37.3117 -29.7615 0
    endloop
  endfacet
  facet normal 0 0 -1
    outer loop
      vertex -37.3117 -29.7615 0
      vertex -33.0927 -21.3023 0
      vertex -36.7155 -29.8937 0
    endloop
  endfacet
  facet normal -0 0 -1
    outer loop
      vertex -32.9751 -21.3926 0
      vertex -36.7155 -29.8937 0
      vertex -33.0927 -21.3023 0
    endloop
  endfacet
  facet normal 0 0 -1
    outer loop
      vertex -36.7155 -29.8937 0
      vertex -32.9751 -21.3926 0
      vertex -36.1101 -29.9734 0
    endloop
  endfacet
  facet normal 0 0 -1
    outer loop
      vertex -36.1101 -29.9734 0
      vertex -32.9751 -21.3926 0
      vertex -35.5 -30 0
    endloop
  endfacet
  facet normal -0 0 -1
    outer loop
      vertex -32.85 -21.4722 0
      vertex -35.5 -30 0
      vertex -32.9751 -21.3926 0
    endloop
  endfacet
  facet normal -0 0 -1
    outer loop
      vertex -32.7185 -21.5407 0
      vertex -35.5 -30 0
      vertex -32.85 -21.4722 0
    endloop
  endfacet
  facet normal -0 0 -1
    outer loop
      vertex -32.5814 -21.5975 0
      vertex -35.5 -30 0
      vertex -32.7185 -21.5407 0
    endloop
  endfacet
  facet normal -0 0 -1
    outer loop
      vertex -32.44 -21.6421 0
      vertex -35.5 -30 0
      vertex -32.5814 -21.5975 0
    endloop
  endfacet
  facet normal -0 0 -1
    outer loop
      vertex -32.2952 -21.6742 0
      vertex -35.5 -30 0
      vertex -32.44 -21.6421 0
    endloop
  endfacet
  facet normal 0 0 -1
    outer loop
      vertex 33.6421 -19.56 0
      vertex 42.5 -23 0
      vertex 33.6742 -19.7048 0
    endloop
  endfacet
  facet normal 0 0 -1
    outer loop
      vertex 42.5 23 0
      vertex 33.6935 19.8518 0
      vertex 33.7 20 0
    endloop
  endfacet
  facet normal 0 0 -1
    outer loop
      vertex 33.5975 -19.4186 0
      vertex 42.5 -23 0
      vertex 33.6421 -19.56 0
    endloop
  endfacet
  facet normal 0 0 -1
    outer loop
      vertex 42.5 23 0
      vertex 33.6742 19.7048 0
      vertex 33.6935 19.8518 0
    endloop
  endfacet
  facet normal 0 0 -1
    outer loop
      vertex 33.5407 -19.2815 0
      vertex 42.5 -23 0
      vertex 33.5975 -19.4186 0
    endloop
  endfacet
  facet normal 0 0 -1
    outer loop
      vertex 42.5 23 0
      vertex 33.6421 19.56 0
      vertex 33.6742 19.7048 0
    endloop
  endfacet
  facet normal 0 0 -1
    outer loop
      vertex 33.4722 -19.15 0
      vertex 42.5 -23 0
      vertex 33.5407 -19.2815 0
    endloop
  endfacet
  facet normal 0 0 -1
    outer loop
      vertex 42.5 23 0
      vertex 33.5975 19.4186 0
      vertex 33.6421 19.56 0
    endloop
  endfacet
  facet normal 0 0 -1
    outer loop
      vertex 33.3926 -19.0249 0
      vertex 42.5 -23 0
      vertex 33.4722 -19.15 0
    endloop
  endfacet
  facet normal 0 0 -1
    outer loop
      vertex 42.5 23 0
      vertex 33.5407 19.2815 0
      vertex 33.5975 19.4186 0
    endloop
  endfacet
  facet normal 0 0 -1
    outer loop
      vertex 33.3023 -18.9073 0
      vertex 42.5 -23 0
      vertex 33.3926 -19.0249 0
    endloop
  endfacet
  facet normal 0 0 -1
    outer loop
      vertex 42.5 23 0
      vertex 33.4722 19.15 0
      vertex 33.5407 19.2815 0
    endloop
  endfacet
  facet normal 0 0 -1
    outer loop
      vertex 33.2021 -18.7979 0
      vertex 42.5 -23 0
      vertex 33.3023 -18.9073 0
    endloop
  endfacet
  facet normal 0 0 -1
    outer loop
      vertex 42.5 23 0
      vertex 33.3926 19.0249 0
      vertex 33.4722 19.15 0
    endloop
  endfacet
  facet normal 0 0 -1
    outer loop
      vertex 33.0927 -18.6977 0
      vertex 42.5 -23 0
      vertex 33.2021 -18.7979 0
    endloop
  endfacet
  facet normal 0 0 -1
    outer loop
      vertex 42.5 23 0
      vertex 33.3023 18.9073 0
      vertex 33.3926 19.0249 0
    endloop
  endfacet
  facet normal 0 0 -1
    outer loop
      vertex 42.5 -23 0
      vertex 33.0927 -18.6977 0
      vertex 42.5 23 0
    endloop
  endfacet
  facet normal 0 0 -1
    outer loop
      vertex 42.5 23 0
      vertex 33.2021 18.7979 0
      vertex 33.3023 18.9073 0
    endloop
  endfacet
  facet normal 0 0 -1
    outer loop
      vertex 33.0927 18.6977 0
      vertex 42.5 23 0
      vertex 33.0927 -18.6977 0
    endloop
  endfacet
  facet normal 0 0 -1
    outer loop
      vertex 42.5 23 0
      vertex 33.0927 18.6977 0
      vertex 33.2021 18.7979 0
    endloop
  endfacet
  facet normal 0 0 -1
    outer loop
      vertex 32.9751 -18.6074 0
      vertex 33.0927 18.6977 0
      vertex 33.0927 -18.6977 0
    endloop
  endfacet
  facet normal 0 0 -1
    outer loop
      vertex 32.9751 -18.6074 0
      vertex 32.9751 18.6074 0
      vertex 33.0927 18.6977 0
    endloop
  endfacet
  facet normal 0 0 -1
    outer loop
      vertex 32.85 -18.5278 0
      vertex 32.9751 18.6074 0
      vertex 32.9751 -18.6074 0
    endloop
  endfacet
  facet normal 0 0 -1
    outer loop
      vertex 32.85 -18.5278 0
      vertex 32.85 18.5278 0
      vertex 32.9751 18.6074 0
    endloop
  endfacet
  facet normal 0 0 -1
    outer loop
      vertex 32.7185 -18.4593 0
      vertex 32.85 18.5278 0
      vertex 32.85 -18.5278 0
    endloop
  endfacet
  facet normal 0 0 -1
    outer loop
      vertex 32.7185 -18.4593 0
      vertex 32.7185 18.4593 0
      vertex 32.85 18.5278 0
    endloop
  endfacet
  facet normal 0 0 -1
    outer loop
      vertex 32.5814 -18.4025 0
      vertex 32.7185 18.4593 0
      vertex 32.7185 -18.4593 0
    endloop
  endfacet
  facet normal 0 0 -1
    outer loop
      vertex 32.5814 -18.4025 0
      vertex 32.5814 18.4025 0
      vertex 32.7185 18.4593 0
    endloop
  endfacet
  facet normal 0 0 -1
    outer loop
      vertex 32.44 -18.3579 0
      vertex 32.5814 18.4025 0
      vertex 32.5814 -18.4025 0
    endloop
  endfacet
  facet normal 0 0 -1
    outer loop
      vertex 32.44 -18.3579 0
      vertex 32.44 18.3579 0
      vertex 32.5814 18.4025 0
    endloop
  endfacet
  facet normal 0 0 -1
    outer loop
      vertex 32.2952 -18.3258 0
      vertex 32.44 18.3579 0
      vertex 32.44 -18.3579 0
    endloop
  endfacet
  facet normal 0 0 -1
    outer loop
      vertex 32.2952 -18.3258 0
      vertex 32.2952 18.3258 0
      vertex 32.44 18.3579 0
    endloop
  endfacet
  facet normal 0 0 -1
    outer loop
      vertex 32.1482 -18.3065 0
      vertex 32.2952 18.3258 0
      vertex 32.2952 -18.3258 0
    endloop
  endfacet
  facet normal 0 0 -1
    outer loop
      vertex 32.1482 -18.3065 0
      vertex 32.1482 18.3065 0
      vertex 32.2952 18.3258 0
    endloop
  endfacet
  facet normal 0 0 -1
    outer loop
      vertex 16 0 0
      vertex 32.1482 -18.3065 0
      vertex 32 -18.3 0
    endloop
  endfacet
  facet normal 0 0 -1
    outer loop
      vertex 32.1482 -18.3065 0
      vertex 16 0 0
      vertex 32.1482 18.3065 0
    endloop
  endfacet
  facet normal 0 0 -1
    outer loop
      vertex 15.9391 -1.39449 0
      vertex 32 -18.3 0
      vertex 31.8518 -18.3065 0
    endloop
  endfacet
  facet normal 0 0 -1
    outer loop
      vertex 32.1482 18.3065 0
      vertex 16 0 0
      vertex 32 18.3 0
    endloop
  endfacet
  facet normal 0 0 -1
    outer loop
      vertex 15.7569 -2.77837 0
      vertex 31.8518 -18.3065 0
      vertex 31.7048 -18.3258 0
    endloop
  endfacet
  facet normal 0 0 -1
    outer loop
      vertex 15.9391 1.39449 0
      vertex 32 18.3 0
      vertex 16 0 0
    endloop
  endfacet
  facet normal 0 0 -1
    outer loop
      vertex 15.7569 -2.77837 0
      vertex 31.7048 -18.3258 0
      vertex 31.56 -18.3579 0
    endloop
  endfacet
  facet normal -0 0 -1
    outer loop
      vertex 32 18.3 0
      vertex 15.9391 1.39449 0
      vertex 31.8518 18.3065 0
    endloop
  endfacet
  facet normal 0 0 -1
    outer loop
      vertex 15.4548 -4.1411 0
      vertex 31.56 -18.3579 0
      vertex 31.4186 -18.4025 0
    endloop
  endfacet
  facet normal 0 0 -1
    outer loop
      vertex 15.7569 2.77837 0
      vertex 31.8518 18.3065 0
      vertex 15.9391 1.39449 0
    endloop
  endfacet
  facet normal 0 0 -1
    outer loop
      vertex 15.4548 -4.1411 0
      vertex 31.4186 -18.4025 0
      vertex 31.2815 -18.4593 0
    endloop
  endfacet
  facet normal -0 0 -1
    outer loop
      vertex 31.8518 18.3065 0
      vertex 15.7569 2.77837 0
      vertex 31.7048 18.3258 0
    endloop
  endfacet
  facet normal 0 0 -1
    outer loop
      vertex 15.0351 -5.47232 0
      vertex 31.2815 -18.4593 0
      vertex 31.15 -18.5278 0
    endloop
  endfacet
  facet normal -0 0 -1
    outer loop
      vertex 31.7048 18.3258 0
      vertex 15.7569 2.77837 0
      vertex 31.56 18.3579 0
    endloop
  endfacet
  facet normal 0 0 -1
    outer loop
      vertex 15.0351 -5.47232 0
      vertex 31.15 -18.5278 0
      vertex 31.0249 -18.6074 0
    endloop
  endfacet
  facet normal 0 0 -1
    outer loop
      vertex 15.4548 4.1411 0
      vertex 31.56 18.3579 0
      vertex 15.7569 2.77837 0
    endloop
  endfacet
  facet normal 0 0 -1
    outer loop
      vertex 15.0351 -5.47232 0
      vertex 31.0249 -18.6074 0
      vertex 30.9073 -18.6977 0
    endloop
  endfacet
  facet normal -0 0 -1
    outer loop
      vertex 31.56 18.3579 0
      vertex 15.4548 4.1411 0
      vertex 31.4186 18.4025 0
    endloop
  endfacet
  facet normal 0 0 -1
    outer loop
      vertex 14.5009 -6.76189 0
      vertex 30.9073 -18.6977 0
      vertex 30.7979 -18.7979 0
    endloop
  endfacet
  facet normal -0 0 -1
    outer loop
      vertex 31.4186 18.4025 0
      vertex 15.4548 4.1411 0
      vertex 31.2815 18.4593 0
    endloop
  endfacet
  facet normal 0 0 -1
    outer loop
      vertex 14.5009 -6.76189 0
      vertex 30.7979 -18.7979 0
      vertex 30.6977 -18.9073 0
    endloop
  endfacet
  facet normal 0 0 -1
    outer loop
      vertex 15.0351 5.47232 0
      vertex 31.2815 18.4593 0
      vertex 15.4548 4.1411 0
    endloop
  endfacet
  facet normal 0 0 -1
    outer loop
      vertex 13.8564 -8 0
      vertex 30.6977 -18.9073 0
      vertex 30.6074 -19.0249 0
    endloop
  endfacet
  facet normal -0 0 -1
    outer loop
      vertex 31.2815 18.4593 0
      vertex 15.0351 5.47232 0
      vertex 31.15 18.5278 0
    endloop
  endfacet
  facet normal 0 0 -1
    outer loop
      vertex 13.8564 -8 0
      vertex 30.6074 -19.0249 0
      vertex 30.5278 -19.15 0
    endloop
  endfacet
  facet normal -0 0 -1
    outer loop
      vertex 31.15 18.5278 0
      vertex 15.0351 5.47232 0
      vertex 31.0249 18.6074 0
    endloop
  endfacet
  facet normal 0 0 -1
    outer loop
      vertex 13.1064 -9.17722 0
      vertex 30.5278 -19.15 0
      vertex 30.4593 -19.2815 0
    endloop
  endfacet
  facet normal -0 0 -1
    outer loop
      vertex 31.0249 18.6074 0
      vertex 15.0351 5.47232 0
      vertex 30.9073 18.6977 0
    endloop
  endfacet
  facet normal 0 0 -1
    outer loop
      vertex 13.1064 -9.17722 0
      vertex 30.4593 -19.2815 0
      vertex 30.4025 -19.4186 0
    endloop
  endfacet
  facet normal 0 0 -1
    outer loop
      vertex 14.5009 6.76189 0
      vertex 30.9073 18.6977 0
      vertex 15.0351 5.47232 0
    endloop
  endfacet
  facet normal 0 0 -1
    outer loop
      vertex 12.2567 -10.2846 0
      vertex 30.4025 -19.4186 0
      vertex 30.3579 -19.56 0
    endloop
  endfacet
  facet normal -0 0 -1
    outer loop
      vertex 30.9073 18.6977 0
      vertex 14.5009 6.76189 0
      vertex 30.7979 18.7979 0
    endloop
  endfacet
  facet normal 0 0 -1
    outer loop
      vertex 12.2567 -10.2846 0
      vertex 30.3579 -19.56 0
      vertex 30.3258 -19.7048 0
    endloop
  endfacet
  facet normal -0 0 -1
    outer loop
      vertex 30.7979 18.7979 0
      vertex 14.5009 6.76189 0
      vertex 30.6977 18.9073 0
    endloop
  endfacet
  facet normal 0 0 -1
    outer loop
      vertex 11.3137 -11.3137 0
      vertex 30.3258 -19.7048 0
      vertex 30.3065 -19.8518 0
    endloop
  endfacet
  facet normal 0 0 -1
    outer loop
      vertex 13.8564 8 0
      vertex 30.6977 18.9073 0
      vertex 14.5009 6.76189 0
    endloop
  endfacet
  facet normal 0 0 -1
    outer loop
      vertex 11.3137 -11.3137 0
      vertex 30.3065 -19.8518 0
      vertex 30.3 -20 0
    endloop
  endfacet
  facet normal -0 0 -1
    outer loop
      vertex 30.6977 18.9073 0
      vertex 13.8564 8 0
      vertex 30.6074 19.0249 0
    endloop
  endfacet
  facet normal 0 0 -1
    outer loop
      vertex 33.4722 -20.85 0
      vertex 42.5 -23 0
      vertex 42.4734 -23.6101 0
    endloop
  endfacet
  facet normal 0 0 -1
    outer loop
      vertex 33.6935 -19.8518 0
      vertex 42.5 -23 0
      vertex 33.7 -20 0
    endloop
  endfacet
  facet normal 0 0 -1
    outer loop
      vertex 33.4722 -20.85 0
      vertex 42.4734 -23.6101 0
      vertex 42.3937 -24.2155 0
    endloop
  endfacet
  facet normal 0 0 -1
    outer loop
      vertex 33.6742 -19.7048 0
      vertex 42.5 -23 0
      vertex 33.6935 -19.8518 0
    endloop
  endfacet
  facet normal 0 0 -1
    outer loop
      vertex 33.4722 -20.85 0
      vertex 42.3937 -24.2155 0
      vertex 42.2615 -24.8117 0
    endloop
  endfacet
  facet normal 0 0 -1
    outer loop
      vertex 33.6935 20.1482 0
      vertex 42.5 23 0
      vertex 33.7 20 0
    endloop
  endfacet
  facet normal 0 0 -1
    outer loop
      vertex 33.3926 -20.9751 0
      vertex 42.2615 -24.8117 0
      vertex 42.0778 -25.3941 0
    endloop
  endfacet
  facet normal 0 0 -1
    outer loop
      vertex 33.6742 20.2952 0
      vertex 42.5 23 0
      vertex 33.6935 20.1482 0
    endloop
  endfacet
  facet normal 0 0 -1
    outer loop
      vertex 33.3926 -20.9751 0
      vertex 42.0778 -25.3941 0
      vertex 41.8442 -25.9583 0
    endloop
  endfacet
  facet normal 0 0 -1
    outer loop
      vertex 33.6421 20.44 0
      vertex 42.5 23 0
      vertex 33.6742 20.2952 0
    endloop
  endfacet
  facet normal 0 0 -1
    outer loop
      vertex 33.3926 -20.9751 0
      vertex 41.8442 -25.9583 0
      vertex 41.5622 -26.5 0
    endloop
  endfacet
  facet normal 0 0 -1
    outer loop
      vertex 33.5975 20.5814 0
      vertex 42.5 23 0
      vertex 33.6421 20.44 0
    endloop
  endfacet
  facet normal 0 0 -1
    outer loop
      vertex 33.3023 -21.0927 0
      vertex 41.5622 -26.5 0
      vertex 41.2341 -27.015 0
    endloop
  endfacet
  facet normal 0 0 -1
    outer loop
      vertex 33.5407 20.7185 0
      vertex 42.5 23 0
      vertex 33.5975 20.5814 0
    endloop
  endfacet
  facet normal 0 0 -1
    outer loop
      vertex 33.3023 -21.0927 0
      vertex 41.2341 -27.015 0
      vertex 40.8623 -27.4995 0
    endloop
  endfacet
  facet normal 0 0 -1
    outer loop
      vertex 33.4722 20.85 0
      vertex 42.5 23 0
      vertex 33.5407 20.7185 0
    endloop
  endfacet
  facet normal 0 0 -1
    outer loop
      vertex 33.3023 -21.0927 0
      vertex 40.8623 -27.4995 0
      vertex 40.4497 -27.9497 0
    endloop
  endfacet
  facet normal -0 0 -1
    outer loop
      vertex 42.5 23 0
      vertex 33.4722 20.85 0
      vertex 42.4734 23.6101 0
    endloop
  endfacet
  facet normal 0 0 -1
    outer loop
      vertex 33.3023 -21.0927 0
      vertex 40.4497 -27.9497 0
      vertex 39.9995 -28.3623 0
    endloop
  endfacet
  facet normal -0 0 -1
    outer loop
      vertex 42.4734 23.6101 0
      vertex 33.4722 20.85 0
      vertex 42.3937 24.2155 0
    endloop
  endfacet
  facet normal 0 0 -1
    outer loop
      vertex 33.2021 -21.2021 0
      vertex 39.9995 -28.3623 0
      vertex 39.515 -28.7341 0
    endloop
  endfacet
  facet normal -0 0 -1
    outer loop
      vertex 42.3937 24.2155 0
      vertex 33.4722 20.85 0
      vertex 42.2615 24.8117 0
    endloop
  endfacet
  facet normal 0 0 -1
    outer loop
      vertex 33.2021 -21.2021 0
      vertex 39.515 -28.7341 0
      vertex 39 -29.0622 0
    endloop
  endfacet
  facet normal 0 0 -1
    outer loop
      vertex 33.3926 20.9751 0
      vertex 42.2615 24.8117 0
      vertex 33.4722 20.85 0
    endloop
  endfacet
  facet normal 0 0 -1
    outer loop
      vertex 33.2021 -21.2021 0
      vertex 39 -29.0622 0
      vertex 38.4583 -29.3442 0
    endloop
  endfacet
  facet normal -0 0 -1
    outer loop
      vertex 42.2615 24.8117 0
      vertex 33.3926 20.9751 0
      vertex 42.0778 25.3941 0
    endloop
  endfacet
  facet normal 0 0 -1
    outer loop
      vertex 33.0927 -21.3023 0
      vertex 38.4583 -29.3442 0
      vertex 37.8941 -29.5778 0
    endloop
  endfacet
  facet normal -0 0 -1
    outer loop
      vertex 42.0778 25.3941 0
      vertex 33.3926 20.9751 0
      vertex 41.8442 25.9583 0
    endloop
  endfacet
  facet normal 0 0 -1
    outer loop
      vertex 33.0927 -21.3023 0
      vertex 37.8941 -29.5778 0
      vertex 37.3117 -29.7615 0
    endloop
  endfacet
  facet normal -0 0 -1
    outer loop
      vertex 41.8442 25.9583 0
      vertex 33.3926 20.9751 0
      vertex 41.5622 26.5 0
    endloop
  endfacet
  facet normal 0 0 -1
    outer loop
      vertex 33.0927 -21.3023 0
      vertex 37.3117 -29.7615 0
      vertex 36.7155 -29.8937 0
    endloop
  endfacet
  facet normal 0 0 -1
    outer loop
      vertex 33.3023 21.0927 0
      vertex 41.5622 26.5 0
      vertex 33.3926 20.9751 0
    endloop
  endfacet
  facet normal 0 0 -1
    outer loop
      vertex 32.9751 -21.3926 0
      vertex 36.7155 -29.8937 0
      vertex 36.1101 -29.9734 0
    endloop
  endfacet
  facet normal -0 0 -1
    outer loop
      vertex 41.5622 26.5 0
      vertex 33.3023 21.0927 0
      vertex 41.2341 27.015 0
    endloop
  endfacet
  facet normal 0 0 -1
    outer loop
      vertex 32.9751 -21.3926 0
      vertex 36.1101 -29.9734 0
      vertex 35.5 -30 0
    endloop
  endfacet
  facet normal -0 0 -1
    outer loop
      vertex 41.2341 27.015 0
      vertex 33.3023 21.0927 0
      vertex 40.8623 27.4995 0
    endloop
  endfacet
  facet normal -0 0 -1
    outer loop
      vertex 40.8623 27.4995 0
      vertex 33.3023 21.0927 0
      vertex 40.4497 27.9497 0
    endloop
  endfacet
  facet normal 0 0 -1
    outer loop
      vertex 42.5 -23 0
      vertex 33.6935 -20.1482 0
      vertex 33.7 -20 0
    endloop
  endfacet
  facet normal 0 0 -1
    outer loop
      vertex 42.5 -23 0
      vertex 33.6742 -20.2952 0
      vertex 33.6935 -20.1482 0
    endloop
  endfacet
  facet normal 0 0 -1
    outer loop
      vertex 42.5 -23 0
      vertex 33.6421 -20.44 0
      vertex 33.6742 -20.2952 0
    endloop
  endfacet
  facet normal 0 0 -1
    outer loop
      vertex 42.5 -23 0
      vertex 33.5975 -20.5814 0
      vertex 33.6421 -20.44 0
    endloop
  endfacet
  facet normal 0 0 -1
    outer loop
      vertex 42.5 -23 0
      vertex 33.5407 -20.7185 0
      vertex 33.5975 -20.5814 0
    endloop
  endfacet
  facet normal 0 0 -1
    outer loop
      vertex 42.5 -23 0
      vertex 33.4722 -20.85 0
      vertex 33.5407 -20.7185 0
    endloop
  endfacet
  facet normal 0 0 -1
    outer loop
      vertex 42.2615 -24.8117 0
      vertex 33.3926 -20.9751 0
      vertex 33.4722 -20.85 0
    endloop
  endfacet
  facet normal 0 0 -1
    outer loop
      vertex 41.5622 -26.5 0
      vertex 33.3023 -21.0927 0
      vertex 33.3926 -20.9751 0
    endloop
  endfacet
  facet normal 0 0 -1
    outer loop
      vertex 39.9995 -28.3623 0
      vertex 33.2021 -21.2021 0
      vertex 33.3023 -21.0927 0
    endloop
  endfacet
  facet normal 0 0 -1
    outer loop
      vertex 38.4583 -29.3442 0
      vertex 33.0927 -21.3023 0
      vertex 33.2021 -21.2021 0
    endloop
  endfacet
  facet normal 0 0 -1
    outer loop
      vertex 36.7155 -29.8937 0
      vertex 32.9751 -21.3926 0
      vertex 33.0927 -21.3023 0
    endloop
  endfacet
  facet normal 0 0 -1
    outer loop
      vertex 35.5 -30 0
      vertex 32.85 -21.4722 0
      vertex 32.9751 -21.3926 0
    endloop
  endfacet
  facet normal 0 0 -1
    outer loop
      vertex 35.5 -30 0
      vertex 32.7185 -21.5407 0
      vertex 32.85 -21.4722 0
    endloop
  endfacet
  facet normal 0 0 -1
    outer loop
      vertex 35.5 -30 0
      vertex 32.5814 -21.5975 0
      vertex 32.7185 -21.5407 0
    endloop
  endfacet
  facet normal 0 0 -1
    outer loop
      vertex 35.5 -30 0
      vertex 32.44 -21.6421 0
      vertex 32.5814 -21.5975 0
    endloop
  endfacet
  facet normal 0 0 -1
    outer loop
      vertex 35.5 -30 0
      vertex 32.2952 -21.6742 0
      vertex 32.44 -21.6421 0
    endloop
  endfacet
  facet normal 0 0 -1
    outer loop
      vertex 35.5 -30 0
      vertex 32.1482 -21.6935 0
      vertex 32.2952 -21.6742 0
    endloop
  endfacet
  facet normal 0 0 -1
    outer loop
      vertex 35.5 -30 0
      vertex 32 -21.7 0
      vertex 32.1482 -21.6935 0
    endloop
  endfacet
  facet normal 0 0 -1
    outer loop
      vertex 35.5 -30 0
      vertex 31.8518 -21.6935 0
      vertex 32 -21.7 0
    endloop
  endfacet
  facet normal 0 0 -1
    outer loop
      vertex 35.5 -30 0
      vertex 31.7048 -21.6742 0
      vertex 31.8518 -21.6935 0
    endloop
  endfacet
  facet normal 0 0 -1
    outer loop
      vertex 35.5 -30 0
      vertex 31.56 -21.6421 0
      vertex 31.7048 -21.6742 0
    endloop
  endfacet
  facet normal 0 0 -1
    outer loop
      vertex 35.5 -30 0
      vertex 31.4186 -21.5975 0
      vertex 31.56 -21.6421 0
    endloop
  endfacet
  facet normal 0 0 -1
    outer loop
      vertex 35.5 -30 0
      vertex 31.2815 -21.5407 0
      vertex 31.4186 -21.5975 0
    endloop
  endfacet
  facet normal 0 0 -1
    outer loop
      vertex 35.5 -30 0
      vertex 31.15 -21.4722 0
      vertex 31.2815 -21.5407 0
    endloop
  endfacet
  facet normal 0 0 -1
    outer loop
      vertex 35.5 -30 0
      vertex 31.0249 -21.3926 0
      vertex 31.15 -21.4722 0
    endloop
  endfacet
  facet normal 0 0 -1
    outer loop
      vertex 35.5 -30 0
      vertex 30.9073 -21.3023 0
      vertex 31.0249 -21.3926 0
    endloop
  endfacet
  facet normal 0 0 -1
    outer loop
      vertex 35.5 -30 0
      vertex 30.7979 -21.2021 0
      vertex 30.9073 -21.3023 0
    endloop
  endfacet
  facet normal 0 0 -1
    outer loop
      vertex 5 -30 0
      vertex 30.7979 -21.2021 0
      vertex 35.5 -30 0
    endloop
  endfacet
  facet normal -0 0 -1
    outer loop
      vertex 30.7979 -21.2021 0
      vertex 5 -30 0
      vertex 30.6977 -21.0927 0
    endloop
  endfacet
  facet normal -0 0 -1
    outer loop
      vertex 30.6977 -21.0927 0
      vertex 5 -30 0
      vertex 30.6074 -20.9751 0
    endloop
  endfacet
  facet normal -0 0 -1
    outer loop
      vertex 30.6074 19.0249 0
      vertex 13.8564 8 0
      vertex 30.5278 19.15 0
    endloop
  endfacet
  facet normal 0 0 -1
    outer loop
      vertex 10.2846 -12.2567 0
      vertex 30.3 -20 0
      vertex 30.3065 -20.1482 0
    endloop
  endfacet
  facet normal 0 0 -1
    outer loop
      vertex 10.2846 -12.2567 0
      vertex 30.3065 -20.1482 0
      vertex 30.3258 -20.2952 0
    endloop
  endfacet
  facet normal 0 0 -1
    outer loop
      vertex 9.17722 -13.1064 0
      vertex 30.3258 -20.2952 0
      vertex 30.3579 -20.44 0
    endloop
  endfacet
  facet normal 0 0 -1
    outer loop
      vertex 5 -30 0
      vertex 30.3579 -20.44 0
      vertex 30.4025 -20.5814 0
    endloop
  endfacet
  facet normal 0 0 -1
    outer loop
      vertex 5 -30 0
      vertex 30.4025 -20.5814 0
      vertex 30.4593 -20.7185 0
    endloop
  endfacet
  facet normal 0 0 -1
    outer loop
      vertex 5 -30 0
      vertex 30.4593 -20.7185 0
      vertex 30.5278 -20.85 0
    endloop
  endfacet
  facet normal -0 0 -1
    outer loop
      vertex 30.6074 -20.9751 0
      vertex 5 -30 0
      vertex 30.5278 -20.85 0
    endloop
  endfacet
  facet normal 0 0 -1
    outer loop
      vertex 32 -18.3 0
      vertex 15.9391 -1.39449 0
      vertex 16 0 0
    endloop
  endfacet
  facet normal 0 0 -1
    outer loop
      vertex 31.8518 -18.3065 0
      vertex 15.7569 -2.77837 0
      vertex 15.9391 -1.39449 0
    endloop
  endfacet
  facet normal 0 0 -1
    outer loop
      vertex 31.56 -18.3579 0
      vertex 15.4548 -4.1411 0
      vertex 15.7569 -2.77837 0
    endloop
  endfacet
  facet normal 0 0 -1
    outer loop
      vertex 31.2815 -18.4593 0
      vertex 15.0351 -5.47232 0
      vertex 15.4548 -4.1411 0
    endloop
  endfacet
  facet normal 0 0 -1
    outer loop
      vertex 30.9073 -18.6977 0
      vertex 14.5009 -6.76189 0
      vertex 15.0351 -5.47232 0
    endloop
  endfacet
  facet normal 0 0 -1
    outer loop
      vertex 30.6977 -18.9073 0
      vertex 13.8564 -8 0
      vertex 14.5009 -6.76189 0
    endloop
  endfacet
  facet normal 0 0 -1
    outer loop
      vertex 30.5278 -19.15 0
      vertex 13.1064 -9.17722 0
      vertex 13.8564 -8 0
    endloop
  endfacet
  facet normal 0 0 -1
    outer loop
      vertex 30.4025 -19.4186 0
      vertex 12.2567 -10.2846 0
      vertex 13.1064 -9.17722 0
    endloop
  endfacet
  facet normal 0 0 -1
    outer loop
      vertex 30.3258 -19.7048 0
      vertex 11.3137 -11.3137 0
      vertex 12.2567 -10.2846 0
    endloop
  endfacet
  facet normal 0 0 -1
    outer loop
      vertex 30.3 -20 0
      vertex 10.2846 -12.2567 0
      vertex 11.3137 -11.3137 0
    endloop
  endfacet
  facet normal -0 0 -1
    outer loop
      vertex 30.3579 -20.44 0
      vertex 5 -30 0
      vertex 9.17722 -13.1064 0
    endloop
  endfacet
  facet normal 0 0 -1
    outer loop
      vertex 30.3258 -20.2952 0
      vertex 9.17722 -13.1064 0
      vertex 10.2846 -12.2567 0
    endloop
  endfacet
  facet normal 0 0 -1
    outer loop
      vertex 9.17722 -13.1064 0
      vertex 5 -30 0
      vertex 8 -13.8564 0
    endloop
  endfacet
  facet normal 0 0 -1
    outer loop
      vertex 8 -13.8564 0
      vertex 5 -30 0
      vertex 6.76189 -14.5009 0
    endloop
  endfacet
  facet normal 0 0 -1
    outer loop
      vertex 6.76189 -14.5009 0
      vertex 5 -30 0
      vertex 5.47232 -15.0351 0
    endloop
  endfacet
  facet normal 0 0 -1
    outer loop
      vertex 5.47232 -15.0351 0
      vertex 5 -30 0
      vertex 5 -15.184 0
    endloop
  endfacet
  facet normal -0 0 -1
    outer loop
      vertex 40.4497 27.9497 0
      vertex 33.3023 21.0927 0
      vertex 39.9995 28.3623 0
    endloop
  endfacet
  facet normal 0 0 -1
    outer loop
      vertex 33.2021 21.2021 0
      vertex 39.9995 28.3623 0
      vertex 33.3023 21.0927 0
    endloop
  endfacet
  facet normal -0 0 -1
    outer loop
      vertex 39.9995 28.3623 0
      vertex 33.2021 21.2021 0
      vertex 39.515 28.7341 0
    endloop
  endfacet
  facet normal -0 0 -1
    outer loop
      vertex 39.515 28.7341 0
      vertex 33.2021 21.2021 0
      vertex 39 29.0622 0
    endloop
  endfacet
  facet normal -0 0 -1
    outer loop
      vertex 39 29.0622 0
      vertex 33.2021 21.2021 0
      vertex 38.4583 29.3442 0
    endloop
  endfacet
  facet normal 0 0 -1
    outer loop
      vertex 33.0927 21.3023 0
      vertex 38.4583 29.3442 0
      vertex 33.2021 21.2021 0
    endloop
  endfacet
  facet normal -0 0 -1
    outer loop
      vertex 38.4583 29.3442 0
      vertex 33.0927 21.3023 0
      vertex 37.8941 29.5778 0
    endloop
  endfacet
  facet normal -0 0 -1
    outer loop
      vertex 37.8941 29.5778 0
      vertex 33.0927 21.3023 0
      vertex 37.3117 29.7615 0
    endloop
  endfacet
  facet normal -0 0 -1
    outer loop
      vertex 37.3117 29.7615 0
      vertex 33.0927 21.3023 0
      vertex 36.7155 29.8937 0
    endloop
  endfacet
  facet normal 0 0 -1
    outer loop
      vertex 32.9751 21.3926 0
      vertex 36.7155 29.8937 0
      vertex 33.0927 21.3023 0
    endloop
  endfacet
  facet normal -0 0 -1
    outer loop
      vertex 36.7155 29.8937 0
      vertex 32.9751 21.3926 0
      vertex 36.1101 29.9734 0
    endloop
  endfacet
  facet normal -0 0 -1
    outer loop
      vertex 36.1101 29.9734 0
      vertex 32.9751 21.3926 0
      vertex 35.5 30 0
    endloop
  endfacet
  facet normal 0 0 -1
    outer loop
      vertex 32.85 21.4722 0
      vertex 35.5 30 0
      vertex 32.9751 21.3926 0
    endloop
  endfacet
  facet normal 0 0 -1
    outer loop
      vertex 32.7185 21.5407 0
      vertex 35.5 30 0
      vertex 32.85 21.4722 0
    endloop
  endfacet
  facet normal 0 0 -1
    outer loop
      vertex 32.5814 21.5975 0
      vertex 35.5 30 0
      vertex 32.7185 21.5407 0
    endloop
  endfacet
  facet normal 0 0 -1
    outer loop
      vertex 32.44 21.6421 0
      vertex 35.5 30 0
      vertex 32.5814 21.5975 0
    endloop
  endfacet
  facet normal 0 0 -1
    outer loop
      vertex 32.2952 21.6742 0
      vertex 35.5 30 0
      vertex 32.44 21.6421 0
    endloop
  endfacet
  facet normal 0 0 -1
    outer loop
      vertex 32.1482 21.6935 0
      vertex 35.5 30 0
      vertex 32.2952 21.6742 0
    endloop
  endfacet
  facet normal 0 0 -1
    outer loop
      vertex 32 21.7 0
      vertex 35.5 30 0
      vertex 32.1482 21.6935 0
    endloop
  endfacet
  facet normal 0 0 -1
    outer loop
      vertex 31.8518 21.6935 0
      vertex 35.5 30 0
      vertex 32 21.7 0
    endloop
  endfacet
  facet normal 0 0 -1
    outer loop
      vertex 31.7048 21.6742 0
      vertex 35.5 30 0
      vertex 31.8518 21.6935 0
    endloop
  endfacet
  facet normal 0 0 -1
    outer loop
      vertex 31.56 21.6421 0
      vertex 35.5 30 0
      vertex 31.7048 21.6742 0
    endloop
  endfacet
  facet normal 0 0 -1
    outer loop
      vertex 31.4186 21.5975 0
      vertex 35.5 30 0
      vertex 31.56 21.6421 0
    endloop
  endfacet
  facet normal 0 0 -1
    outer loop
      vertex 31.2815 21.5407 0
      vertex 35.5 30 0
      vertex 31.4186 21.5975 0
    endloop
  endfacet
  facet normal 0 0 -1
    outer loop
      vertex 31.15 21.4722 0
      vertex 35.5 30 0
      vertex 31.2815 21.5407 0
    endloop
  endfacet
  facet normal 0 0 -1
    outer loop
      vertex 31.0249 21.3926 0
      vertex 35.5 30 0
      vertex 31.15 21.4722 0
    endloop
  endfacet
  facet normal 0 0 -1
    outer loop
      vertex 30.9073 21.3023 0
      vertex 35.5 30 0
      vertex 31.0249 21.3926 0
    endloop
  endfacet
  facet normal 0 0 -1
    outer loop
      vertex 30.7979 21.2021 0
      vertex 35.5 30 0
      vertex 30.9073 21.3023 0
    endloop
  endfacet
  facet normal 0 0 -1
    outer loop
      vertex 30.6977 21.0927 0
      vertex 35.5 30 0
      vertex 30.7979 21.2021 0
    endloop
  endfacet
  facet normal 0 0 -1
    outer loop
      vertex 6.76189 14.5009 0
      vertex 30.6977 21.0927 0
      vertex 30.6074 20.9751 0
    endloop
  endfacet
  facet normal 0 0 -1
    outer loop
      vertex 6.76189 14.5009 0
      vertex 30.6074 20.9751 0
      vertex 30.5278 20.85 0
    endloop
  endfacet
  facet normal 0 0 -1
    outer loop
      vertex 13.1064 9.17722 0
      vertex 30.5278 19.15 0
      vertex 13.8564 8 0
    endloop
  endfacet
  facet normal -0 0 -1
    outer loop
      vertex 30.5278 19.15 0
      vertex 13.1064 9.17722 0
      vertex 30.4593 19.2815 0
    endloop
  endfacet
  facet normal -0 0 -1
    outer loop
      vertex 30.4593 19.2815 0
      vertex 13.1064 9.17722 0
      vertex 30.4025 19.4186 0
    endloop
  endfacet
  facet normal 0 0 -1
    outer loop
      vertex 12.2567 10.2846 0
      vertex 30.4025 19.4186 0
      vertex 13.1064 9.17722 0
    endloop
  endfacet
  facet normal -0 0 -1
    outer loop
      vertex 30.4025 19.4186 0
      vertex 12.2567 10.2846 0
      vertex 30.3579 19.56 0
    endloop
  endfacet
  facet normal -0 0 -1
    outer loop
      vertex 30.3579 19.56 0
      vertex 12.2567 10.2846 0
      vertex 30.3258 19.7048 0
    endloop
  endfacet
  facet normal 0 0 -1
    outer loop
      vertex 11.3137 11.3137 0
      vertex 30.3258 19.7048 0
      vertex 12.2567 10.2846 0
    endloop
  endfacet
  facet normal -0 0 -1
    outer loop
      vertex 30.3258 19.7048 0
      vertex 11.3137 11.3137 0
      vertex 30.3065 19.8518 0
    endloop
  endfacet
  facet normal -0 0 -1
    outer loop
      vertex 30.3065 19.8518 0
      vertex 11.3137 11.3137 0
      vertex 30.3 20 0
    endloop
  endfacet
  facet normal 0 0 -1
    outer loop
      vertex 10.2846 12.2567 0
      vertex 30.3 20 0
      vertex 11.3137 11.3137 0
    endloop
  endfacet
  facet normal -0 0 -1
    outer loop
      vertex 30.3 20 0
      vertex 10.2846 12.2567 0
      vertex 30.3065 20.1482 0
    endloop
  endfacet
  facet normal -0 0 -1
    outer loop
      vertex 30.3065 20.1482 0
      vertex 10.2846 12.2567 0
      vertex 30.3258 20.2952 0
    endloop
  endfacet
  facet normal 0 0 -1
    outer loop
      vertex 9.17722 13.1064 0
      vertex 30.3258 20.2952 0
      vertex 10.2846 12.2567 0
    endloop
  endfacet
  facet normal -0 0 -1
    outer loop
      vertex 30.3258 20.2952 0
      vertex 9.17722 13.1064 0
      vertex 30.3579 20.44 0
    endloop
  endfacet
  facet normal -0 0 -1
    outer loop
      vertex 30.3579 20.44 0
      vertex 9.17722 13.1064 0
      vertex 30.4025 20.5814 0
    endloop
  endfacet
  facet normal 0 0 -1
    outer loop
      vertex 8 13.8564 0
      vertex 30.4025 20.5814 0
      vertex 9.17722 13.1064 0
    endloop
  endfacet
  facet normal -0 0 -1
    outer loop
      vertex 30.4025 20.5814 0
      vertex 8 13.8564 0
      vertex 30.4593 20.7185 0
    endloop
  endfacet
  facet normal -0 0 -1
    outer loop
      vertex 30.4593 20.7185 0
      vertex 8 13.8564 0
      vertex 30.5278 20.85 0
    endloop
  endfacet
  facet normal 0 0 -1
    outer loop
      vertex 6.76189 14.5009 0
      vertex 30.5278 20.85 0
      vertex 8 13.8564 0
    endloop
  endfacet
  facet normal 0 0 -1
    outer loop
      vertex 30.6977 21.0927 0
      vertex 6.76189 14.5009 0
      vertex 5.47232 15.0351 0
    endloop
  endfacet
  facet normal -0 0 -1
    outer loop
      vertex 30.6977 21.0927 0
      vertex 5.47232 15.0351 0
      vertex 35.5 30 0
    endloop
  endfacet
  facet normal 0 0 -1
    outer loop
      vertex 4.1411 15.4548 0
      vertex 35.5 30 0
      vertex 5.47232 15.0351 0
    endloop
  endfacet
  facet normal 0 0 -1
    outer loop
      vertex 2.77837 15.7569 0
      vertex 35.5 30 0
      vertex 4.1411 15.4548 0
    endloop
  endfacet
  facet normal 0 0 -1
    outer loop
      vertex 1.39449 15.9391 0
      vertex 35.5 30 0
      vertex 2.77837 15.7569 0
    endloop
  endfacet
  facet normal 0 0 -1
    outer loop
      vertex 0 16 0
      vertex 35.5 30 0
      vertex 1.39449 15.9391 0
    endloop
  endfacet
  facet normal 0 0 -1
    outer loop
      vertex -35.5 30 0
      vertex 0 16 0
      vertex -1.39449 15.9391 0
    endloop
  endfacet
  facet normal 0 0 -1
    outer loop
      vertex -35.5 30 0
      vertex -1.39449 15.9391 0
      vertex -2.77837 15.7569 0
    endloop
  endfacet
  facet normal 0 0 -1
    outer loop
      vertex -35.5 30 0
      vertex -2.77837 15.7569 0
      vertex -4.1411 15.4548 0
    endloop
  endfacet
  facet normal 0 0 -1
    outer loop
      vertex -35.5 30 0
      vertex -4.1411 15.4548 0
      vertex -5.47232 15.0351 0
    endloop
  endfacet
  facet normal 0 0 -1
    outer loop
      vertex -30.6074 -19.0249 0
      vertex -13.8564 -8 0
      vertex -30.5278 -19.15 0
    endloop
  endfacet
  facet normal 0 0 -1
    outer loop
      vertex -16 0 0
      vertex -30.3 20 0
      vertex -15.9391 1.39449 0
    endloop
  endfacet
  facet normal 0 0 -1
    outer loop
      vertex -15.9391 1.39449 0
      vertex -30.3 20 0
      vertex -15.7569 2.77837 0
    endloop
  endfacet
  facet normal 0 0 -1
    outer loop
      vertex -15.7569 2.77837 0
      vertex -30.3 20 0
      vertex -15.4548 4.1411 0
    endloop
  endfacet
  facet normal 0 0 -1
    outer loop
      vertex -15.4548 4.1411 0
      vertex -30.3 20 0
      vertex -15.0351 5.47232 0
    endloop
  endfacet
  facet normal 0 0 -1
    outer loop
      vertex -15.0351 5.47232 0
      vertex -30.3 20 0
      vertex -14.5009 6.76189 0
    endloop
  endfacet
  facet normal 0 0 -1
    outer loop
      vertex -14.5009 6.76189 0
      vertex -30.3 20 0
      vertex -13.8564 8 0
    endloop
  endfacet
  facet normal 0 0 -1
    outer loop
      vertex -30.3 20 0
      vertex -13.1064 9.17722 0
      vertex -13.8564 8 0
    endloop
  endfacet
  facet normal 0 0 -1
    outer loop
      vertex -30.3 20 0
      vertex -12.2567 10.2846 0
      vertex -13.1064 9.17722 0
    endloop
  endfacet
  facet normal 0 0 -1
    outer loop
      vertex -30.3 20 0
      vertex -11.3137 11.3137 0
      vertex -12.2567 10.2846 0
    endloop
  endfacet
  facet normal 0 0 -1
    outer loop
      vertex -30.3 20 0
      vertex -10.2846 12.2567 0
      vertex -11.3137 11.3137 0
    endloop
  endfacet
  facet normal 0 0 -1
    outer loop
      vertex -30.3065 20.1482 0
      vertex -10.2846 12.2567 0
      vertex -30.3 20 0
    endloop
  endfacet
  facet normal 0 0 -1
    outer loop
      vertex -30.3258 20.2952 0
      vertex -10.2846 12.2567 0
      vertex -30.3065 20.1482 0
    endloop
  endfacet
  facet normal 0 0 -1
    outer loop
      vertex -10.2846 12.2567 0
      vertex -30.3258 20.2952 0
      vertex -9.17722 13.1064 0
    endloop
  endfacet
  facet normal 0 0 -1
    outer loop
      vertex -30.3579 20.44 0
      vertex -9.17722 13.1064 0
      vertex -30.3258 20.2952 0
    endloop
  endfacet
  facet normal 0 0 -1
    outer loop
      vertex -30.4025 20.5814 0
      vertex -9.17722 13.1064 0
      vertex -30.3579 20.44 0
    endloop
  endfacet
  facet normal 0 0 -1
    outer loop
      vertex -9.17722 13.1064 0
      vertex -30.4025 20.5814 0
      vertex -8 13.8564 0
    endloop
  endfacet
  facet normal 0 0 -1
    outer loop
      vertex -30.4593 20.7185 0
      vertex -8 13.8564 0
      vertex -30.4025 20.5814 0
    endloop
  endfacet
  facet normal 0 0 -1
    outer loop
      vertex -30.5278 20.85 0
      vertex -8 13.8564 0
      vertex -30.4593 20.7185 0
    endloop
  endfacet
  facet normal 0 0 -1
    outer loop
      vertex -8 13.8564 0
      vertex -30.5278 20.85 0
      vertex -6.76189 14.5009 0
    endloop
  endfacet
  facet normal 0 0 -1
    outer loop
      vertex -30.6074 20.9751 0
      vertex -6.76189 14.5009 0
      vertex -30.5278 20.85 0
    endloop
  endfacet
  facet normal 0 0 -1
    outer loop
      vertex -30.6977 21.0927 0
      vertex -6.76189 14.5009 0
      vertex -30.6074 20.9751 0
    endloop
  endfacet
  facet normal 0 0 -1
    outer loop
      vertex -6.76189 14.5009 0
      vertex -30.6977 21.0927 0
      vertex -5.47232 15.0351 0
    endloop
  endfacet
  facet normal 0 0 -1
    outer loop
      vertex -5.47232 15.0351 0
      vertex -30.6977 21.0927 0
      vertex -35.5 30 0
    endloop
  endfacet
  facet normal 0 0 -1
    outer loop
      vertex -35.5 30 0
      vertex -30.6977 21.0927 0
      vertex -30.7979 21.2021 0
    endloop
  endfacet
  facet normal 0 0 -1
    outer loop
      vertex -35.5 30 0
      vertex -30.7979 21.2021 0
      vertex -30.9073 21.3023 0
    endloop
  endfacet
  facet normal 0 0 -1
    outer loop
      vertex -35.5 30 0
      vertex -30.9073 21.3023 0
      vertex -31.0249 21.3926 0
    endloop
  endfacet
  facet normal 0 0 -1
    outer loop
      vertex -35.5 30 0
      vertex -31.0249 21.3926 0
      vertex -31.15 21.4722 0
    endloop
  endfacet
  facet normal 0 0 -1
    outer loop
      vertex -35.5 30 0
      vertex -31.15 21.4722 0
      vertex -31.2815 21.5407 0
    endloop
  endfacet
  facet normal 0 0 -1
    outer loop
      vertex -35.5 30 0
      vertex -31.2815 21.5407 0
      vertex -31.4186 21.5975 0
    endloop
  endfacet
  facet normal 0 0 -1
    outer loop
      vertex -35.5 30 0
      vertex -31.4186 21.5975 0
      vertex -31.56 21.6421 0
    endloop
  endfacet
  facet normal 0 0 -1
    outer loop
      vertex -35.5 30 0
      vertex -31.56 21.6421 0
      vertex -31.7048 21.6742 0
    endloop
  endfacet
  facet normal 0 0 -1
    outer loop
      vertex -35.5 30 0
      vertex -31.7048 21.6742 0
      vertex -31.8518 21.6935 0
    endloop
  endfacet
  facet normal 0 0 -1
    outer loop
      vertex -35.5 30 0
      vertex -31.8518 21.6935 0
      vertex -32 21.7 0
    endloop
  endfacet
  facet normal 0 0 -1
    outer loop
      vertex -35.5 30 0
      vertex -32 21.7 0
      vertex -32.1482 21.6935 0
    endloop
  endfacet
  facet normal 0 0 -1
    outer loop
      vertex 0 16 0
      vertex -35.5 30 0
      vertex 35.5 30 0
    endloop
  endfacet
  facet normal 0 0 -1
    outer loop
      vertex -32.2952 21.6742 0
      vertex -35.5 30 0
      vertex -32.1482 21.6935 0
    endloop
  endfacet
  facet normal 0 0 -1
    outer loop
      vertex -32.44 21.6421 0
      vertex -35.5 30 0
      vertex -32.2952 21.6742 0
    endloop
  endfacet
  facet normal 0 0 -1
    outer loop
      vertex -32.5814 21.5975 0
      vertex -35.5 30 0
      vertex -32.44 21.6421 0
    endloop
  endfacet
  facet normal 0 0 -1
    outer loop
      vertex -32.7185 21.5407 0
      vertex -35.5 30 0
      vertex -32.5814 21.5975 0
    endloop
  endfacet
  facet normal 0 0 -1
    outer loop
      vertex -32.85 21.4722 0
      vertex -35.5 30 0
      vertex -32.7185 21.5407 0
    endloop
  endfacet
  facet normal 0 0 -1
    outer loop
      vertex -32.9751 21.3926 0
      vertex -35.5 30 0
      vertex -32.85 21.4722 0
    endloop
  endfacet
  facet normal 0 0 -1
    outer loop
      vertex -36.7155 29.8937 0
      vertex -32.9751 21.3926 0
      vertex -33.0927 21.3023 0
    endloop
  endfacet
  facet normal 0 0 -1
    outer loop
      vertex -38.4583 29.3442 0
      vertex -33.0927 21.3023 0
      vertex -33.2021 21.2021 0
    endloop
  endfacet
  facet normal 0 0 -1
    outer loop
      vertex -39.9995 28.3623 0
      vertex -33.2021 21.2021 0
      vertex -33.3023 21.0927 0
    endloop
  endfacet
  facet normal 0 0 -1
    outer loop
      vertex -41.5622 26.5 0
      vertex -33.3023 21.0927 0
      vertex -33.3926 20.9751 0
    endloop
  endfacet
  facet normal 0 0 -1
    outer loop
      vertex -42.2615 24.8117 0
      vertex -33.3926 20.9751 0
      vertex -33.4722 20.85 0
    endloop
  endfacet
  facet normal 0 0 -1
    outer loop
      vertex -42.5 23 0
      vertex -33.4722 20.85 0
      vertex -33.5407 20.7185 0
    endloop
  endfacet
  facet normal 0 0 -1
    outer loop
      vertex -42.5 23 0
      vertex -33.5407 20.7185 0
      vertex -33.5975 20.5814 0
    endloop
  endfacet
  facet normal 0 0 -1
    outer loop
      vertex -42.5 23 0
      vertex -33.5975 20.5814 0
      vertex -33.6421 20.44 0
    endloop
  endfacet
  facet normal 0 0 -1
    outer loop
      vertex -42.5 23 0
      vertex -33.6421 20.44 0
      vertex -33.6742 20.2952 0
    endloop
  endfacet
  facet normal 0 0 -1
    outer loop
      vertex -42.5 23 0
      vertex -33.6742 20.2952 0
      vertex -33.6935 20.1482 0
    endloop
  endfacet
  facet normal 0 0 -1
    outer loop
      vertex -42.5 23 0
      vertex -33.6935 20.1482 0
      vertex -33.7 20 0
    endloop
  endfacet
  facet normal 0 0 -1
    outer loop
      vertex -33.6742 19.7048 0
      vertex -42.5 23 0
      vertex -33.6935 19.8518 0
    endloop
  endfacet
  facet normal 0 0 -1
    outer loop
      vertex -40.8623 -27.4995 0
      vertex -33.3023 -21.0927 0
      vertex -40.4497 -27.9497 0
    endloop
  endfacet
  facet normal 0 0 -1
    outer loop
      vertex -33.6935 19.8518 0
      vertex -42.5 23 0
      vertex -33.7 20 0
    endloop
  endfacet
  facet normal 0 0 -1
    outer loop
      vertex -41.2341 -27.015 0
      vertex -33.3023 -21.0927 0
      vertex -40.8623 -27.4995 0
    endloop
  endfacet
  facet normal 0 0 -1
    outer loop
      vertex -33.4722 20.85 0
      vertex -42.5 23 0
      vertex -42.4734 23.6101 0
    endloop
  endfacet
  facet normal 0 0 -1
    outer loop
      vertex -41.5622 -26.5 0
      vertex -33.3023 -21.0927 0
      vertex -41.2341 -27.015 0
    endloop
  endfacet
  facet normal 0 0 -1
    outer loop
      vertex -32.9751 21.3926 0
      vertex -36.1101 29.9734 0
      vertex -35.5 30 0
    endloop
  endfacet
  facet normal -0 0 -1
    outer loop
      vertex -33.3023 -21.0927 0
      vertex -41.5622 -26.5 0
      vertex -33.3926 -20.9751 0
    endloop
  endfacet
  facet normal 0 0 -1
    outer loop
      vertex -32.9751 21.3926 0
      vertex -36.7155 29.8937 0
      vertex -36.1101 29.9734 0
    endloop
  endfacet
  facet normal 0 0 -1
    outer loop
      vertex -41.8442 -25.9583 0
      vertex -33.3926 -20.9751 0
      vertex -41.5622 -26.5 0
    endloop
  endfacet
  facet normal 0 0 -1
    outer loop
      vertex -33.0927 21.3023 0
      vertex -37.3117 29.7615 0
      vertex -36.7155 29.8937 0
    endloop
  endfacet
  facet normal 0 0 -1
    outer loop
      vertex -42.0778 -25.3941 0
      vertex -33.3926 -20.9751 0
      vertex -41.8442 -25.9583 0
    endloop
  endfacet
  facet normal 0 0 -1
    outer loop
      vertex -33.0927 21.3023 0
      vertex -37.8941 29.5778 0
      vertex -37.3117 29.7615 0
    endloop
  endfacet
  facet normal 0 0 -1
    outer loop
      vertex -42.2615 -24.8117 0
      vertex -33.3926 -20.9751 0
      vertex -42.0778 -25.3941 0
    endloop
  endfacet
  facet normal 0 0 -1
    outer loop
      vertex -33.0927 21.3023 0
      vertex -38.4583 29.3442 0
      vertex -37.8941 29.5778 0
    endloop
  endfacet
  facet normal -0 0 -1
    outer loop
      vertex -33.3926 -20.9751 0
      vertex -42.2615 -24.8117 0
      vertex -33.4722 -20.85 0
    endloop
  endfacet
  facet normal 0 0 -1
    outer loop
      vertex -33.2021 21.2021 0
      vertex -39 29.0622 0
      vertex -38.4583 29.3442 0
    endloop
  endfacet
  facet normal 0 0 -1
    outer loop
      vertex -42.3937 -24.2155 0
      vertex -33.4722 -20.85 0
      vertex -42.2615 -24.8117 0
    endloop
  endfacet
  facet normal 0 0 -1
    outer loop
      vertex -33.2021 21.2021 0
      vertex -39.515 28.7341 0
      vertex -39 29.0622 0
    endloop
  endfacet
  facet normal 0 0 -1
    outer loop
      vertex -42.4734 -23.6101 0
      vertex -33.4722 -20.85 0
      vertex -42.3937 -24.2155 0
    endloop
  endfacet
  facet normal 0 0 -1
    outer loop
      vertex -33.2021 21.2021 0
      vertex -39.9995 28.3623 0
      vertex -39.515 28.7341 0
    endloop
  endfacet
  facet normal 0 0 -1
    outer loop
      vertex -42.5 -23 0
      vertex -33.4722 -20.85 0
      vertex -42.4734 -23.6101 0
    endloop
  endfacet
  facet normal 0 0 -1
    outer loop
      vertex -33.3023 21.0927 0
      vertex -40.4497 27.9497 0
      vertex -39.9995 28.3623 0
    endloop
  endfacet
  facet normal -0 0 -1
    outer loop
      vertex -33.4722 -20.85 0
      vertex -42.5 -23 0
      vertex -33.5407 -20.7185 0
    endloop
  endfacet
  facet normal 0 0 -1
    outer loop
      vertex -33.3023 21.0927 0
      vertex -40.8623 27.4995 0
      vertex -40.4497 27.9497 0
    endloop
  endfacet
  facet normal -0 0 -1
    outer loop
      vertex -33.5407 -20.7185 0
      vertex -42.5 -23 0
      vertex -33.5975 -20.5814 0
    endloop
  endfacet
  facet normal 0 0 -1
    outer loop
      vertex -33.3023 21.0927 0
      vertex -41.2341 27.015 0
      vertex -40.8623 27.4995 0
    endloop
  endfacet
  facet normal -0 0 -1
    outer loop
      vertex -33.5975 -20.5814 0
      vertex -42.5 -23 0
      vertex -33.6421 -20.44 0
    endloop
  endfacet
  facet normal 0 0 -1
    outer loop
      vertex -33.3023 21.0927 0
      vertex -41.5622 26.5 0
      vertex -41.2341 27.015 0
    endloop
  endfacet
  facet normal -0 0 -1
    outer loop
      vertex -33.6421 -20.44 0
      vertex -42.5 -23 0
      vertex -33.6742 -20.2952 0
    endloop
  endfacet
  facet normal 0 0 -1
    outer loop
      vertex -33.3926 20.9751 0
      vertex -41.8442 25.9583 0
      vertex -41.5622 26.5 0
    endloop
  endfacet
  facet normal -0 0 -1
    outer loop
      vertex -33.6742 -20.2952 0
      vertex -42.5 -23 0
      vertex -33.6935 -20.1482 0
    endloop
  endfacet
  facet normal 0 0 -1
    outer loop
      vertex -33.3926 20.9751 0
      vertex -42.0778 25.3941 0
      vertex -41.8442 25.9583 0
    endloop
  endfacet
  facet normal -0 0 -1
    outer loop
      vertex -33.6935 -20.1482 0
      vertex -42.5 -23 0
      vertex -33.7 -20 0
    endloop
  endfacet
  facet normal 0 0 -1
    outer loop
      vertex -33.3926 20.9751 0
      vertex -42.2615 24.8117 0
      vertex -42.0778 25.3941 0
    endloop
  endfacet
  facet normal 0 0 -1
    outer loop
      vertex -33.4722 20.85 0
      vertex -42.3937 24.2155 0
      vertex -42.2615 24.8117 0
    endloop
  endfacet
  facet normal 0 0 -1
    outer loop
      vertex -33.4722 20.85 0
      vertex -42.4734 23.6101 0
      vertex -42.3937 24.2155 0
    endloop
  endfacet
  facet normal 0 0 1
    outer loop
      vertex 5 -13 0
      vertex 4.1411 -15.4548 0
      vertex 5 -15.184 0
    endloop
  endfacet
  facet normal 0 0 1
    outer loop
      vertex 5 -13 0
      vertex 2.77837 -15.7569 0
      vertex 4.1411 -15.4548 0
    endloop
  endfacet
  facet normal 0 0 1
    outer loop
      vertex 5 -13 0
      vertex 1.39449 -15.9391 0
      vertex 2.77837 -15.7569 0
    endloop
  endfacet
  facet normal 0 0 1
    outer loop
      vertex 5 -13 0
      vertex 0 -16 0
      vertex 1.39449 -15.9391 0
    endloop
  endfacet
  facet normal -0 0 1
    outer loop
      vertex -5 -13 0
      vertex 0 -16 0
      vertex 5 -13 0
    endloop
  endfacet
  facet normal 0 0 1
    outer loop
      vertex 0 -16 0
      vertex -5 -13 0
      vertex -1.39449 -15.9391 0
    endloop
  endfacet
  facet normal 0 0 1
    outer loop
      vertex -1.39449 -15.9391 0
      vertex -5 -13 0
      vertex -2.77837 -15.7569 0
    endloop
  endfacet
  facet normal 0 0 1
    outer loop
      vertex -2.77837 -15.7569 0
      vertex -5 -13 0
      vertex -4.1411 -15.4548 0
    endloop
  endfacet
  facet normal 0 0 1
    outer loop
      vertex -4.1411 -15.4548 0
      vertex -5 -13 0
      vertex -5 -15.184 0
    endloop
  endfacet
  facet normal 0 0 -1
    outer loop
      vertex 2.49049 -0.217889 0
      vertex 2.49049 0.217889 0
      vertex 2.5 0 0
    endloop
  endfacet
  facet normal 0 0 -1
    outer loop
      vertex 2.46202 -0.43412 0
      vertex 2.49049 0.217889 0
      vertex 2.49049 -0.217889 0
    endloop
  endfacet
  facet normal 0 0 -1
    outer loop
      vertex 2.46202 -0.43412 0
      vertex 2.46202 0.43412 0
      vertex 2.49049 0.217889 0
    endloop
  endfacet
  facet normal 0 0 -1
    outer loop
      vertex 2.41481 -0.647047 0
      vertex 2.46202 0.43412 0
      vertex 2.46202 -0.43412 0
    endloop
  endfacet
  facet normal 0 0 -1
    outer loop
      vertex 2.41481 -0.647047 0
      vertex 2.41481 0.647047 0
      vertex 2.46202 0.43412 0
    endloop
  endfacet
  facet normal 0 0 -1
    outer loop
      vertex 2.34923 -0.85505 0
      vertex 2.41481 0.647047 0
      vertex 2.41481 -0.647047 0
    endloop
  endfacet
  facet normal 0 0 -1
    outer loop
      vertex 2.34923 -0.85505 0
      vertex 2.34923 0.85505 0
      vertex 2.41481 0.647047 0
    endloop
  endfacet
  facet normal 0 0 -1
    outer loop
      vertex 2.26577 -1.05655 0
      vertex 2.34923 0.85505 0
      vertex 2.34923 -0.85505 0
    endloop
  endfacet
  facet normal 0 0 -1
    outer loop
      vertex 2.26577 -1.05655 0
      vertex 2.26577 1.05655 0
      vertex 2.34923 0.85505 0
    endloop
  endfacet
  facet normal 0 0 -1
    outer loop
      vertex 2.16506 -1.25 0
      vertex 2.26577 1.05655 0
      vertex 2.26577 -1.05655 0
    endloop
  endfacet
  facet normal 0 0 -1
    outer loop
      vertex 2.16506 -1.25 0
      vertex 2.16506 1.25 0
      vertex 2.26577 1.05655 0
    endloop
  endfacet
  facet normal 0 0 -1
    outer loop
      vertex 2.04788 -1.43394 0
      vertex 2.16506 1.25 0
      vertex 2.16506 -1.25 0
    endloop
  endfacet
  facet normal 0 0 -1
    outer loop
      vertex 2.04788 -1.43394 0
      vertex 2.04788 1.43394 0
      vertex 2.16506 1.25 0
    endloop
  endfacet
  facet normal 0 0 -1
    outer loop
      vertex 1.91511 -1.60697 0
      vertex 2.04788 1.43394 0
      vertex 2.04788 -1.43394 0
    endloop
  endfacet
  facet normal 0 0 -1
    outer loop
      vertex 1.91511 -1.60697 0
      vertex 1.91511 1.60697 0
      vertex 2.04788 1.43394 0
    endloop
  endfacet
  facet normal 0 0 -1
    outer loop
      vertex 1.76777 -1.76777 0
      vertex 1.91511 1.60697 0
      vertex 1.91511 -1.60697 0
    endloop
  endfacet
  facet normal 0 0 -1
    outer loop
      vertex 1.76777 -1.76777 0
      vertex 1.76777 1.76777 0
      vertex 1.91511 1.60697 0
    endloop
  endfacet
  facet normal 0 0 -1
    outer loop
      vertex 1.60697 -1.91511 0
      vertex 1.76777 1.76777 0
      vertex 1.76777 -1.76777 0
    endloop
  endfacet
  facet normal 0 0 -1
    outer loop
      vertex 1.60697 -1.91511 0
      vertex 1.60697 1.91511 0
      vertex 1.76777 1.76777 0
    endloop
  endfacet
  facet normal 0 0 -1
    outer loop
      vertex 1.43394 -2.04788 0
      vertex 1.60697 1.91511 0
      vertex 1.60697 -1.91511 0
    endloop
  endfacet
  facet normal 0 0 -1
    outer loop
      vertex 1.43394 -2.04788 0
      vertex 1.43394 2.04788 0
      vertex 1.60697 1.91511 0
    endloop
  endfacet
  facet normal 0 0 -1
    outer loop
      vertex 1.25 -2.16506 0
      vertex 1.43394 2.04788 0
      vertex 1.43394 -2.04788 0
    endloop
  endfacet
  facet normal 0 0 -1
    outer loop
      vertex 1.25 -2.16506 0
      vertex 1.25 2.16506 0
      vertex 1.43394 2.04788 0
    endloop
  endfacet
  facet normal 0 0 -1
    outer loop
      vertex 1.05655 -2.26577 0
      vertex 1.25 2.16506 0
      vertex 1.25 -2.16506 0
    endloop
  endfacet
  facet normal 0 0 -1
    outer loop
      vertex 1.05655 -2.26577 0
      vertex 1.05655 2.26577 0
      vertex 1.25 2.16506 0
    endloop
  endfacet
  facet normal 0 0 -1
    outer loop
      vertex 0.85505 -2.34923 0
      vertex 1.05655 2.26577 0
      vertex 1.05655 -2.26577 0
    endloop
  endfacet
  facet normal 0 0 -1
    outer loop
      vertex 0.85505 -2.34923 0
      vertex 0.85505 2.34923 0
      vertex 1.05655 2.26577 0
    endloop
  endfacet
  facet normal 0 0 -1
    outer loop
      vertex 0.647047 -2.41481 0
      vertex 0.85505 2.34923 0
      vertex 0.85505 -2.34923 0
    endloop
  endfacet
  facet normal 0 0 -1
    outer loop
      vertex 0.647047 -2.41481 0
      vertex 0.647047 2.41481 0
      vertex 0.85505 2.34923 0
    endloop
  endfacet
  facet normal 0 0 -1
    outer loop
      vertex 0.43412 -2.46202 0
      vertex 0.647047 2.41481 0
      vertex 0.647047 -2.41481 0
    endloop
  endfacet
  facet normal 0 0 -1
    outer loop
      vertex 0.43412 -2.46202 0
      vertex 0.43412 2.46202 0
      vertex 0.647047 2.41481 0
    endloop
  endfacet
  facet normal 0 0 -1
    outer loop
      vertex 0.217889 -2.49049 0
      vertex 0.43412 2.46202 0
      vertex 0.43412 -2.46202 0
    endloop
  endfacet
  facet normal 0 0 -1
    outer loop
      vertex 0.217889 -2.49049 0
      vertex 0.217889 2.49049 0
      vertex 0.43412 2.46202 0
    endloop
  endfacet
  facet normal 0 0 -1
    outer loop
      vertex 0 -2.5 0
      vertex 0.217889 2.49049 0
      vertex 0.217889 -2.49049 0
    endloop
  endfacet
  facet normal 0 0 -1
    outer loop
      vertex 0 -2.5 0
      vertex 0 2.5 0
      vertex 0.217889 2.49049 0
    endloop
  endfacet
  facet normal 0 0 -1
    outer loop
      vertex -0.217889 -2.49049 0
      vertex 0 2.5 0
      vertex 0 -2.5 0
    endloop
  endfacet
  facet normal 0 0 -1
    outer loop
      vertex -0.217889 -2.49049 0
      vertex -0.217889 2.49049 0
      vertex 0 2.5 0
    endloop
  endfacet
  facet normal 0 0 -1
    outer loop
      vertex -0.43412 -2.46202 0
      vertex -0.217889 2.49049 0
      vertex -0.217889 -2.49049 0
    endloop
  endfacet
  facet normal 0 0 -1
    outer loop
      vertex -0.43412 -2.46202 0
      vertex -0.43412 2.46202 0
      vertex -0.217889 2.49049 0
    endloop
  endfacet
  facet normal 0 0 -1
    outer loop
      vertex -0.647047 -2.41481 0
      vertex -0.43412 2.46202 0
      vertex -0.43412 -2.46202 0
    endloop
  endfacet
  facet normal 0 0 -1
    outer loop
      vertex -0.647047 -2.41481 0
      vertex -0.647047 2.41481 0
      vertex -0.43412 2.46202 0
    endloop
  endfacet
  facet normal 0 0 -1
    outer loop
      vertex -0.85505 -2.34923 0
      vertex -0.647047 2.41481 0
      vertex -0.647047 -2.41481 0
    endloop
  endfacet
  facet normal 0 0 -1
    outer loop
      vertex -0.85505 -2.34923 0
      vertex -0.85505 2.34923 0
      vertex -0.647047 2.41481 0
    endloop
  endfacet
  facet normal 0 0 -1
    outer loop
      vertex -1.05655 -2.26577 0
      vertex -0.85505 2.34923 0
      vertex -0.85505 -2.34923 0
    endloop
  endfacet
  facet normal 0 0 -1
    outer loop
      vertex -1.05655 -2.26577 0
      vertex -1.05655 2.26577 0
      vertex -0.85505 2.34923 0
    endloop
  endfacet
  facet normal 0 0 -1
    outer loop
      vertex -1.25 -2.16506 0
      vertex -1.05655 2.26577 0
      vertex -1.05655 -2.26577 0
    endloop
  endfacet
  facet normal 0 0 -1
    outer loop
      vertex -1.25 -2.16506 0
      vertex -1.25 2.16506 0
      vertex -1.05655 2.26577 0
    endloop
  endfacet
  facet normal 0 0 -1
    outer loop
      vertex -1.43394 -2.04788 0
      vertex -1.25 2.16506 0
      vertex -1.25 -2.16506 0
    endloop
  endfacet
  facet normal 0 0 -1
    outer loop
      vertex -1.43394 -2.04788 0
      vertex -1.43394 2.04788 0
      vertex -1.25 2.16506 0
    endloop
  endfacet
  facet normal 0 0 -1
    outer loop
      vertex -1.60697 -1.91511 0
      vertex -1.43394 2.04788 0
      vertex -1.43394 -2.04788 0
    endloop
  endfacet
  facet normal 0 0 -1
    outer loop
      vertex -1.60697 -1.91511 0
      vertex -1.60697 1.91511 0
      vertex -1.43394 2.04788 0
    endloop
  endfacet
  facet normal 0 0 -1
    outer loop
      vertex -1.76777 -1.76777 0
      vertex -1.60697 1.91511 0
      vertex -1.60697 -1.91511 0
    endloop
  endfacet
  facet normal 0 0 -1
    outer loop
      vertex -1.76777 -1.76777 0
      vertex -1.76777 1.76777 0
      vertex -1.60697 1.91511 0
    endloop
  endfacet
  facet normal 0 0 -1
    outer loop
      vertex -1.91511 -1.60697 0
      vertex -1.76777 1.76777 0
      vertex -1.76777 -1.76777 0
    endloop
  endfacet
  facet normal 0 0 -1
    outer loop
      vertex -1.91511 -1.60697 0
      vertex -1.91511 1.60697 0
      vertex -1.76777 1.76777 0
    endloop
  endfacet
  facet normal 0 0 -1
    outer loop
      vertex -2.04788 -1.43394 0
      vertex -1.91511 1.60697 0
      vertex -1.91511 -1.60697 0
    endloop
  endfacet
  facet normal 0 0 -1
    outer loop
      vertex -2.04788 -1.43394 0
      vertex -2.04788 1.43394 0
      vertex -1.91511 1.60697 0
    endloop
  endfacet
  facet normal 0 0 -1
    outer loop
      vertex -2.16506 -1.25 0
      vertex -2.04788 1.43394 0
      vertex -2.04788 -1.43394 0
    endloop
  endfacet
  facet normal 0 0 -1
    outer loop
      vertex -2.16506 -1.25 0
      vertex -2.16506 1.25 0
      vertex -2.04788 1.43394 0
    endloop
  endfacet
  facet normal 0 0 -1
    outer loop
      vertex -2.26577 -1.05655 0
      vertex -2.16506 1.25 0
      vertex -2.16506 -1.25 0
    endloop
  endfacet
  facet normal 0 0 -1
    outer loop
      vertex -2.26577 -1.05655 0
      vertex -2.26577 1.05655 0
      vertex -2.16506 1.25 0
    endloop
  endfacet
  facet normal 0 0 -1
    outer loop
      vertex -2.34923 -0.85505 0
      vertex -2.26577 1.05655 0
      vertex -2.26577 -1.05655 0
    endloop
  endfacet
  facet normal 0 0 -1
    outer loop
      vertex -2.34923 -0.85505 0
      vertex -2.34923 0.85505 0
      vertex -2.26577 1.05655 0
    endloop
  endfacet
  facet normal 0 0 -1
    outer loop
      vertex -2.41481 -0.647047 0
      vertex -2.34923 0.85505 0
      vertex -2.34923 -0.85505 0
    endloop
  endfacet
  facet normal 0 0 -1
    outer loop
      vertex -2.41481 -0.647047 0
      vertex -2.41481 0.647047 0
      vertex -2.34923 0.85505 0
    endloop
  endfacet
  facet normal 0 0 -1
    outer loop
      vertex -2.46202 -0.43412 0
      vertex -2.41481 0.647047 0
      vertex -2.41481 -0.647047 0
    endloop
  endfacet
  facet normal 0 0 -1
    outer loop
      vertex -2.46202 -0.43412 0
      vertex -2.46202 0.43412 0
      vertex -2.41481 0.647047 0
    endloop
  endfacet
  facet normal 0 0 -1
    outer loop
      vertex -2.49049 -0.217889 0
      vertex -2.46202 0.43412 0
      vertex -2.46202 -0.43412 0
    endloop
  endfacet
  facet normal 0 0 -1
    outer loop
      vertex -2.49049 -0.217889 0
      vertex -2.49049 0.217889 0
      vertex -2.46202 0.43412 0
    endloop
  endfacet
  facet normal 0 -0 -1
    outer loop
      vertex -2.49049 0.217889 0
      vertex -2.49049 -0.217889 0
      vertex -2.5 0 0
    endloop
  endfacet
  facet normal 0.953684 -0.30081 0
    outer loop
      vertex 42.0778 -25.3941 5
      vertex 42.2615 -24.8117 0
      vertex 42.2615 -24.8117 5
    endloop
  endfacet
  facet normal 0.953684 -0.30081 0
    outer loop
      vertex 42.2615 -24.8117 0
      vertex 42.0778 -25.3941 5
      vertex 42.0778 -25.3941 0
    endloop
  endfacet
  facet normal 0.923937 -0.382545 0
    outer loop
      vertex 41.8442 -25.9583 5
      vertex 42.0778 -25.3941 0
      vertex 42.0778 -25.3941 5
    endloop
  endfacet
  facet normal 0.923937 -0.382545 0
    outer loop
      vertex 42.0778 -25.3941 0
      vertex 41.8442 -25.9583 5
      vertex 41.8442 -25.9583 0
    endloop
  endfacet
  facet normal -0.67565 -0.737222 0
    outer loop
      vertex -40.4497 -27.9497 0
      vertex -39.9995 -28.3623 5
      vertex -40.4497 -27.9497 5
    endloop
  endfacet
  facet normal -0.67565 -0.737222 -0
    outer loop
      vertex -39.9995 -28.3623 5
      vertex -40.4497 -27.9497 0
      vertex -39.9995 -28.3623 0
    endloop
  endfacet
  facet normal 0.843385 0.53731 0
    outer loop
      vertex 41.5622 26.5 5
      vertex 41.2341 27.015 0
      vertex 41.2341 27.015 5
    endloop
  endfacet
  facet normal 0.843385 0.53731 0
    outer loop
      vertex 41.2341 27.015 0
      vertex 41.5622 26.5 5
      vertex 41.5622 26.5 0
    endloop
  endfacet
  facet normal -0.67565 0.737222 0
    outer loop
      vertex -39.9995 28.3623 0
      vertex -40.4497 27.9497 5
      vertex -39.9995 28.3623 5
    endloop
  endfacet
  facet normal -0.67565 0.737222 0
    outer loop
      vertex -40.4497 27.9497 5
      vertex -39.9995 28.3623 0
      vertex -40.4497 27.9497 0
    endloop
  endfacet
  facet normal 0.67565 -0.737222 0
    outer loop
      vertex 39.9995 -28.3623 0
      vertex 40.4497 -27.9497 5
      vertex 39.9995 -28.3623 5
    endloop
  endfacet
  facet normal 0.67565 -0.737222 0
    outer loop
      vertex 40.4497 -27.9497 5
      vertex 39.9995 -28.3623 0
      vertex 40.4497 -27.9497 0
    endloop
  endfacet
  facet normal -0.53731 -0.843385 0
    outer loop
      vertex -39.515 -28.7341 0
      vertex -39 -29.0622 5
      vertex -39.515 -28.7341 5
    endloop
  endfacet
  facet normal -0.53731 -0.843385 -0
    outer loop
      vertex -39 -29.0622 5
      vertex -39.515 -28.7341 0
      vertex -39 -29.0622 0
    endloop
  endfacet
  facet normal -0.976287 -0.21648 0
    outer loop
      vertex -42.2615 -24.8117 0
      vertex -42.3937 -24.2155 5
      vertex -42.3937 -24.2155 0
    endloop
  endfacet
  facet normal -0.976287 -0.21648 0
    outer loop
      vertex -42.3937 -24.2155 5
      vertex -42.2615 -24.8117 0
      vertex -42.2615 -24.8117 5
    endloop
  endfacet
  facet normal 0.991445 -0.130522 0
    outer loop
      vertex 42.3937 -24.2155 5
      vertex 42.4734 -23.6101 0
      vertex 42.4734 -23.6101 5
    endloop
  endfacet
  facet normal 0.991445 -0.130522 0
    outer loop
      vertex 42.4734 -23.6101 0
      vertex 42.3937 -24.2155 5
      vertex 42.3937 -24.2155 0
    endloop
  endfacet
  facet normal 0.999051 -0.043558 0
    outer loop
      vertex 42.4734 -23.6101 5
      vertex 42.5 -23 0
      vertex 42.5 -23 5
    endloop
  endfacet
  facet normal 0.999051 -0.043558 0
    outer loop
      vertex 42.5 -23 0
      vertex 42.4734 -23.6101 5
      vertex 42.4734 -23.6101 0
    endloop
  endfacet
  facet normal 0.79333 0.608792 0
    outer loop
      vertex 41.2341 27.015 5
      vertex 40.8623 27.4995 0
      vertex 40.8623 27.4995 5
    endloop
  endfacet
  facet normal 0.79333 0.608792 0
    outer loop
      vertex 40.8623 27.4995 0
      vertex 41.2341 27.015 5
      vertex 41.2341 27.015 0
    endloop
  endfacet
  facet normal -0.46176 -0.887005 0
    outer loop
      vertex -39 -29.0622 0
      vertex -38.4583 -29.3442 5
      vertex -39 -29.0622 5
    endloop
  endfacet
  facet normal -0.46176 -0.887005 -0
    outer loop
      vertex -38.4583 -29.3442 5
      vertex -39 -29.0622 0
      vertex -38.4583 -29.3442 0
    endloop
  endfacet
  facet normal -0.46176 0.887005 0
    outer loop
      vertex -38.4583 29.3442 0
      vertex -39 29.0622 5
      vertex -38.4583 29.3442 5
    endloop
  endfacet
  facet normal -0.46176 0.887005 0
    outer loop
      vertex -39 29.0622 5
      vertex -38.4583 29.3442 0
      vertex -39 29.0622 0
    endloop
  endfacet
  facet normal -0.999051 -0.043558 0
    outer loop
      vertex -42.4734 -23.6101 0
      vertex -42.5 -23 5
      vertex -42.5 -23 0
    endloop
  endfacet
  facet normal -0.999051 -0.043558 0
    outer loop
      vertex -42.5 -23 5
      vertex -42.4734 -23.6101 0
      vertex -42.4734 -23.6101 5
    endloop
  endfacet
  facet normal -0.923937 -0.382545 0
    outer loop
      vertex -41.8442 -25.9583 0
      vertex -42.0778 -25.3941 5
      vertex -42.0778 -25.3941 0
    endloop
  endfacet
  facet normal -0.923937 -0.382545 0
    outer loop
      vertex -42.0778 -25.3941 5
      vertex -41.8442 -25.9583 0
      vertex -41.8442 -25.9583 5
    endloop
  endfacet
  facet normal -0.737222 0.67565 0
    outer loop
      vertex -40.8623 27.4995 0
      vertex -40.4497 27.9497 5
      vertex -40.4497 27.9497 0
    endloop
  endfacet
  facet normal -0.737222 0.67565 0
    outer loop
      vertex -40.4497 27.9497 5
      vertex -40.8623 27.4995 0
      vertex -40.8623 27.4995 5
    endloop
  endfacet
  facet normal -0.043558 -0.999051 0
    outer loop
      vertex -36.1101 -29.9734 0
      vertex -35.5 -30 5
      vertex -36.1101 -29.9734 5
    endloop
  endfacet
  facet normal -0.043558 -0.999051 -0
    outer loop
      vertex -35.5 -30 5
      vertex -36.1101 -29.9734 0
      vertex -35.5 -30 0
    endloop
  endfacet
  facet normal 0.953684 0.30081 0
    outer loop
      vertex 42.2615 24.8117 5
      vertex 42.0778 25.3941 0
      vertex 42.0778 25.3941 5
    endloop
  endfacet
  facet normal 0.953684 0.30081 0
    outer loop
      vertex 42.0778 25.3941 0
      vertex 42.2615 24.8117 5
      vertex 42.2615 24.8117 0
    endloop
  endfacet
  facet normal 0 0 1
    outer loop
      vertex -42.5 -23 5
      vertex -30.1847 -2.64082 5
      vertex -30.3 0 5
    endloop
  endfacet
  facet normal 0 0 1
    outer loop
      vertex -30.3065 -19.8518 5
      vertex -29.8397 -5.26154 5
      vertex -30.1847 -2.64082 5
    endloop
  endfacet
  facet normal 0 0 1
    outer loop
      vertex -30.3065 -19.8518 5
      vertex -29.2676 -7.84222 5
      vertex -29.8397 -5.26154 5
    endloop
  endfacet
  facet normal 0 0 1
    outer loop
      vertex -30.3065 -19.8518 5
      vertex -28.4727 -10.3632 5
      vertex -29.2676 -7.84222 5
    endloop
  endfacet
  facet normal 0 0 1
    outer loop
      vertex -30.3065 -19.8518 5
      vertex -27.4611 -12.8053 5
      vertex -28.4727 -10.3632 5
    endloop
  endfacet
  facet normal 0 0 1
    outer loop
      vertex -30.3065 -19.8518 5
      vertex -26.2406 -15.15 5
      vertex -27.4611 -12.8053 5
    endloop
  endfacet
  facet normal 0 0 1
    outer loop
      vertex -30.3065 -19.8518 5
      vertex -24.8203 -17.3794 5
      vertex -26.2406 -15.15 5
    endloop
  endfacet
  facet normal 0 0 1
    outer loop
      vertex -30.3065 -20.1482 5
      vertex -24.8203 -17.3794 5
      vertex -30.3 -20 5
    endloop
  endfacet
  facet normal 0 0 1
    outer loop
      vertex -24.8203 -17.3794 5
      vertex -30.3065 -20.1482 5
      vertex -23.2111 -19.4765 5
    endloop
  endfacet
  facet normal 0 0 1
    outer loop
      vertex -30.3258 -20.2952 5
      vertex -23.2111 -19.4765 5
      vertex -30.3065 -20.1482 5
    endloop
  endfacet
  facet normal 0 0 1
    outer loop
      vertex -30.3579 -20.44 5
      vertex -23.2111 -19.4765 5
      vertex -30.3258 -20.2952 5
    endloop
  endfacet
  facet normal 0 0 1
    outer loop
      vertex -30.4025 -20.5814 5
      vertex -23.2111 -19.4765 5
      vertex -30.3579 -20.44 5
    endloop
  endfacet
  facet normal 0 0 1
    outer loop
      vertex -30.4593 -20.7185 5
      vertex -23.2111 -19.4765 5
      vertex -30.4025 -20.5814 5
    endloop
  endfacet
  facet normal 0 0 1
    outer loop
      vertex -30.5278 -20.85 5
      vertex -23.2111 -19.4765 5
      vertex -30.4593 -20.7185 5
    endloop
  endfacet
  facet normal 0 0 1
    outer loop
      vertex -30.6074 -20.9751 5
      vertex -23.2111 -19.4765 5
      vertex -30.5278 -20.85 5
    endloop
  endfacet
  facet normal 0 0 1
    outer loop
      vertex -23.2111 -19.4765 5
      vertex -30.6074 -20.9751 5
      vertex -21.4253 -21.4253 5
    endloop
  endfacet
  facet normal -0 0 1
    outer loop
      vertex -30.6977 -21.0927 5
      vertex -21.4253 -21.4253 5
      vertex -30.6074 -20.9751 5
    endloop
  endfacet
  facet normal -0 0 1
    outer loop
      vertex -30.7979 -21.2021 5
      vertex -21.4253 -21.4253 5
      vertex -30.6977 -21.0927 5
    endloop
  endfacet
  facet normal -0 0 1
    outer loop
      vertex -30.9073 -21.3023 5
      vertex -21.4253 -21.4253 5
      vertex -30.7979 -21.2021 5
    endloop
  endfacet
  facet normal -0 0 1
    outer loop
      vertex -31.0249 -21.3926 5
      vertex -21.4253 -21.4253 5
      vertex -30.9073 -21.3023 5
    endloop
  endfacet
  facet normal 0 0 1
    outer loop
      vertex -21.4253 -21.4253 5
      vertex -31.0249 -21.3926 5
      vertex -19.4765 -23.2111 5
    endloop
  endfacet
  facet normal -0 0 1
    outer loop
      vertex -31.15 -21.4722 5
      vertex -19.4765 -23.2111 5
      vertex -31.0249 -21.3926 5
    endloop
  endfacet
  facet normal 0 0 1
    outer loop
      vertex -19.4765 -23.2111 5
      vertex -35.5 -30 5
      vertex -17.3794 -24.8203 5
    endloop
  endfacet
  facet normal 0 0 1
    outer loop
      vertex -15.15 -26.2406 5
      vertex -35.5 -30 5
      vertex -12.8053 -27.4611 5
    endloop
  endfacet
  facet normal 0 0 1
    outer loop
      vertex -17.3794 -24.8203 5
      vertex -35.5 -30 5
      vertex -15.15 -26.2406 5
    endloop
  endfacet
  facet normal 0 0 1
    outer loop
      vertex -19.4765 -23.2111 5
      vertex -31.15 -21.4722 5
      vertex -35.5 -30 5
    endloop
  endfacet
  facet normal 0 0 1
    outer loop
      vertex -35.5 -30 5
      vertex -31.15 -21.4722 5
      vertex -31.2815 -21.5407 5
    endloop
  endfacet
  facet normal 0 0 1
    outer loop
      vertex -35.5 -30 5
      vertex -31.2815 -21.5407 5
      vertex -31.4186 -21.5975 5
    endloop
  endfacet
  facet normal 0 0 1
    outer loop
      vertex -35.5 -30 5
      vertex -31.4186 -21.5975 5
      vertex -31.56 -21.6421 5
    endloop
  endfacet
  facet normal 0 0 1
    outer loop
      vertex -35.5 -30 5
      vertex -31.56 -21.6421 5
      vertex -31.7048 -21.6742 5
    endloop
  endfacet
  facet normal 0 0 1
    outer loop
      vertex -35.5 -30 5
      vertex -31.7048 -21.6742 5
      vertex -31.8518 -21.6935 5
    endloop
  endfacet
  facet normal 0 0 1
    outer loop
      vertex -35.5 -30 5
      vertex -31.8518 -21.6935 5
      vertex -32 -21.7 5
    endloop
  endfacet
  facet normal 0 0 1
    outer loop
      vertex -12.8053 -27.4611 5
      vertex -35.5 -30 5
      vertex -10.3632 -28.4727 5
    endloop
  endfacet
  facet normal 0 0 1
    outer loop
      vertex -35.5 -30 5
      vertex -32 -21.7 5
      vertex -32.1482 -21.6935 5
    endloop
  endfacet
  facet normal 0 0 1
    outer loop
      vertex -35.5 -30 5
      vertex -32.1482 -21.6935 5
      vertex -32.2952 -21.6742 5
    endloop
  endfacet
  facet normal 0 0 1
    outer loop
      vertex -35.5 -30 5
      vertex -32.2952 -21.6742 5
      vertex -32.44 -21.6421 5
    endloop
  endfacet
  facet normal 0 0 1
    outer loop
      vertex -5.26154 -29.8397 5
      vertex -35.5 -30 5
      vertex -4.04374 -30 5
    endloop
  endfacet
  facet normal 0 0 1
    outer loop
      vertex -7.84222 -29.2676 5
      vertex -35.5 -30 5
      vertex -5.26154 -29.8397 5
    endloop
  endfacet
  facet normal 0 0 1
    outer loop
      vertex -10.3632 -28.4727 5
      vertex -35.5 -30 5
      vertex -7.84222 -29.2676 5
    endloop
  endfacet
  facet normal 0 0 1
    outer loop
      vertex -32.5814 -21.5975 5
      vertex -35.5 -30 5
      vertex -32.44 -21.6421 5
    endloop
  endfacet
  facet normal 0 0 1
    outer loop
      vertex -32.7185 -21.5407 5
      vertex -35.5 -30 5
      vertex -32.5814 -21.5975 5
    endloop
  endfacet
  facet normal 0 0 1
    outer loop
      vertex -32.85 -21.4722 5
      vertex -35.5 -30 5
      vertex -32.7185 -21.5407 5
    endloop
  endfacet
  facet normal 0 0 1
    outer loop
      vertex -32.9751 -21.3926 5
      vertex -35.5 -30 5
      vertex -32.85 -21.4722 5
    endloop
  endfacet
  facet normal 0 0 1
    outer loop
      vertex -33.0927 -21.3023 5
      vertex -35.5 -30 5
      vertex -32.9751 -21.3926 5
    endloop
  endfacet
  facet normal 0 0 1
    outer loop
      vertex -33.2021 -21.2021 5
      vertex -35.5 -30 5
      vertex -33.0927 -21.3023 5
    endloop
  endfacet
  facet normal 0 0 1
    outer loop
      vertex -33.3023 -21.0927 5
      vertex -35.5 -30 5
      vertex -33.2021 -21.2021 5
    endloop
  endfacet
  facet normal 0 0 1
    outer loop
      vertex -33.3926 -20.9751 5
      vertex -35.5 -30 5
      vertex -33.3023 -21.0927 5
    endloop
  endfacet
  facet normal 0 0 1
    outer loop
      vertex -33.4722 -20.85 5
      vertex -35.5 -30 5
      vertex -33.3926 -20.9751 5
    endloop
  endfacet
  facet normal 0 0 1
    outer loop
      vertex -33.5407 -20.7185 5
      vertex -35.5 -30 5
      vertex -33.4722 -20.85 5
    endloop
  endfacet
  facet normal 0 0 1
    outer loop
      vertex -33.5975 -20.5814 5
      vertex -35.5 -30 5
      vertex -33.5407 -20.7185 5
    endloop
  endfacet
  facet normal 0 0 1
    outer loop
      vertex -33.6421 -20.44 5
      vertex -35.5 -30 5
      vertex -33.5975 -20.5814 5
    endloop
  endfacet
  facet normal 0 0 1
    outer loop
      vertex -33.6742 -20.2952 5
      vertex -35.5 -30 5
      vertex -33.6421 -20.44 5
    endloop
  endfacet
  facet normal 0 0 1
    outer loop
      vertex -33.6935 -20.1482 5
      vertex -35.5 -30 5
      vertex -33.6742 -20.2952 5
    endloop
  endfacet
  facet normal 0 0 1
    outer loop
      vertex -33.7 -20 5
      vertex -35.5 -30 5
      vertex -33.6935 -20.1482 5
    endloop
  endfacet
  facet normal 0 0 1
    outer loop
      vertex -33.6935 -19.8518 5
      vertex -35.5 -30 5
      vertex -33.7 -20 5
    endloop
  endfacet
  facet normal 0 0 1
    outer loop
      vertex -42.5 23 5
      vertex -35.5 30 5
      vertex -36.1101 29.9734 5
    endloop
  endfacet
  facet normal 0 0 1
    outer loop
      vertex -33.6742 -19.7048 5
      vertex -42.5 -23 5
      vertex -33.6935 -19.8518 5
    endloop
  endfacet
  facet normal 0 0 1
    outer loop
      vertex -42.5 23 5
      vertex -36.1101 29.9734 5
      vertex -36.7155 29.8937 5
    endloop
  endfacet
  facet normal 0 -0 1
    outer loop
      vertex -42.4734 -23.6101 5
      vertex -33.6935 -19.8518 5
      vertex -42.5 -23 5
    endloop
  endfacet
  facet normal 0 0 1
    outer loop
      vertex -42.5 23 5
      vertex -36.7155 29.8937 5
      vertex -37.3117 29.7615 5
    endloop
  endfacet
  facet normal 0 0 1
    outer loop
      vertex -33.6935 -19.8518 5
      vertex -36.1101 -29.9734 5
      vertex -35.5 -30 5
    endloop
  endfacet
  facet normal 0 0 1
    outer loop
      vertex -42.5 23 5
      vertex -37.3117 29.7615 5
      vertex -37.8941 29.5778 5
    endloop
  endfacet
  facet normal 0 0 1
    outer loop
      vertex -33.6935 -19.8518 5
      vertex -36.7155 -29.8937 5
      vertex -36.1101 -29.9734 5
    endloop
  endfacet
  facet normal 0 0 1
    outer loop
      vertex -42.5 23 5
      vertex -37.8941 29.5778 5
      vertex -38.4583 29.3442 5
    endloop
  endfacet
  facet normal 0 0 1
    outer loop
      vertex -33.6935 -19.8518 5
      vertex -37.3117 -29.7615 5
      vertex -36.7155 -29.8937 5
    endloop
  endfacet
  facet normal 0 0 1
    outer loop
      vertex -42.5 23 5
      vertex -38.4583 29.3442 5
      vertex -39 29.0622 5
    endloop
  endfacet
  facet normal 0 0 1
    outer loop
      vertex -33.6935 -19.8518 5
      vertex -37.8941 -29.5778 5
      vertex -37.3117 -29.7615 5
    endloop
  endfacet
  facet normal 0 0 1
    outer loop
      vertex -42.5 23 5
      vertex -39 29.0622 5
      vertex -39.515 28.7341 5
    endloop
  endfacet
  facet normal 0 0 1
    outer loop
      vertex -33.6935 -19.8518 5
      vertex -38.4583 -29.3442 5
      vertex -37.8941 -29.5778 5
    endloop
  endfacet
  facet normal 0 0 1
    outer loop
      vertex -42.5 23 5
      vertex -39.515 28.7341 5
      vertex -39.9995 28.3623 5
    endloop
  endfacet
  facet normal 0 0 1
    outer loop
      vertex -33.6935 -19.8518 5
      vertex -39 -29.0622 5
      vertex -38.4583 -29.3442 5
    endloop
  endfacet
  facet normal 0 0 1
    outer loop
      vertex -42.5 23 5
      vertex -39.9995 28.3623 5
      vertex -40.4497 27.9497 5
    endloop
  endfacet
  facet normal 0 0 1
    outer loop
      vertex -33.6935 -19.8518 5
      vertex -39.515 -28.7341 5
      vertex -39 -29.0622 5
    endloop
  endfacet
  facet normal 0 0 1
    outer loop
      vertex -42.5 23 5
      vertex -40.4497 27.9497 5
      vertex -40.8623 27.4995 5
    endloop
  endfacet
  facet normal 0 0 1
    outer loop
      vertex -33.6935 -19.8518 5
      vertex -39.9995 -28.3623 5
      vertex -39.515 -28.7341 5
    endloop
  endfacet
  facet normal 0 0 1
    outer loop
      vertex -42.5 23 5
      vertex -40.8623 27.4995 5
      vertex -41.2341 27.015 5
    endloop
  endfacet
  facet normal 0 0 1
    outer loop
      vertex -33.6935 -19.8518 5
      vertex -40.4497 -27.9497 5
      vertex -39.9995 -28.3623 5
    endloop
  endfacet
  facet normal 0 0 1
    outer loop
      vertex -42.5 23 5
      vertex -41.2341 27.015 5
      vertex -41.5622 26.5 5
    endloop
  endfacet
  facet normal 0 0 1
    outer loop
      vertex -33.6935 -19.8518 5
      vertex -40.8623 -27.4995 5
      vertex -40.4497 -27.9497 5
    endloop
  endfacet
  facet normal 0 0 1
    outer loop
      vertex -42.5 23 5
      vertex -41.5622 26.5 5
      vertex -41.8442 25.9583 5
    endloop
  endfacet
  facet normal 0 0 1
    outer loop
      vertex -33.6935 -19.8518 5
      vertex -41.2341 -27.015 5
      vertex -40.8623 -27.4995 5
    endloop
  endfacet
  facet normal 0 0 1
    outer loop
      vertex -42.5 23 5
      vertex -41.8442 25.9583 5
      vertex -42.0778 25.3941 5
    endloop
  endfacet
  facet normal 0 0 1
    outer loop
      vertex -33.6935 -19.8518 5
      vertex -41.5622 -26.5 5
      vertex -41.2341 -27.015 5
    endloop
  endfacet
  facet normal 0 0 1
    outer loop
      vertex -42.5 23 5
      vertex -42.0778 25.3941 5
      vertex -42.2615 24.8117 5
    endloop
  endfacet
  facet normal 0 0 1
    outer loop
      vertex -33.6935 -19.8518 5
      vertex -41.8442 -25.9583 5
      vertex -41.5622 -26.5 5
    endloop
  endfacet
  facet normal 0 0 1
    outer loop
      vertex -42.5 23 5
      vertex -42.2615 24.8117 5
      vertex -42.3937 24.2155 5
    endloop
  endfacet
  facet normal 0 0 1
    outer loop
      vertex -33.6935 -19.8518 5
      vertex -42.0778 -25.3941 5
      vertex -41.8442 -25.9583 5
    endloop
  endfacet
  facet normal 0 0 1
    outer loop
      vertex -42.5 23 5
      vertex -42.3937 24.2155 5
      vertex -42.4734 23.6101 5
    endloop
  endfacet
  facet normal 0 0 1
    outer loop
      vertex -33.6935 -19.8518 5
      vertex -42.2615 -24.8117 5
      vertex -42.0778 -25.3941 5
    endloop
  endfacet
  facet normal 0 0 1
    outer loop
      vertex -33.6935 -19.8518 5
      vertex -42.3937 -24.2155 5
      vertex -42.2615 -24.8117 5
    endloop
  endfacet
  facet normal 0 0 1
    outer loop
      vertex -33.6935 -19.8518 5
      vertex -42.4734 -23.6101 5
      vertex -42.3937 -24.2155 5
    endloop
  endfacet
  facet normal -0 0 1
    outer loop
      vertex -30.5278 19.15 5
      vertex -24.8203 17.3794 5
      vertex -30.4593 19.2815 5
    endloop
  endfacet
  facet normal -0 0 1
    outer loop
      vertex -30.4593 19.2815 5
      vertex -24.8203 17.3794 5
      vertex -30.4025 19.4186 5
    endloop
  endfacet
  facet normal -0 0 1
    outer loop
      vertex -30.4025 19.4186 5
      vertex -24.8203 17.3794 5
      vertex -30.3579 19.56 5
    endloop
  endfacet
  facet normal -0 0 1
    outer loop
      vertex -30.3579 19.56 5
      vertex -24.8203 17.3794 5
      vertex -30.3258 19.7048 5
    endloop
  endfacet
  facet normal -0 0 1
    outer loop
      vertex -30.3258 19.7048 5
      vertex -24.8203 17.3794 5
      vertex -30.3065 19.8518 5
    endloop
  endfacet
  facet normal -0 0 1
    outer loop
      vertex -30.3065 19.8518 5
      vertex -24.8203 17.3794 5
      vertex -30.3 20 5
    endloop
  endfacet
  facet normal 0 0 1
    outer loop
      vertex -30.3065 20.1482 5
      vertex -24.8203 17.3794 5
      vertex -23.2111 19.4765 5
    endloop
  endfacet
  facet normal -0 0 1
    outer loop
      vertex -30.6074 20.9751 5
      vertex -23.2111 19.4765 5
      vertex -21.4253 21.4253 5
    endloop
  endfacet
  facet normal 0 0 1
    outer loop
      vertex -31.0249 21.3926 5
      vertex -21.4253 21.4253 5
      vertex -19.4765 23.2111 5
    endloop
  endfacet
  facet normal 0 0 1
    outer loop
      vertex -35.5 30 5
      vertex -19.4765 23.2111 5
      vertex -17.3794 24.8203 5
    endloop
  endfacet
  facet normal 0 0 1
    outer loop
      vertex -35.5 30 5
      vertex -17.3794 24.8203 5
      vertex -15.15 26.2406 5
    endloop
  endfacet
  facet normal 0 0 1
    outer loop
      vertex -35.5 30 5
      vertex -15.15 26.2406 5
      vertex -12.8053 27.4611 5
    endloop
  endfacet
  facet normal 0 0 1
    outer loop
      vertex -24.8203 17.3794 5
      vertex -30.3065 20.1482 5
      vertex -30.3 20 5
    endloop
  endfacet
  facet normal 0 0 1
    outer loop
      vertex -23.2111 19.4765 5
      vertex -30.3258 20.2952 5
      vertex -30.3065 20.1482 5
    endloop
  endfacet
  facet normal 0 0 1
    outer loop
      vertex -35.5 30 5
      vertex -12.8053 27.4611 5
      vertex -10.3632 28.4727 5
    endloop
  endfacet
  facet normal 0 0 1
    outer loop
      vertex -23.2111 19.4765 5
      vertex -30.3579 20.44 5
      vertex -30.3258 20.2952 5
    endloop
  endfacet
  facet normal 0 0 1
    outer loop
      vertex -23.2111 19.4765 5
      vertex -30.4025 20.5814 5
      vertex -30.3579 20.44 5
    endloop
  endfacet
  facet normal 0 0 1
    outer loop
      vertex -23.2111 19.4765 5
      vertex -30.4593 20.7185 5
      vertex -30.4025 20.5814 5
    endloop
  endfacet
  facet normal 0 0 1
    outer loop
      vertex -23.2111 19.4765 5
      vertex -30.5278 20.85 5
      vertex -30.4593 20.7185 5
    endloop
  endfacet
  facet normal 0 0 1
    outer loop
      vertex -23.2111 19.4765 5
      vertex -30.6074 20.9751 5
      vertex -30.5278 20.85 5
    endloop
  endfacet
  facet normal 0 0 1
    outer loop
      vertex -21.4253 21.4253 5
      vertex -30.6977 21.0927 5
      vertex -30.6074 20.9751 5
    endloop
  endfacet
  facet normal 0 0 1
    outer loop
      vertex -21.4253 21.4253 5
      vertex -30.7979 21.2021 5
      vertex -30.6977 21.0927 5
    endloop
  endfacet
  facet normal 0 0 1
    outer loop
      vertex -21.4253 21.4253 5
      vertex -30.9073 21.3023 5
      vertex -30.7979 21.2021 5
    endloop
  endfacet
  facet normal 0 -0 1
    outer loop
      vertex -31.15 21.4722 5
      vertex -19.4765 23.2111 5
      vertex -35.5 30 5
    endloop
  endfacet
  facet normal 0 0 1
    outer loop
      vertex -21.4253 21.4253 5
      vertex -31.0249 21.3926 5
      vertex -30.9073 21.3023 5
    endloop
  endfacet
  facet normal 0 0 1
    outer loop
      vertex -19.4765 23.2111 5
      vertex -31.15 21.4722 5
      vertex -31.0249 21.3926 5
    endloop
  endfacet
  facet normal 0 0 1
    outer loop
      vertex -31.15 21.4722 5
      vertex -35.5 30 5
      vertex -31.2815 21.5407 5
    endloop
  endfacet
  facet normal 0 0 1
    outer loop
      vertex -31.2815 21.5407 5
      vertex -35.5 30 5
      vertex -31.4186 21.5975 5
    endloop
  endfacet
  facet normal 0 0 1
    outer loop
      vertex -31.4186 21.5975 5
      vertex -35.5 30 5
      vertex -31.56 21.6421 5
    endloop
  endfacet
  facet normal 0 0 1
    outer loop
      vertex -31.56 21.6421 5
      vertex -35.5 30 5
      vertex -31.7048 21.6742 5
    endloop
  endfacet
  facet normal 0 0 1
    outer loop
      vertex -31.7048 21.6742 5
      vertex -35.5 30 5
      vertex -31.8518 21.6935 5
    endloop
  endfacet
  facet normal 0 0 1
    outer loop
      vertex -35.5 30 5
      vertex -10.3632 28.4727 5
      vertex -7.84222 29.2676 5
    endloop
  endfacet
  facet normal 0 0 1
    outer loop
      vertex -31.8518 21.6935 5
      vertex -35.5 30 5
      vertex -32 21.7 5
    endloop
  endfacet
  facet normal 0 0 1
    outer loop
      vertex -32 21.7 5
      vertex -35.5 30 5
      vertex -32.1482 21.6935 5
    endloop
  endfacet
  facet normal 0 0 1
    outer loop
      vertex -32.1482 21.6935 5
      vertex -35.5 30 5
      vertex -32.2952 21.6742 5
    endloop
  endfacet
  facet normal 0 0 1
    outer loop
      vertex -33.6421 -19.56 5
      vertex -42.5 -23 5
      vertex -33.6742 -19.7048 5
    endloop
  endfacet
  facet normal 0 0 1
    outer loop
      vertex -33.6742 20.2952 5
      vertex -42.5 23 5
      vertex -33.6935 20.1482 5
    endloop
  endfacet
  facet normal 0 0 1
    outer loop
      vertex -33.6421 20.44 5
      vertex -42.5 23 5
      vertex -33.6742 20.2952 5
    endloop
  endfacet
  facet normal 0 0 1
    outer loop
      vertex -33.5975 20.5814 5
      vertex -42.5 23 5
      vertex -33.6421 20.44 5
    endloop
  endfacet
  facet normal 0 0 1
    outer loop
      vertex -33.5407 20.7185 5
      vertex -42.5 23 5
      vertex -33.5975 20.5814 5
    endloop
  endfacet
  facet normal 0 0 1
    outer loop
      vertex -33.4722 20.85 5
      vertex -42.5 23 5
      vertex -33.5407 20.7185 5
    endloop
  endfacet
  facet normal 0 0 1
    outer loop
      vertex -33.3926 20.9751 5
      vertex -42.5 23 5
      vertex -33.4722 20.85 5
    endloop
  endfacet
  facet normal 0 0 1
    outer loop
      vertex -33.3023 21.0927 5
      vertex -42.5 23 5
      vertex -33.3926 20.9751 5
    endloop
  endfacet
  facet normal -0 0 1
    outer loop
      vertex -42.5 23 5
      vertex -33.3023 21.0927 5
      vertex -35.5 30 5
    endloop
  endfacet
  facet normal 0 0 1
    outer loop
      vertex -33.2021 21.2021 5
      vertex -35.5 30 5
      vertex -33.3023 21.0927 5
    endloop
  endfacet
  facet normal 0 0 1
    outer loop
      vertex -33.0927 21.3023 5
      vertex -35.5 30 5
      vertex -33.2021 21.2021 5
    endloop
  endfacet
  facet normal 0 0 1
    outer loop
      vertex -32.9751 21.3926 5
      vertex -35.5 30 5
      vertex -33.0927 21.3023 5
    endloop
  endfacet
  facet normal 0 0 1
    outer loop
      vertex -32.85 21.4722 5
      vertex -35.5 30 5
      vertex -32.9751 21.3926 5
    endloop
  endfacet
  facet normal 0 0 1
    outer loop
      vertex -32.7185 21.5407 5
      vertex -35.5 30 5
      vertex -32.85 21.4722 5
    endloop
  endfacet
  facet normal 0 0 1
    outer loop
      vertex -32.5814 21.5975 5
      vertex -35.5 30 5
      vertex -32.7185 21.5407 5
    endloop
  endfacet
  facet normal 0 0 1
    outer loop
      vertex -32.44 21.6421 5
      vertex -35.5 30 5
      vertex -32.5814 21.5975 5
    endloop
  endfacet
  facet normal 0 0 1
    outer loop
      vertex -32.2952 21.6742 5
      vertex -35.5 30 5
      vertex -32.44 21.6421 5
    endloop
  endfacet
  facet normal 0 0 1
    outer loop
      vertex -5.26154 29.8397 5
      vertex -35.5 30 5
      vertex -7.84222 29.2676 5
    endloop
  endfacet
  facet normal -0 0 1
    outer loop
      vertex -35.5 30 5
      vertex -5.26154 29.8397 5
      vertex -4.04374 30 5
    endloop
  endfacet
  facet normal 0 0 1
    outer loop
      vertex -24.8203 17.3794 5
      vertex -30.5278 19.15 5
      vertex -26.2406 15.15 5
    endloop
  endfacet
  facet normal -0 0 1
    outer loop
      vertex -30.6074 19.0249 5
      vertex -26.2406 15.15 5
      vertex -30.5278 19.15 5
    endloop
  endfacet
  facet normal -0 0 1
    outer loop
      vertex -30.6977 18.9073 5
      vertex -26.2406 15.15 5
      vertex -30.6074 19.0249 5
    endloop
  endfacet
  facet normal 0 0 1
    outer loop
      vertex -24.8203 -17.3794 5
      vertex -30.3065 -19.8518 5
      vertex -30.3 -20 5
    endloop
  endfacet
  facet normal -0 0 1
    outer loop
      vertex -30.7979 18.7979 5
      vertex -26.2406 15.15 5
      vertex -30.6977 18.9073 5
    endloop
  endfacet
  facet normal 0 0 1
    outer loop
      vertex -30.1847 -2.64082 5
      vertex -30.3258 -19.7048 5
      vertex -30.3065 -19.8518 5
    endloop
  endfacet
  facet normal -0 0 1
    outer loop
      vertex -30.9073 18.6977 5
      vertex -26.2406 15.15 5
      vertex -30.7979 18.7979 5
    endloop
  endfacet
  facet normal 0 0 1
    outer loop
      vertex -30.1847 -2.64082 5
      vertex -30.3579 -19.56 5
      vertex -30.3258 -19.7048 5
    endloop
  endfacet
  facet normal -0 0 1
    outer loop
      vertex -31.0249 18.6074 5
      vertex -26.2406 15.15 5
      vertex -30.9073 18.6977 5
    endloop
  endfacet
  facet normal 0 0 1
    outer loop
      vertex -30.1847 -2.64082 5
      vertex -30.4025 -19.4186 5
      vertex -30.3579 -19.56 5
    endloop
  endfacet
  facet normal -0 0 1
    outer loop
      vertex -31.15 18.5278 5
      vertex -26.2406 15.15 5
      vertex -31.0249 18.6074 5
    endloop
  endfacet
  facet normal 0 0 1
    outer loop
      vertex -30.1847 -2.64082 5
      vertex -30.4593 -19.2815 5
      vertex -30.4025 -19.4186 5
    endloop
  endfacet
  facet normal 0 0 1
    outer loop
      vertex -26.2406 15.15 5
      vertex -31.15 18.5278 5
      vertex -27.4611 12.8053 5
    endloop
  endfacet
  facet normal 0 0 1
    outer loop
      vertex -30.1847 -2.64082 5
      vertex -30.5278 -19.15 5
      vertex -30.4593 -19.2815 5
    endloop
  endfacet
  facet normal -0 0 1
    outer loop
      vertex -31.2815 18.4593 5
      vertex -27.4611 12.8053 5
      vertex -31.15 18.5278 5
    endloop
  endfacet
  facet normal 0 0 1
    outer loop
      vertex -30.1847 -2.64082 5
      vertex -30.6074 -19.0249 5
      vertex -30.5278 -19.15 5
    endloop
  endfacet
  facet normal -0 0 1
    outer loop
      vertex -31.4186 18.4025 5
      vertex -27.4611 12.8053 5
      vertex -31.2815 18.4593 5
    endloop
  endfacet
  facet normal 0 0 1
    outer loop
      vertex -30.1847 -2.64082 5
      vertex -30.6977 -18.9073 5
      vertex -30.6074 -19.0249 5
    endloop
  endfacet
  facet normal -0 0 1
    outer loop
      vertex -31.56 18.3579 5
      vertex -27.4611 12.8053 5
      vertex -31.4186 18.4025 5
    endloop
  endfacet
  facet normal 0 0 1
    outer loop
      vertex -30.1847 -2.64082 5
      vertex -30.7979 -18.7979 5
      vertex -30.6977 -18.9073 5
    endloop
  endfacet
  facet normal -0 0 1
    outer loop
      vertex -31.7048 18.3258 5
      vertex -27.4611 12.8053 5
      vertex -31.56 18.3579 5
    endloop
  endfacet
  facet normal 0 0 1
    outer loop
      vertex -30.1847 -2.64082 5
      vertex -30.9073 -18.6977 5
      vertex -30.7979 -18.7979 5
    endloop
  endfacet
  facet normal -0 0 1
    outer loop
      vertex -31.8518 18.3065 5
      vertex -27.4611 12.8053 5
      vertex -31.7048 18.3258 5
    endloop
  endfacet
  facet normal 0 0 1
    outer loop
      vertex -30.1847 -2.64082 5
      vertex -31.0249 -18.6074 5
      vertex -30.9073 -18.6977 5
    endloop
  endfacet
  facet normal -0 0 1
    outer loop
      vertex -32 18.3 5
      vertex -27.4611 12.8053 5
      vertex -31.8518 18.3065 5
    endloop
  endfacet
  facet normal 0 0 1
    outer loop
      vertex -30.1847 -2.64082 5
      vertex -31.15 -18.5278 5
      vertex -31.0249 -18.6074 5
    endloop
  endfacet
  facet normal 0 0 1
    outer loop
      vertex -32.1482 18.3065 5
      vertex -27.4611 12.8053 5
      vertex -32 18.3 5
    endloop
  endfacet
  facet normal 0 0 1
    outer loop
      vertex -30.1847 -2.64082 5
      vertex -31.2815 -18.4593 5
      vertex -31.15 -18.5278 5
    endloop
  endfacet
  facet normal 0 0 1
    outer loop
      vertex -27.4611 12.8053 5
      vertex -32.1482 18.3065 5
      vertex -28.4727 10.3632 5
    endloop
  endfacet
  facet normal 0 0 1
    outer loop
      vertex -30.1847 -2.64082 5
      vertex -31.4186 -18.4025 5
      vertex -31.2815 -18.4593 5
    endloop
  endfacet
  facet normal 0 0 1
    outer loop
      vertex -32.2952 18.3258 5
      vertex -28.4727 10.3632 5
      vertex -32.1482 18.3065 5
    endloop
  endfacet
  facet normal 0 0 1
    outer loop
      vertex -30.1847 -2.64082 5
      vertex -31.56 -18.3579 5
      vertex -31.4186 -18.4025 5
    endloop
  endfacet
  facet normal 0 0 1
    outer loop
      vertex -32.44 18.3579 5
      vertex -28.4727 10.3632 5
      vertex -32.2952 18.3258 5
    endloop
  endfacet
  facet normal 0 0 1
    outer loop
      vertex -30.1847 -2.64082 5
      vertex -31.7048 -18.3258 5
      vertex -31.56 -18.3579 5
    endloop
  endfacet
  facet normal 0 0 1
    outer loop
      vertex -32.5814 18.4025 5
      vertex -28.4727 10.3632 5
      vertex -32.44 18.3579 5
    endloop
  endfacet
  facet normal 0 0 1
    outer loop
      vertex -30.1847 -2.64082 5
      vertex -31.8518 -18.3065 5
      vertex -31.7048 -18.3258 5
    endloop
  endfacet
  facet normal 0 0 1
    outer loop
      vertex -32.7185 18.4593 5
      vertex -28.4727 10.3632 5
      vertex -32.5814 18.4025 5
    endloop
  endfacet
  facet normal 0 0 1
    outer loop
      vertex -30.1847 -2.64082 5
      vertex -32 -18.3 5
      vertex -31.8518 -18.3065 5
    endloop
  endfacet
  facet normal 0 0 1
    outer loop
      vertex -28.4727 10.3632 5
      vertex -32.7185 18.4593 5
      vertex -29.2676 7.84222 5
    endloop
  endfacet
  facet normal 0 0 1
    outer loop
      vertex -30.1847 -2.64082 5
      vertex -32.1482 -18.3065 5
      vertex -32 -18.3 5
    endloop
  endfacet
  facet normal 0 0 1
    outer loop
      vertex -32.85 18.5278 5
      vertex -29.2676 7.84222 5
      vertex -32.7185 18.4593 5
    endloop
  endfacet
  facet normal 0 0 1
    outer loop
      vertex -30.1847 -2.64082 5
      vertex -32.2952 -18.3258 5
      vertex -32.1482 -18.3065 5
    endloop
  endfacet
  facet normal 0 0 1
    outer loop
      vertex -32.9751 18.6074 5
      vertex -29.2676 7.84222 5
      vertex -32.85 18.5278 5
    endloop
  endfacet
  facet normal 0 0 1
    outer loop
      vertex -30.1847 -2.64082 5
      vertex -32.44 -18.3579 5
      vertex -32.2952 -18.3258 5
    endloop
  endfacet
  facet normal 0 0 1
    outer loop
      vertex -33.0927 18.6977 5
      vertex -29.2676 7.84222 5
      vertex -32.9751 18.6074 5
    endloop
  endfacet
  facet normal 0 0 1
    outer loop
      vertex -30.1847 -2.64082 5
      vertex -32.5814 -18.4025 5
      vertex -32.44 -18.3579 5
    endloop
  endfacet
  facet normal 0 0 1
    outer loop
      vertex -33.2021 18.7979 5
      vertex -29.2676 7.84222 5
      vertex -33.0927 18.6977 5
    endloop
  endfacet
  facet normal 0 0 1
    outer loop
      vertex -30.1847 -2.64082 5
      vertex -32.7185 -18.4593 5
      vertex -32.5814 -18.4025 5
    endloop
  endfacet
  facet normal 0 0 1
    outer loop
      vertex -29.2676 7.84222 5
      vertex -33.2021 18.7979 5
      vertex -29.8397 5.26154 5
    endloop
  endfacet
  facet normal 0 0 1
    outer loop
      vertex -30.1847 -2.64082 5
      vertex -32.85 -18.5278 5
      vertex -32.7185 -18.4593 5
    endloop
  endfacet
  facet normal 0 0 1
    outer loop
      vertex -42.5 23 5
      vertex -33.2021 18.7979 5
      vertex -33.3023 18.9073 5
    endloop
  endfacet
  facet normal 0 0 1
    outer loop
      vertex -30.1847 -2.64082 5
      vertex -32.9751 -18.6074 5
      vertex -32.85 -18.5278 5
    endloop
  endfacet
  facet normal 0 0 1
    outer loop
      vertex -42.5 23 5
      vertex -33.3023 18.9073 5
      vertex -33.3926 19.0249 5
    endloop
  endfacet
  facet normal 0 0 1
    outer loop
      vertex -30.1847 -2.64082 5
      vertex -33.0927 -18.6977 5
      vertex -32.9751 -18.6074 5
    endloop
  endfacet
  facet normal 0 0 1
    outer loop
      vertex -33.2021 18.7979 5
      vertex -42.5 23 5
      vertex -29.8397 5.26154 5
    endloop
  endfacet
  facet normal 0 0 1
    outer loop
      vertex -30.1847 -2.64082 5
      vertex -33.2021 -18.7979 5
      vertex -33.0927 -18.6977 5
    endloop
  endfacet
  facet normal 0 0 1
    outer loop
      vertex -42.5 23 5
      vertex -33.3926 19.0249 5
      vertex -33.4722 19.15 5
    endloop
  endfacet
  facet normal 0 0 1
    outer loop
      vertex -30.1847 -2.64082 5
      vertex -42.5 -23 5
      vertex -33.2021 -18.7979 5
    endloop
  endfacet
  facet normal 0 0 1
    outer loop
      vertex -42.5 23 5
      vertex -33.4722 19.15 5
      vertex -33.5407 19.2815 5
    endloop
  endfacet
  facet normal 0 0 1
    outer loop
      vertex -33.2021 -18.7979 5
      vertex -42.5 -23 5
      vertex -33.3023 -18.9073 5
    endloop
  endfacet
  facet normal 0 0 1
    outer loop
      vertex -29.8397 5.26154 5
      vertex -42.5 23 5
      vertex -30.1847 2.64082 5
    endloop
  endfacet
  facet normal 0 0 1
    outer loop
      vertex -33.3023 -18.9073 5
      vertex -42.5 -23 5
      vertex -33.3926 -19.0249 5
    endloop
  endfacet
  facet normal 0 0 1
    outer loop
      vertex -42.5 23 5
      vertex -33.5407 19.2815 5
      vertex -33.5975 19.4186 5
    endloop
  endfacet
  facet normal 0 0 1
    outer loop
      vertex -33.3926 -19.0249 5
      vertex -42.5 -23 5
      vertex -33.4722 -19.15 5
    endloop
  endfacet
  facet normal 0 0 1
    outer loop
      vertex -30.1847 2.64082 5
      vertex -42.5 23 5
      vertex -30.3 0 5
    endloop
  endfacet
  facet normal 0 0 1
    outer loop
      vertex -42.5 -23 5
      vertex -30.3 0 5
      vertex -42.5 23 5
    endloop
  endfacet
  facet normal 0 0 1
    outer loop
      vertex -42.5 23 5
      vertex -33.5975 19.4186 5
      vertex -33.6421 19.56 5
    endloop
  endfacet
  facet normal 0 0 1
    outer loop
      vertex -33.4722 -19.15 5
      vertex -42.5 -23 5
      vertex -33.5407 -19.2815 5
    endloop
  endfacet
  facet normal 0 0 1
    outer loop
      vertex -42.5 23 5
      vertex -33.6421 19.56 5
      vertex -33.6742 19.7048 5
    endloop
  endfacet
  facet normal 0 0 1
    outer loop
      vertex -33.5407 -19.2815 5
      vertex -42.5 -23 5
      vertex -33.5975 -19.4186 5
    endloop
  endfacet
  facet normal 0 0 1
    outer loop
      vertex -42.5 23 5
      vertex -33.6742 19.7048 5
      vertex -33.6935 19.8518 5
    endloop
  endfacet
  facet normal 0 0 1
    outer loop
      vertex -33.5975 -19.4186 5
      vertex -42.5 -23 5
      vertex -33.6421 -19.56 5
    endloop
  endfacet
  facet normal 0 0 1
    outer loop
      vertex -33.6935 20.1482 5
      vertex -42.5 23 5
      vertex -33.7 20 5
    endloop
  endfacet
  facet normal 0 0 1
    outer loop
      vertex -33.7 20 5
      vertex -42.5 23 5
      vertex -33.6935 19.8518 5
    endloop
  endfacet
  facet normal 0 0 1
    outer loop
      vertex 33.6421 19.56 5
      vertex 42.5 23 5
      vertex 33.6742 19.7048 5
    endloop
  endfacet
  facet normal 0 0 1
    outer loop
      vertex 42.5 -23 5
      vertex 33.6935 -19.8518 5
      vertex 33.7 -20 5
    endloop
  endfacet
  facet normal 0 0 1
    outer loop
      vertex 33.5975 19.4186 5
      vertex 42.5 23 5
      vertex 33.6421 19.56 5
    endloop
  endfacet
  facet normal 0 0 1
    outer loop
      vertex 42.5 -23 5
      vertex 33.6742 -19.7048 5
      vertex 33.6935 -19.8518 5
    endloop
  endfacet
  facet normal 0 0 1
    outer loop
      vertex 33.5407 19.2815 5
      vertex 42.5 23 5
      vertex 33.5975 19.4186 5
    endloop
  endfacet
  facet normal 0 0 1
    outer loop
      vertex 42.5 -23 5
      vertex 33.6421 -19.56 5
      vertex 33.6742 -19.7048 5
    endloop
  endfacet
  facet normal 0 0 1
    outer loop
      vertex 33.4722 19.15 5
      vertex 42.5 23 5
      vertex 33.5407 19.2815 5
    endloop
  endfacet
  facet normal 0 0 1
    outer loop
      vertex 42.5 -23 5
      vertex 33.5975 -19.4186 5
      vertex 33.6421 -19.56 5
    endloop
  endfacet
  facet normal 0 -0 1
    outer loop
      vertex 30.3 0 5
      vertex 42.5 23 5
      vertex 30.1847 2.64082 5
    endloop
  endfacet
  facet normal -0 0 1
    outer loop
      vertex 30.1847 -2.64082 5
      vertex 42.5 -23 5
      vertex 30.3 0 5
    endloop
  endfacet
  facet normal 0 0 1
    outer loop
      vertex 33.3926 19.0249 5
      vertex 42.5 23 5
      vertex 33.4722 19.15 5
    endloop
  endfacet
  facet normal 0 0 1
    outer loop
      vertex 42.5 -23 5
      vertex 33.5407 -19.2815 5
      vertex 33.5975 -19.4186 5
    endloop
  endfacet
  facet normal 0 0 1
    outer loop
      vertex 33.3023 18.9073 5
      vertex 42.5 23 5
      vertex 33.3926 19.0249 5
    endloop
  endfacet
  facet normal -0 0 1
    outer loop
      vertex 29.8397 -5.26154 5
      vertex 42.5 -23 5
      vertex 30.1847 -2.64082 5
    endloop
  endfacet
  facet normal 0 0 1
    outer loop
      vertex 33.2021 18.7979 5
      vertex 42.5 23 5
      vertex 33.3023 18.9073 5
    endloop
  endfacet
  facet normal 0 0 1
    outer loop
      vertex 42.5 -23 5
      vertex 33.4722 -19.15 5
      vertex 33.5407 -19.2815 5
    endloop
  endfacet
  facet normal 0 0 1
    outer loop
      vertex 42.5 23 5
      vertex 33.2021 18.7979 5
      vertex 29.8397 5.26154 5
    endloop
  endfacet
  facet normal 0 0 1
    outer loop
      vertex 42.5 -23 5
      vertex 33.3926 -19.0249 5
      vertex 33.4722 -19.15 5
    endloop
  endfacet
  facet normal 0 0 1
    outer loop
      vertex 29.2676 7.84222 5
      vertex 33.2021 18.7979 5
      vertex 33.0927 18.6977 5
    endloop
  endfacet
  facet normal -0 -0 1
    outer loop
      vertex 33.2021 -18.7979 5
      vertex 42.5 -23 5
      vertex 29.8397 -5.26154 5
    endloop
  endfacet
  facet normal 0 0 1
    outer loop
      vertex 29.2676 7.84222 5
      vertex 33.0927 18.6977 5
      vertex 32.9751 18.6074 5
    endloop
  endfacet
  facet normal 0 0 1
    outer loop
      vertex 42.5 -23 5
      vertex 33.3023 -18.9073 5
      vertex 33.3926 -19.0249 5
    endloop
  endfacet
  facet normal 0 0 1
    outer loop
      vertex 29.2676 7.84222 5
      vertex 32.9751 18.6074 5
      vertex 32.85 18.5278 5
    endloop
  endfacet
  facet normal 0 0 1
    outer loop
      vertex 42.5 -23 5
      vertex 33.2021 -18.7979 5
      vertex 33.3023 -18.9073 5
    endloop
  endfacet
  facet normal 0 0 1
    outer loop
      vertex 29.2676 7.84222 5
      vertex 32.85 18.5278 5
      vertex 32.7185 18.4593 5
    endloop
  endfacet
  facet normal -0 0 1
    outer loop
      vertex 29.2676 -7.84222 5
      vertex 33.2021 -18.7979 5
      vertex 29.8397 -5.26154 5
    endloop
  endfacet
  facet normal 0 0 1
    outer loop
      vertex 28.4727 10.3632 5
      vertex 32.7185 18.4593 5
      vertex 32.5814 18.4025 5
    endloop
  endfacet
  facet normal 0 0 1
    outer loop
      vertex 33.2021 -18.7979 5
      vertex 29.2676 -7.84222 5
      vertex 33.0927 -18.6977 5
    endloop
  endfacet
  facet normal 0 0 1
    outer loop
      vertex 28.4727 10.3632 5
      vertex 32.5814 18.4025 5
      vertex 32.44 18.3579 5
    endloop
  endfacet
  facet normal 0 0 1
    outer loop
      vertex 33.0927 -18.6977 5
      vertex 29.2676 -7.84222 5
      vertex 32.9751 -18.6074 5
    endloop
  endfacet
  facet normal 0 0 1
    outer loop
      vertex 28.4727 10.3632 5
      vertex 32.44 18.3579 5
      vertex 32.2952 18.3258 5
    endloop
  endfacet
  facet normal 0 0 1
    outer loop
      vertex 32.9751 -18.6074 5
      vertex 29.2676 -7.84222 5
      vertex 32.85 -18.5278 5
    endloop
  endfacet
  facet normal 0 0 1
    outer loop
      vertex 28.4727 10.3632 5
      vertex 32.2952 18.3258 5
      vertex 32.1482 18.3065 5
    endloop
  endfacet
  facet normal 0 0 1
    outer loop
      vertex 32.85 -18.5278 5
      vertex 29.2676 -7.84222 5
      vertex 32.7185 -18.4593 5
    endloop
  endfacet
  facet normal 0 0 1
    outer loop
      vertex 27.4611 12.8053 5
      vertex 32.1482 18.3065 5
      vertex 32 18.3 5
    endloop
  endfacet
  facet normal -0 0 1
    outer loop
      vertex 28.4727 -10.3632 5
      vertex 32.7185 -18.4593 5
      vertex 29.2676 -7.84222 5
    endloop
  endfacet
  facet normal 0 0 1
    outer loop
      vertex 27.4611 12.8053 5
      vertex 32 18.3 5
      vertex 31.8518 18.3065 5
    endloop
  endfacet
  facet normal 0 0 1
    outer loop
      vertex 32.7185 -18.4593 5
      vertex 28.4727 -10.3632 5
      vertex 32.5814 -18.4025 5
    endloop
  endfacet
  facet normal 0 0 1
    outer loop
      vertex 27.4611 12.8053 5
      vertex 31.8518 18.3065 5
      vertex 31.7048 18.3258 5
    endloop
  endfacet
  facet normal 0 0 1
    outer loop
      vertex 32.5814 -18.4025 5
      vertex 28.4727 -10.3632 5
      vertex 32.44 -18.3579 5
    endloop
  endfacet
  facet normal 0 0 1
    outer loop
      vertex 27.4611 12.8053 5
      vertex 31.7048 18.3258 5
      vertex 31.56 18.3579 5
    endloop
  endfacet
  facet normal 0 0 1
    outer loop
      vertex 32.44 -18.3579 5
      vertex 28.4727 -10.3632 5
      vertex 32.2952 -18.3258 5
    endloop
  endfacet
  facet normal 0 0 1
    outer loop
      vertex 27.4611 12.8053 5
      vertex 31.56 18.3579 5
      vertex 31.4186 18.4025 5
    endloop
  endfacet
  facet normal 0 0 1
    outer loop
      vertex 32.2952 -18.3258 5
      vertex 28.4727 -10.3632 5
      vertex 32.1482 -18.3065 5
    endloop
  endfacet
  facet normal 0 0 1
    outer loop
      vertex 27.4611 12.8053 5
      vertex 31.4186 18.4025 5
      vertex 31.2815 18.4593 5
    endloop
  endfacet
  facet normal -0 0 1
    outer loop
      vertex 27.4611 -12.8053 5
      vertex 32.1482 -18.3065 5
      vertex 28.4727 -10.3632 5
    endloop
  endfacet
  facet normal 0 0 1
    outer loop
      vertex 27.4611 12.8053 5
      vertex 31.2815 18.4593 5
      vertex 31.15 18.5278 5
    endloop
  endfacet
  facet normal 0 0 1
    outer loop
      vertex 32.1482 -18.3065 5
      vertex 27.4611 -12.8053 5
      vertex 32 -18.3 5
    endloop
  endfacet
  facet normal 0 0 1
    outer loop
      vertex 26.2406 15.15 5
      vertex 31.15 18.5278 5
      vertex 31.0249 18.6074 5
    endloop
  endfacet
  facet normal 0 0 1
    outer loop
      vertex 32 -18.3 5
      vertex 27.4611 -12.8053 5
      vertex 31.8518 -18.3065 5
    endloop
  endfacet
  facet normal 0 0 1
    outer loop
      vertex 26.2406 15.15 5
      vertex 31.0249 18.6074 5
      vertex 30.9073 18.6977 5
    endloop
  endfacet
  facet normal 0 0 1
    outer loop
      vertex 31.8518 -18.3065 5
      vertex 27.4611 -12.8053 5
      vertex 31.7048 -18.3258 5
    endloop
  endfacet
  facet normal 0 0 1
    outer loop
      vertex 26.2406 15.15 5
      vertex 30.9073 18.6977 5
      vertex 30.7979 18.7979 5
    endloop
  endfacet
  facet normal 0 0 1
    outer loop
      vertex 31.7048 -18.3258 5
      vertex 27.4611 -12.8053 5
      vertex 31.56 -18.3579 5
    endloop
  endfacet
  facet normal 0 0 1
    outer loop
      vertex 26.2406 15.15 5
      vertex 30.7979 18.7979 5
      vertex 30.6977 18.9073 5
    endloop
  endfacet
  facet normal 0 0 1
    outer loop
      vertex 31.56 -18.3579 5
      vertex 27.4611 -12.8053 5
      vertex 31.4186 -18.4025 5
    endloop
  endfacet
  facet normal 0 0 1
    outer loop
      vertex 26.2406 15.15 5
      vertex 30.6977 18.9073 5
      vertex 30.6074 19.0249 5
    endloop
  endfacet
  facet normal 0 0 1
    outer loop
      vertex 31.4186 -18.4025 5
      vertex 27.4611 -12.8053 5
      vertex 31.2815 -18.4593 5
    endloop
  endfacet
  facet normal 0 0 1
    outer loop
      vertex 26.2406 15.15 5
      vertex 30.6074 19.0249 5
      vertex 30.5278 19.15 5
    endloop
  endfacet
  facet normal 0 0 1
    outer loop
      vertex 31.2815 -18.4593 5
      vertex 27.4611 -12.8053 5
      vertex 31.15 -18.5278 5
    endloop
  endfacet
  facet normal 0 0 1
    outer loop
      vertex 24.8203 17.3794 5
      vertex 30.5278 19.15 5
      vertex 30.4593 19.2815 5
    endloop
  endfacet
  facet normal -0 0 1
    outer loop
      vertex 26.2406 -15.15 5
      vertex 31.15 -18.5278 5
      vertex 27.4611 -12.8053 5
    endloop
  endfacet
  facet normal 0 0 1
    outer loop
      vertex 24.8203 17.3794 5
      vertex 30.4593 19.2815 5
      vertex 30.4025 19.4186 5
    endloop
  endfacet
  facet normal 0 0 1
    outer loop
      vertex 31.15 -18.5278 5
      vertex 26.2406 -15.15 5
      vertex 31.0249 -18.6074 5
    endloop
  endfacet
  facet normal 0 0 1
    outer loop
      vertex 24.8203 17.3794 5
      vertex 30.4025 19.4186 5
      vertex 30.3579 19.56 5
    endloop
  endfacet
  facet normal 0 0 1
    outer loop
      vertex 31.0249 -18.6074 5
      vertex 26.2406 -15.15 5
      vertex 30.9073 -18.6977 5
    endloop
  endfacet
  facet normal 0 0 1
    outer loop
      vertex 24.8203 17.3794 5
      vertex 30.3579 19.56 5
      vertex 30.3258 19.7048 5
    endloop
  endfacet
  facet normal 0 0 1
    outer loop
      vertex 30.9073 -18.6977 5
      vertex 26.2406 -15.15 5
      vertex 30.7979 -18.7979 5
    endloop
  endfacet
  facet normal 0 0 1
    outer loop
      vertex 24.8203 17.3794 5
      vertex 30.3258 19.7048 5
      vertex 30.3065 19.8518 5
    endloop
  endfacet
  facet normal 0 0 1
    outer loop
      vertex 30.7979 -18.7979 5
      vertex 26.2406 -15.15 5
      vertex 30.6977 -18.9073 5
    endloop
  endfacet
  facet normal 0 0 1
    outer loop
      vertex 24.8203 17.3794 5
      vertex 30.3065 19.8518 5
      vertex 30.3 20 5
    endloop
  endfacet
  facet normal 0 0 1
    outer loop
      vertex 30.6977 -18.9073 5
      vertex 26.2406 -15.15 5
      vertex 30.6074 -19.0249 5
    endloop
  endfacet
  facet normal 0 0 1
    outer loop
      vertex 30.6074 -19.0249 5
      vertex 26.2406 -15.15 5
      vertex 30.5278 -19.15 5
    endloop
  endfacet
  facet normal -0 0 1
    outer loop
      vertex 24.8203 -17.3794 5
      vertex 30.5278 -19.15 5
      vertex 26.2406 -15.15 5
    endloop
  endfacet
  facet normal 0 0 1
    outer loop
      vertex 33.4722 20.85 5
      vertex 42.5 23 5
      vertex 42.4734 23.6101 5
    endloop
  endfacet
  facet normal 0 0 1
    outer loop
      vertex 33.6935 19.8518 5
      vertex 42.5 23 5
      vertex 33.7 20 5
    endloop
  endfacet
  facet normal 0 0 1
    outer loop
      vertex 33.4722 20.85 5
      vertex 42.4734 23.6101 5
      vertex 42.3937 24.2155 5
    endloop
  endfacet
  facet normal 0 0 1
    outer loop
      vertex 33.6742 19.7048 5
      vertex 42.5 23 5
      vertex 33.6935 19.8518 5
    endloop
  endfacet
  facet normal 0 0 1
    outer loop
      vertex 33.4722 20.85 5
      vertex 42.3937 24.2155 5
      vertex 42.2615 24.8117 5
    endloop
  endfacet
  facet normal -0 0 1
    outer loop
      vertex 33.6935 -20.1482 5
      vertex 42.5 -23 5
      vertex 33.7 -20 5
    endloop
  endfacet
  facet normal 0 0 1
    outer loop
      vertex 33.3926 20.9751 5
      vertex 42.2615 24.8117 5
      vertex 42.0778 25.3941 5
    endloop
  endfacet
  facet normal -0 0 1
    outer loop
      vertex 33.6742 -20.2952 5
      vertex 42.5 -23 5
      vertex 33.6935 -20.1482 5
    endloop
  endfacet
  facet normal 0 0 1
    outer loop
      vertex 33.3926 20.9751 5
      vertex 42.0778 25.3941 5
      vertex 41.8442 25.9583 5
    endloop
  endfacet
  facet normal -0 0 1
    outer loop
      vertex 33.6421 -20.44 5
      vertex 42.5 -23 5
      vertex 33.6742 -20.2952 5
    endloop
  endfacet
  facet normal 0 0 1
    outer loop
      vertex 33.3926 20.9751 5
      vertex 41.8442 25.9583 5
      vertex 41.5622 26.5 5
    endloop
  endfacet
  facet normal -0 0 1
    outer loop
      vertex 33.5975 -20.5814 5
      vertex 42.5 -23 5
      vertex 33.6421 -20.44 5
    endloop
  endfacet
  facet normal 0 0 1
    outer loop
      vertex 33.3023 21.0927 5
      vertex 41.5622 26.5 5
      vertex 41.2341 27.015 5
    endloop
  endfacet
  facet normal -0 0 1
    outer loop
      vertex 33.5407 -20.7185 5
      vertex 42.5 -23 5
      vertex 33.5975 -20.5814 5
    endloop
  endfacet
  facet normal 0 0 1
    outer loop
      vertex 33.3023 21.0927 5
      vertex 41.2341 27.015 5
      vertex 40.8623 27.4995 5
    endloop
  endfacet
  facet normal -0 0 1
    outer loop
      vertex 33.4722 -20.85 5
      vertex 42.5 -23 5
      vertex 33.5407 -20.7185 5
    endloop
  endfacet
  facet normal 0 0 1
    outer loop
      vertex 33.3023 21.0927 5
      vertex 40.8623 27.4995 5
      vertex 40.4497 27.9497 5
    endloop
  endfacet
  facet normal 0 0 1
    outer loop
      vertex 42.5 -23 5
      vertex 33.4722 -20.85 5
      vertex 42.4734 -23.6101 5
    endloop
  endfacet
  facet normal 0 0 1
    outer loop
      vertex 33.3023 21.0927 5
      vertex 40.4497 27.9497 5
      vertex 39.9995 28.3623 5
    endloop
  endfacet
  facet normal 0 0 1
    outer loop
      vertex 42.4734 -23.6101 5
      vertex 33.4722 -20.85 5
      vertex 42.3937 -24.2155 5
    endloop
  endfacet
  facet normal 0 0 1
    outer loop
      vertex 33.2021 21.2021 5
      vertex 39.9995 28.3623 5
      vertex 39.515 28.7341 5
    endloop
  endfacet
  facet normal 0 0 1
    outer loop
      vertex 42.3937 -24.2155 5
      vertex 33.4722 -20.85 5
      vertex 42.2615 -24.8117 5
    endloop
  endfacet
  facet normal 0 0 1
    outer loop
      vertex 33.2021 21.2021 5
      vertex 39.515 28.7341 5
      vertex 39 29.0622 5
    endloop
  endfacet
  facet normal -0 0 1
    outer loop
      vertex 33.3926 -20.9751 5
      vertex 42.2615 -24.8117 5
      vertex 33.4722 -20.85 5
    endloop
  endfacet
  facet normal 0 0 1
    outer loop
      vertex 33.2021 21.2021 5
      vertex 39 29.0622 5
      vertex 38.4583 29.3442 5
    endloop
  endfacet
  facet normal 0 0 1
    outer loop
      vertex 42.2615 -24.8117 5
      vertex 33.3926 -20.9751 5
      vertex 42.0778 -25.3941 5
    endloop
  endfacet
  facet normal 0 0 1
    outer loop
      vertex 33.0927 21.3023 5
      vertex 38.4583 29.3442 5
      vertex 37.8941 29.5778 5
    endloop
  endfacet
  facet normal 0 0 1
    outer loop
      vertex 42.0778 -25.3941 5
      vertex 33.3926 -20.9751 5
      vertex 41.8442 -25.9583 5
    endloop
  endfacet
  facet normal 0 0 1
    outer loop
      vertex 33.0927 21.3023 5
      vertex 37.8941 29.5778 5
      vertex 37.3117 29.7615 5
    endloop
  endfacet
  facet normal 0 0 1
    outer loop
      vertex 41.8442 -25.9583 5
      vertex 33.3926 -20.9751 5
      vertex 41.5622 -26.5 5
    endloop
  endfacet
  facet normal 0 0 1
    outer loop
      vertex 33.0927 21.3023 5
      vertex 37.3117 29.7615 5
      vertex 36.7155 29.8937 5
    endloop
  endfacet
  facet normal -0 0 1
    outer loop
      vertex 33.3023 -21.0927 5
      vertex 41.5622 -26.5 5
      vertex 33.3926 -20.9751 5
    endloop
  endfacet
  facet normal 0 0 1
    outer loop
      vertex 32.9751 21.3926 5
      vertex 36.7155 29.8937 5
      vertex 36.1101 29.9734 5
    endloop
  endfacet
  facet normal 0 0 1
    outer loop
      vertex 41.5622 -26.5 5
      vertex 33.3023 -21.0927 5
      vertex 41.2341 -27.015 5
    endloop
  endfacet
  facet normal 0 0 1
    outer loop
      vertex 32.9751 21.3926 5
      vertex 36.1101 29.9734 5
      vertex 35.5 30 5
    endloop
  endfacet
  facet normal 0 0 1
    outer loop
      vertex 41.2341 -27.015 5
      vertex 33.3023 -21.0927 5
      vertex 40.8623 -27.4995 5
    endloop
  endfacet
  facet normal 0 0 1
    outer loop
      vertex 40.8623 -27.4995 5
      vertex 33.3023 -21.0927 5
      vertex 40.4497 -27.9497 5
    endloop
  endfacet
  facet normal 0 0 1
    outer loop
      vertex 42.5 23 5
      vertex 33.6935 20.1482 5
      vertex 33.7 20 5
    endloop
  endfacet
  facet normal 0 0 1
    outer loop
      vertex 42.5 23 5
      vertex 33.6742 20.2952 5
      vertex 33.6935 20.1482 5
    endloop
  endfacet
  facet normal 0 0 1
    outer loop
      vertex 42.5 23 5
      vertex 33.6421 20.44 5
      vertex 33.6742 20.2952 5
    endloop
  endfacet
  facet normal 0 0 1
    outer loop
      vertex 42.5 23 5
      vertex 33.5975 20.5814 5
      vertex 33.6421 20.44 5
    endloop
  endfacet
  facet normal 0 0 1
    outer loop
      vertex 42.5 23 5
      vertex 33.5407 20.7185 5
      vertex 33.5975 20.5814 5
    endloop
  endfacet
  facet normal 0 0 1
    outer loop
      vertex 42.5 23 5
      vertex 33.4722 20.85 5
      vertex 33.5407 20.7185 5
    endloop
  endfacet
  facet normal 0 0 1
    outer loop
      vertex 42.2615 24.8117 5
      vertex 33.3926 20.9751 5
      vertex 33.4722 20.85 5
    endloop
  endfacet
  facet normal 0 0 1
    outer loop
      vertex 41.5622 26.5 5
      vertex 33.3023 21.0927 5
      vertex 33.3926 20.9751 5
    endloop
  endfacet
  facet normal 0 0 1
    outer loop
      vertex 39.9995 28.3623 5
      vertex 33.2021 21.2021 5
      vertex 33.3023 21.0927 5
    endloop
  endfacet
  facet normal 0 0 1
    outer loop
      vertex 38.4583 29.3442 5
      vertex 33.0927 21.3023 5
      vertex 33.2021 21.2021 5
    endloop
  endfacet
  facet normal 0 0 1
    outer loop
      vertex 36.7155 29.8937 5
      vertex 32.9751 21.3926 5
      vertex 33.0927 21.3023 5
    endloop
  endfacet
  facet normal 0 0 1
    outer loop
      vertex 35.5 30 5
      vertex 32.85 21.4722 5
      vertex 32.9751 21.3926 5
    endloop
  endfacet
  facet normal 0 0 1
    outer loop
      vertex 35.5 30 5
      vertex 32.7185 21.5407 5
      vertex 32.85 21.4722 5
    endloop
  endfacet
  facet normal 0 0 1
    outer loop
      vertex 35.5 30 5
      vertex 32.5814 21.5975 5
      vertex 32.7185 21.5407 5
    endloop
  endfacet
  facet normal 0 0 1
    outer loop
      vertex 35.5 30 5
      vertex 32.44 21.6421 5
      vertex 32.5814 21.5975 5
    endloop
  endfacet
  facet normal 0 0 1
    outer loop
      vertex 35.5 30 5
      vertex 32.2952 21.6742 5
      vertex 32.44 21.6421 5
    endloop
  endfacet
  facet normal 0 0 1
    outer loop
      vertex 35.5 30 5
      vertex 32.1482 21.6935 5
      vertex 32.2952 21.6742 5
    endloop
  endfacet
  facet normal 0 0 1
    outer loop
      vertex 35.5 30 5
      vertex 32 21.7 5
      vertex 32.1482 21.6935 5
    endloop
  endfacet
  facet normal 0 0 1
    outer loop
      vertex 35.5 30 5
      vertex 31.8518 21.6935 5
      vertex 32 21.7 5
    endloop
  endfacet
  facet normal 0 0 1
    outer loop
      vertex 35.5 30 5
      vertex 31.7048 21.6742 5
      vertex 31.8518 21.6935 5
    endloop
  endfacet
  facet normal 0 0 1
    outer loop
      vertex 35.5 30 5
      vertex 31.56 21.6421 5
      vertex 31.7048 21.6742 5
    endloop
  endfacet
  facet normal 0 0 1
    outer loop
      vertex 35.5 30 5
      vertex 31.4186 21.5975 5
      vertex 31.56 21.6421 5
    endloop
  endfacet
  facet normal 0 0 1
    outer loop
      vertex 35.5 30 5
      vertex 31.2815 21.5407 5
      vertex 31.4186 21.5975 5
    endloop
  endfacet
  facet normal 0 0 1
    outer loop
      vertex 35.5 30 5
      vertex 31.15 21.4722 5
      vertex 31.2815 21.5407 5
    endloop
  endfacet
  facet normal -0 0 1
    outer loop
      vertex 19.4765 23.2111 5
      vertex 31.15 21.4722 5
      vertex 35.5 30 5
    endloop
  endfacet
  facet normal 0 0 1
    outer loop
      vertex 31.15 21.4722 5
      vertex 19.4765 23.2111 5
      vertex 31.0249 21.3926 5
    endloop
  endfacet
  facet normal -0 -0 1
    outer loop
      vertex 21.4253 21.4253 5
      vertex 31.0249 21.3926 5
      vertex 19.4765 23.2111 5
    endloop
  endfacet
  facet normal 0 0 1
    outer loop
      vertex 31.0249 21.3926 5
      vertex 21.4253 21.4253 5
      vertex 30.9073 21.3023 5
    endloop
  endfacet
  facet normal 0 0 1
    outer loop
      vertex 30.9073 21.3023 5
      vertex 21.4253 21.4253 5
      vertex 30.7979 21.2021 5
    endloop
  endfacet
  facet normal 0 0 1
    outer loop
      vertex 30.7979 21.2021 5
      vertex 21.4253 21.4253 5
      vertex 30.6977 21.0927 5
    endloop
  endfacet
  facet normal 0 0 1
    outer loop
      vertex 42.5 23 5
      vertex 30.3 0 5
      vertex 42.5 -23 5
    endloop
  endfacet
  facet normal 0 0 1
    outer loop
      vertex 42.5 23 5
      vertex 29.8397 5.26154 5
      vertex 30.1847 2.64082 5
    endloop
  endfacet
  facet normal 0 0 1
    outer loop
      vertex 33.2021 18.7979 5
      vertex 29.2676 7.84222 5
      vertex 29.8397 5.26154 5
    endloop
  endfacet
  facet normal 0 0 1
    outer loop
      vertex 24.8203 17.3794 5
      vertex 30.3 20 5
      vertex 30.3065 20.1482 5
    endloop
  endfacet
  facet normal 0 0 1
    outer loop
      vertex 32.7185 18.4593 5
      vertex 28.4727 10.3632 5
      vertex 29.2676 7.84222 5
    endloop
  endfacet
  facet normal 0 0 1
    outer loop
      vertex 23.2111 19.4765 5
      vertex 30.3065 20.1482 5
      vertex 30.3258 20.2952 5
    endloop
  endfacet
  facet normal 0 0 1
    outer loop
      vertex 32.1482 18.3065 5
      vertex 27.4611 12.8053 5
      vertex 28.4727 10.3632 5
    endloop
  endfacet
  facet normal 0 0 1
    outer loop
      vertex 23.2111 19.4765 5
      vertex 30.3258 20.2952 5
      vertex 30.3579 20.44 5
    endloop
  endfacet
  facet normal 0 0 1
    outer loop
      vertex 23.2111 19.4765 5
      vertex 30.3579 20.44 5
      vertex 30.4025 20.5814 5
    endloop
  endfacet
  facet normal 0 0 1
    outer loop
      vertex 31.15 18.5278 5
      vertex 26.2406 15.15 5
      vertex 27.4611 12.8053 5
    endloop
  endfacet
  facet normal 0 0 1
    outer loop
      vertex 23.2111 19.4765 5
      vertex 30.4025 20.5814 5
      vertex 30.4593 20.7185 5
    endloop
  endfacet
  facet normal 0 0 1
    outer loop
      vertex 23.2111 19.4765 5
      vertex 30.4593 20.7185 5
      vertex 30.5278 20.85 5
    endloop
  endfacet
  facet normal 0 -0 1
    outer loop
      vertex 23.2111 19.4765 5
      vertex 30.6074 20.9751 5
      vertex 21.4253 21.4253 5
    endloop
  endfacet
  facet normal 0 0 1
    outer loop
      vertex 30.5278 19.15 5
      vertex 24.8203 17.3794 5
      vertex 26.2406 15.15 5
    endloop
  endfacet
  facet normal 0 0 1
    outer loop
      vertex 30.3065 20.1482 5
      vertex 23.2111 19.4765 5
      vertex 24.8203 17.3794 5
    endloop
  endfacet
  facet normal 0 0 1
    outer loop
      vertex 30.6074 20.9751 5
      vertex 23.2111 19.4765 5
      vertex 30.5278 20.85 5
    endloop
  endfacet
  facet normal 0 0 1
    outer loop
      vertex 30.6977 21.0927 5
      vertex 21.4253 21.4253 5
      vertex 30.6074 20.9751 5
    endloop
  endfacet
  facet normal 0 0 1
    outer loop
      vertex 35.5 30 5
      vertex 17.3794 24.8203 5
      vertex 19.4765 23.2111 5
    endloop
  endfacet
  facet normal 0 0 1
    outer loop
      vertex 35.5 30 5
      vertex 15.15 26.2406 5
      vertex 17.3794 24.8203 5
    endloop
  endfacet
  facet normal 0 0 1
    outer loop
      vertex 35.5 30 5
      vertex 12.8053 27.4611 5
      vertex 15.15 26.2406 5
    endloop
  endfacet
  facet normal 0 0 1
    outer loop
      vertex 35.5 30 5
      vertex 10.3632 28.4727 5
      vertex 12.8053 27.4611 5
    endloop
  endfacet
  facet normal 0 0 1
    outer loop
      vertex 35.5 30 5
      vertex 7.84222 29.2676 5
      vertex 10.3632 28.4727 5
    endloop
  endfacet
  facet normal 0 0 1
    outer loop
      vertex 35.5 30 5
      vertex 5.26154 29.8397 5
      vertex 7.84222 29.2676 5
    endloop
  endfacet
  facet normal 0 -0 1
    outer loop
      vertex 5.26154 29.8397 5
      vertex 35.5 30 5
      vertex 4.04374 30 5
    endloop
  endfacet
  facet normal 0 0 1
    outer loop
      vertex 40.4497 -27.9497 5
      vertex 33.3023 -21.0927 5
      vertex 39.9995 -28.3623 5
    endloop
  endfacet
  facet normal -0 0 1
    outer loop
      vertex 33.2021 -21.2021 5
      vertex 39.9995 -28.3623 5
      vertex 33.3023 -21.0927 5
    endloop
  endfacet
  facet normal 0 0 1
    outer loop
      vertex 39.9995 -28.3623 5
      vertex 33.2021 -21.2021 5
      vertex 39.515 -28.7341 5
    endloop
  endfacet
  facet normal 0 0 1
    outer loop
      vertex 39.515 -28.7341 5
      vertex 33.2021 -21.2021 5
      vertex 39 -29.0622 5
    endloop
  endfacet
  facet normal 0 0 1
    outer loop
      vertex 39 -29.0622 5
      vertex 33.2021 -21.2021 5
      vertex 38.4583 -29.3442 5
    endloop
  endfacet
  facet normal -0 0 1
    outer loop
      vertex 33.0927 -21.3023 5
      vertex 38.4583 -29.3442 5
      vertex 33.2021 -21.2021 5
    endloop
  endfacet
  facet normal 0 0 1
    outer loop
      vertex 38.4583 -29.3442 5
      vertex 33.0927 -21.3023 5
      vertex 37.8941 -29.5778 5
    endloop
  endfacet
  facet normal 0 0 1
    outer loop
      vertex 37.8941 -29.5778 5
      vertex 33.0927 -21.3023 5
      vertex 37.3117 -29.7615 5
    endloop
  endfacet
  facet normal 0 0 1
    outer loop
      vertex 37.3117 -29.7615 5
      vertex 33.0927 -21.3023 5
      vertex 36.7155 -29.8937 5
    endloop
  endfacet
  facet normal -0 0 1
    outer loop
      vertex 32.9751 -21.3926 5
      vertex 36.7155 -29.8937 5
      vertex 33.0927 -21.3023 5
    endloop
  endfacet
  facet normal 0 0 1
    outer loop
      vertex 36.7155 -29.8937 5
      vertex 32.9751 -21.3926 5
      vertex 36.1101 -29.9734 5
    endloop
  endfacet
  facet normal 0 0 1
    outer loop
      vertex 36.1101 -29.9734 5
      vertex 32.9751 -21.3926 5
      vertex 35.5 -30 5
    endloop
  endfacet
  facet normal -0 0 1
    outer loop
      vertex 32.85 -21.4722 5
      vertex 35.5 -30 5
      vertex 32.9751 -21.3926 5
    endloop
  endfacet
  facet normal -0 0 1
    outer loop
      vertex 32.7185 -21.5407 5
      vertex 35.5 -30 5
      vertex 32.85 -21.4722 5
    endloop
  endfacet
  facet normal -0 0 1
    outer loop
      vertex 32.5814 -21.5975 5
      vertex 35.5 -30 5
      vertex 32.7185 -21.5407 5
    endloop
  endfacet
  facet normal -0 0 1
    outer loop
      vertex 32.44 -21.6421 5
      vertex 35.5 -30 5
      vertex 32.5814 -21.5975 5
    endloop
  endfacet
  facet normal -0 0 1
    outer loop
      vertex 32.2952 -21.6742 5
      vertex 35.5 -30 5
      vertex 32.44 -21.6421 5
    endloop
  endfacet
  facet normal -0 0 1
    outer loop
      vertex 32.1482 -21.6935 5
      vertex 35.5 -30 5
      vertex 32.2952 -21.6742 5
    endloop
  endfacet
  facet normal -0 0 1
    outer loop
      vertex 32 -21.7 5
      vertex 35.5 -30 5
      vertex 32.1482 -21.6935 5
    endloop
  endfacet
  facet normal 0 0 1
    outer loop
      vertex 31.8518 -21.6935 5
      vertex 35.5 -30 5
      vertex 32 -21.7 5
    endloop
  endfacet
  facet normal 0 0 1
    outer loop
      vertex 31.7048 -21.6742 5
      vertex 35.5 -30 5
      vertex 31.8518 -21.6935 5
    endloop
  endfacet
  facet normal 0 0 1
    outer loop
      vertex 31.56 -21.6421 5
      vertex 35.5 -30 5
      vertex 31.7048 -21.6742 5
    endloop
  endfacet
  facet normal 0 0 1
    outer loop
      vertex 31.4186 -21.5975 5
      vertex 35.5 -30 5
      vertex 31.56 -21.6421 5
    endloop
  endfacet
  facet normal 0 0 1
    outer loop
      vertex 31.2815 -21.5407 5
      vertex 35.5 -30 5
      vertex 31.4186 -21.5975 5
    endloop
  endfacet
  facet normal 0 0 1
    outer loop
      vertex 31.15 -21.4722 5
      vertex 35.5 -30 5
      vertex 31.2815 -21.5407 5
    endloop
  endfacet
  facet normal 0 0 1
    outer loop
      vertex 19.4765 -23.2111 5
      vertex 31.15 -21.4722 5
      vertex 31.0249 -21.3926 5
    endloop
  endfacet
  facet normal 0 0 1
    outer loop
      vertex 21.4253 -21.4253 5
      vertex 31.0249 -21.3926 5
      vertex 30.9073 -21.3023 5
    endloop
  endfacet
  facet normal 0 0 1
    outer loop
      vertex 21.4253 -21.4253 5
      vertex 30.9073 -21.3023 5
      vertex 30.7979 -21.2021 5
    endloop
  endfacet
  facet normal 0 0 1
    outer loop
      vertex 21.4253 -21.4253 5
      vertex 30.7979 -21.2021 5
      vertex 30.6977 -21.0927 5
    endloop
  endfacet
  facet normal 0 0 1
    outer loop
      vertex 21.4253 -21.4253 5
      vertex 30.6977 -21.0927 5
      vertex 30.6074 -20.9751 5
    endloop
  endfacet
  facet normal 0 0 1
    outer loop
      vertex 23.2111 -19.4765 5
      vertex 30.6074 -20.9751 5
      vertex 30.5278 -20.85 5
    endloop
  endfacet
  facet normal 0 0 1
    outer loop
      vertex 30.5278 -19.15 5
      vertex 24.8203 -17.3794 5
      vertex 30.4593 -19.2815 5
    endloop
  endfacet
  facet normal 0 0 1
    outer loop
      vertex 30.4593 -19.2815 5
      vertex 24.8203 -17.3794 5
      vertex 30.4025 -19.4186 5
    endloop
  endfacet
  facet normal 0 0 1
    outer loop
      vertex 30.4025 -19.4186 5
      vertex 24.8203 -17.3794 5
      vertex 30.3579 -19.56 5
    endloop
  endfacet
  facet normal 0 0 1
    outer loop
      vertex 30.3579 -19.56 5
      vertex 24.8203 -17.3794 5
      vertex 30.3258 -19.7048 5
    endloop
  endfacet
  facet normal 0 0 1
    outer loop
      vertex 30.3258 -19.7048 5
      vertex 24.8203 -17.3794 5
      vertex 30.3065 -19.8518 5
    endloop
  endfacet
  facet normal 0 0 1
    outer loop
      vertex 30.3065 -19.8518 5
      vertex 24.8203 -17.3794 5
      vertex 30.3 -20 5
    endloop
  endfacet
  facet normal 0 0 1
    outer loop
      vertex 30.3 -20 5
      vertex 24.8203 -17.3794 5
      vertex 30.3065 -20.1482 5
    endloop
  endfacet
  facet normal -0 0 1
    outer loop
      vertex 23.2111 -19.4765 5
      vertex 30.3065 -20.1482 5
      vertex 24.8203 -17.3794 5
    endloop
  endfacet
  facet normal 0 0 1
    outer loop
      vertex 30.3065 -20.1482 5
      vertex 23.2111 -19.4765 5
      vertex 30.3258 -20.2952 5
    endloop
  endfacet
  facet normal 0 0 1
    outer loop
      vertex 30.3258 -20.2952 5
      vertex 23.2111 -19.4765 5
      vertex 30.3579 -20.44 5
    endloop
  endfacet
  facet normal 0 0 1
    outer loop
      vertex 30.3579 -20.44 5
      vertex 23.2111 -19.4765 5
      vertex 30.4025 -20.5814 5
    endloop
  endfacet
  facet normal 0 0 1
    outer loop
      vertex 30.4025 -20.5814 5
      vertex 23.2111 -19.4765 5
      vertex 30.4593 -20.7185 5
    endloop
  endfacet
  facet normal 0 0 1
    outer loop
      vertex 30.4593 -20.7185 5
      vertex 23.2111 -19.4765 5
      vertex 30.5278 -20.85 5
    endloop
  endfacet
  facet normal 0 0 1
    outer loop
      vertex 30.6074 -20.9751 5
      vertex 23.2111 -19.4765 5
      vertex 21.4253 -21.4253 5
    endloop
  endfacet
  facet normal 0 0 1
    outer loop
      vertex 31.0249 -21.3926 5
      vertex 21.4253 -21.4253 5
      vertex 19.4765 -23.2111 5
    endloop
  endfacet
  facet normal 0 0 1
    outer loop
      vertex 31.15 -21.4722 5
      vertex 19.4765 -23.2111 5
      vertex 35.5 -30 5
    endloop
  endfacet
  facet normal -0 0 1
    outer loop
      vertex 17.3794 -24.8203 5
      vertex 35.5 -30 5
      vertex 19.4765 -23.2111 5
    endloop
  endfacet
  facet normal -0 0 1
    outer loop
      vertex 15.15 -26.2406 5
      vertex 35.5 -30 5
      vertex 17.3794 -24.8203 5
    endloop
  endfacet
  facet normal -0 0 1
    outer loop
      vertex 12.8053 -27.4611 5
      vertex 35.5 -30 5
      vertex 15.15 -26.2406 5
    endloop
  endfacet
  facet normal -0 0 1
    outer loop
      vertex 10.3632 -28.4727 5
      vertex 35.5 -30 5
      vertex 12.8053 -27.4611 5
    endloop
  endfacet
  facet normal -0 0 1
    outer loop
      vertex 7.84222 -29.2676 5
      vertex 35.5 -30 5
      vertex 10.3632 -28.4727 5
    endloop
  endfacet
  facet normal -0 0 1
    outer loop
      vertex 5.26154 -29.8397 5
      vertex 35.5 -30 5
      vertex 7.84222 -29.2676 5
    endloop
  endfacet
  facet normal 0 0 1
    outer loop
      vertex 35.5 -30 5
      vertex 5.26154 -29.8397 5
      vertex 4.04374 -30 5
    endloop
  endfacet
  facet normal -0.991446 -0.130517 0
    outer loop
      vertex 30.1847 2.64082 1
      vertex 29.8397 5.26154 5
      vertex 29.8397 5.26154 1
    endloop
  endfacet
  facet normal -0.991446 -0.130517 0
    outer loop
      vertex 29.8397 5.26154 5
      vertex 30.1847 2.64082 1
      vertex 30.1847 2.64082 5
    endloop
  endfacet
  facet normal -0.999048 -0.0436191 0
    outer loop
      vertex 30.3 0 1
      vertex 30.1847 2.64082 5
      vertex 30.1847 2.64082 1
    endloop
  endfacet
  facet normal -0.999048 -0.0436191 0
    outer loop
      vertex 30.1847 2.64082 5
      vertex 30.3 0 1
      vertex 30.3 0 5
    endloop
  endfacet
  facet normal -0.976298 -0.216431 0
    outer loop
      vertex 29.8397 5.26154 1
      vertex 29.2676 7.84222 5
      vertex 29.2676 7.84222 1
    endloop
  endfacet
  facet normal -0.976298 -0.216431 0
    outer loop
      vertex 29.2676 7.84222 5
      vertex 29.8397 5.26154 1
      vertex 29.8397 5.26154 5
    endloop
  endfacet
  facet normal 0.216431 -0.976298 0
    outer loop
      vertex -7.84222 29.2676 1
      vertex -5.26154 29.8397 5
      vertex -7.84222 29.2676 5
    endloop
  endfacet
  facet normal 0.216431 -0.976298 0
    outer loop
      vertex -5.26154 29.8397 5
      vertex -7.84222 29.2676 1
      vertex -5.26154 29.8397 1
    endloop
  endfacet
  facet normal 0.887022 -0.461727 0
    outer loop
      vertex -27.4611 12.8053 5
      vertex -26.2406 15.15 1
      vertex -26.2406 15.15 5
    endloop
  endfacet
  facet normal 0.887022 -0.461727 0
    outer loop
      vertex -26.2406 15.15 1
      vertex -27.4611 12.8053 5
      vertex -27.4611 12.8053 1
    endloop
  endfacet
  facet normal -0.843389 -0.537304 0
    outer loop
      vertex 26.2406 15.15 1
      vertex 24.8203 17.3794 5
      vertex 24.8203 17.3794 1
    endloop
  endfacet
  facet normal -0.843389 -0.537304 0
    outer loop
      vertex 24.8203 17.3794 5
      vertex 26.2406 15.15 1
      vertex 26.2406 15.15 5
    endloop
  endfacet
  facet normal -0.999048 0.0436191 0
    outer loop
      vertex 30.1847 -2.64082 1
      vertex 30.3 0 5
      vertex 30.3 0 1
    endloop
  endfacet
  facet normal -0.999048 0.0436191 0
    outer loop
      vertex 30.3 0 5
      vertex 30.1847 -2.64082 1
      vertex 30.1847 -2.64082 5
    endloop
  endfacet
  facet normal 0.976298 0.216431 0
    outer loop
      vertex -29.2676 -7.84222 5
      vertex -29.8397 -5.26154 1
      vertex -29.8397 -5.26154 5
    endloop
  endfacet
  facet normal 0.976298 0.216431 0
    outer loop
      vertex -29.8397 -5.26154 1
      vertex -29.2676 -7.84222 5
      vertex -29.2676 -7.84222 1
    endloop
  endfacet
  facet normal 0.608771 0.793346 -0
    outer loop
      vertex -17.3794 -24.8203 1
      vertex -19.4765 -23.2111 5
      vertex -17.3794 -24.8203 5
    endloop
  endfacet
  facet normal 0.608771 0.793346 0
    outer loop
      vertex -19.4765 -23.2111 5
      vertex -17.3794 -24.8203 1
      vertex -19.4765 -23.2111 1
    endloop
  endfacet
  facet normal 0.300719 0.953713 -0
    outer loop
      vertex -7.84222 -29.2676 1
      vertex -10.3632 -28.4727 5
      vertex -7.84222 -29.2676 5
    endloop
  endfacet
  facet normal 0.300719 0.953713 0
    outer loop
      vertex -10.3632 -28.4727 5
      vertex -7.84222 -29.2676 1
      vertex -10.3632 -28.4727 1
    endloop
  endfacet
  facet normal -0.793346 -0.608771 0
    outer loop
      vertex 24.8203 17.3794 1
      vertex 23.2111 19.4765 5
      vertex 23.2111 19.4765 1
    endloop
  endfacet
  facet normal -0.793346 -0.608771 0
    outer loop
      vertex 23.2111 19.4765 5
      vertex 24.8203 17.3794 1
      vertex 24.8203 17.3794 5
    endloop
  endfacet
  facet normal -0.923873 0.382699 0
    outer loop
      vertex 27.4611 -12.8053 1
      vertex 28.4727 -10.3632 5
      vertex 28.4727 -10.3632 1
    endloop
  endfacet
  facet normal -0.923873 0.382699 0
    outer loop
      vertex 28.4727 -10.3632 5
      vertex 27.4611 -12.8053 1
      vertex 27.4611 -12.8053 5
    endloop
  endfacet
  facet normal -0.953713 -0.300719 0
    outer loop
      vertex 29.2676 7.84222 1
      vertex 28.4727 10.3632 5
      vertex 28.4727 10.3632 1
    endloop
  endfacet
  facet normal -0.953713 -0.300719 0
    outer loop
      vertex 28.4727 10.3632 5
      vertex 29.2676 7.84222 1
      vertex 29.2676 7.84222 5
    endloop
  endfacet
  facet normal -0.953713 0.300719 0
    outer loop
      vertex 28.4727 -10.3632 1
      vertex 29.2676 -7.84222 5
      vertex 29.2676 -7.84222 1
    endloop
  endfacet
  facet normal -0.953713 0.300719 0
    outer loop
      vertex 29.2676 -7.84222 5
      vertex 28.4727 -10.3632 1
      vertex 28.4727 -10.3632 5
    endloop
  endfacet
  facet normal -0.991446 0.130517 0
    outer loop
      vertex 29.8397 -5.26154 1
      vertex 30.1847 -2.64082 5
      vertex 30.1847 -2.64082 1
    endloop
  endfacet
  facet normal -0.991446 0.130517 0
    outer loop
      vertex 30.1847 -2.64082 5
      vertex 29.8397 -5.26154 1
      vertex 29.8397 -5.26154 5
    endloop
  endfacet
  facet normal 0.953713 0.300719 0
    outer loop
      vertex -28.4727 -10.3632 5
      vertex -29.2676 -7.84222 1
      vertex -29.2676 -7.84222 5
    endloop
  endfacet
  facet normal 0.953713 0.300719 0
    outer loop
      vertex -29.2676 -7.84222 1
      vertex -28.4727 -10.3632 5
      vertex -28.4727 -10.3632 1
    endloop
  endfacet
  facet normal -0.382699 0.923873 0
    outer loop
      vertex 12.8053 -27.4611 1
      vertex 10.3632 -28.4727 5
      vertex 12.8053 -27.4611 5
    endloop
  endfacet
  facet normal -0.382699 0.923873 0
    outer loop
      vertex 10.3632 -28.4727 5
      vertex 12.8053 -27.4611 1
      vertex 10.3632 -28.4727 1
    endloop
  endfacet
  facet normal 0.953713 -0.300719 0
    outer loop
      vertex -29.2676 7.84222 5
      vertex -28.4727 10.3632 1
      vertex -28.4727 10.3632 5
    endloop
  endfacet
  facet normal 0.953713 -0.300719 0
    outer loop
      vertex -28.4727 10.3632 1
      vertex -29.2676 7.84222 5
      vertex -29.2676 7.84222 1
    endloop
  endfacet
  facet normal 0.991446 0.130517 0
    outer loop
      vertex -29.8397 -5.26154 5
      vertex -30.1847 -2.64082 1
      vertex -30.1847 -2.64082 5
    endloop
  endfacet
  facet normal 0.991446 0.130517 0
    outer loop
      vertex -30.1847 -2.64082 1
      vertex -29.8397 -5.26154 5
      vertex -29.8397 -5.26154 1
    endloop
  endfacet
  facet normal 0.382699 -0.923873 0
    outer loop
      vertex -12.8053 27.4611 1
      vertex -10.3632 28.4727 5
      vertex -12.8053 27.4611 5
    endloop
  endfacet
  facet normal 0.382699 -0.923873 0
    outer loop
      vertex -10.3632 28.4727 5
      vertex -12.8053 27.4611 1
      vertex -10.3632 28.4727 1
    endloop
  endfacet
  facet normal 0.537304 -0.843389 0
    outer loop
      vertex -17.3794 24.8203 1
      vertex -15.15 26.2406 5
      vertex -17.3794 24.8203 5
    endloop
  endfacet
  facet normal 0.537304 -0.843389 0
    outer loop
      vertex -15.15 26.2406 5
      vertex -17.3794 24.8203 1
      vertex -15.15 26.2406 1
    endloop
  endfacet
  facet normal -0.737267 0.675601 0
    outer loop
      vertex 21.4253 -21.4253 1
      vertex 23.2111 -19.4765 5
      vertex 23.2111 -19.4765 1
    endloop
  endfacet
  facet normal -0.737267 0.675601 0
    outer loop
      vertex 23.2111 -19.4765 5
      vertex 21.4253 -21.4253 1
      vertex 21.4253 -21.4253 5
    endloop
  endfacet
  facet normal -0.300719 -0.953713 0
    outer loop
      vertex 7.84222 29.2676 1
      vertex 10.3632 28.4727 5
      vertex 7.84222 29.2676 5
    endloop
  endfacet
  facet normal -0.300719 -0.953713 -0
    outer loop
      vertex 10.3632 28.4727 5
      vertex 7.84222 29.2676 1
      vertex 10.3632 28.4727 1
    endloop
  endfacet
  facet normal 0.923873 0.382699 0
    outer loop
      vertex -27.4611 -12.8053 5
      vertex -28.4727 -10.3632 1
      vertex -28.4727 -10.3632 5
    endloop
  endfacet
  facet normal 0.923873 0.382699 0
    outer loop
      vertex -28.4727 -10.3632 1
      vertex -27.4611 -12.8053 5
      vertex -27.4611 -12.8053 1
    endloop
  endfacet
  facet normal 0.843389 -0.537304 0
    outer loop
      vertex -26.2406 15.15 5
      vertex -24.8203 17.3794 1
      vertex -24.8203 17.3794 5
    endloop
  endfacet
  facet normal 0.843389 -0.537304 0
    outer loop
      vertex -24.8203 17.3794 1
      vertex -26.2406 15.15 5
      vertex -26.2406 15.15 1
    endloop
  endfacet
  facet normal 0.300719 -0.953713 0
    outer loop
      vertex -10.3632 28.4727 1
      vertex -7.84222 29.2676 5
      vertex -10.3632 28.4727 5
    endloop
  endfacet
  facet normal 0.300719 -0.953713 0
    outer loop
      vertex -7.84222 29.2676 5
      vertex -10.3632 28.4727 1
      vertex -7.84222 29.2676 1
    endloop
  endfacet
  facet normal 0.675601 -0.737267 0
    outer loop
      vertex -21.4253 21.4253 1
      vertex -19.4765 23.2111 5
      vertex -21.4253 21.4253 5
    endloop
  endfacet
  facet normal 0.675601 -0.737267 0
    outer loop
      vertex -19.4765 23.2111 5
      vertex -21.4253 21.4253 1
      vertex -19.4765 23.2111 1
    endloop
  endfacet
  facet normal -0.923873 -0.382699 0
    outer loop
      vertex 28.4727 10.3632 1
      vertex 27.4611 12.8053 5
      vertex 27.4611 12.8053 1
    endloop
  endfacet
  facet normal -0.923873 -0.382699 0
    outer loop
      vertex 27.4611 12.8053 5
      vertex 28.4727 10.3632 1
      vertex 28.4727 10.3632 5
    endloop
  endfacet
  facet normal -0.608771 -0.793346 0
    outer loop
      vertex 17.3794 24.8203 1
      vertex 19.4765 23.2111 5
      vertex 17.3794 24.8203 5
    endloop
  endfacet
  facet normal -0.608771 -0.793346 -0
    outer loop
      vertex 19.4765 23.2111 5
      vertex 17.3794 24.8203 1
      vertex 19.4765 23.2111 1
    endloop
  endfacet
  facet normal -0.216431 0.976298 0
    outer loop
      vertex 7.84222 -29.2676 1
      vertex 5.26154 -29.8397 5
      vertex 7.84222 -29.2676 5
    endloop
  endfacet
  facet normal -0.216431 0.976298 0
    outer loop
      vertex 5.26154 -29.8397 5
      vertex 7.84222 -29.2676 1
      vertex 5.26154 -29.8397 1
    endloop
  endfacet
  facet normal 0.793346 0.608771 0
    outer loop
      vertex -23.2111 -19.4765 5
      vertex -24.8203 -17.3794 1
      vertex -24.8203 -17.3794 5
    endloop
  endfacet
  facet normal 0.793346 0.608771 0
    outer loop
      vertex -24.8203 -17.3794 1
      vertex -23.2111 -19.4765 5
      vertex -23.2111 -19.4765 1
    endloop
  endfacet
  facet normal -0.300719 0.953713 0
    outer loop
      vertex 10.3632 -28.4727 1
      vertex 7.84222 -29.2676 5
      vertex 10.3632 -28.4727 5
    endloop
  endfacet
  facet normal -0.300719 0.953713 0
    outer loop
      vertex 7.84222 -29.2676 5
      vertex 10.3632 -28.4727 1
      vertex 7.84222 -29.2676 1
    endloop
  endfacet
  facet normal -0.976298 0.216431 0
    outer loop
      vertex 29.2676 -7.84222 1
      vertex 29.8397 -5.26154 5
      vertex 29.8397 -5.26154 1
    endloop
  endfacet
  facet normal -0.976298 0.216431 0
    outer loop
      vertex 29.8397 -5.26154 5
      vertex 29.2676 -7.84222 1
      vertex 29.2676 -7.84222 5
    endloop
  endfacet
  facet normal 0.537304 0.843389 -0
    outer loop
      vertex -15.15 -26.2406 1
      vertex -17.3794 -24.8203 5
      vertex -15.15 -26.2406 5
    endloop
  endfacet
  facet normal 0.537304 0.843389 0
    outer loop
      vertex -17.3794 -24.8203 5
      vertex -15.15 -26.2406 1
      vertex -17.3794 -24.8203 1
    endloop
  endfacet
  facet normal -0.793346 0.608771 0
    outer loop
      vertex 23.2111 -19.4765 1
      vertex 24.8203 -17.3794 5
      vertex 24.8203 -17.3794 1
    endloop
  endfacet
  facet normal -0.793346 0.608771 0
    outer loop
      vertex 24.8203 -17.3794 5
      vertex 23.2111 -19.4765 1
      vertex 23.2111 -19.4765 5
    endloop
  endfacet
  facet normal -0.130505 0.991448 1.05974e-05
    outer loop
      vertex 5.26154 -29.8397 5
      vertex 5 -29.8741 2.5
      vertex 4.04374 -30 5
    endloop
  endfacet
  facet normal -0.130405 0.991461 0
    outer loop
      vertex 5.26154 -29.8397 1
      vertex 5 -29.8741 2.5
      vertex 5.26154 -29.8397 5
    endloop
  endfacet
  facet normal -0.130405 0.991461 0
    outer loop
      vertex 5 -29.8741 2.5
      vertex 5.26154 -29.8397 1
      vertex 5 -29.8741 1
    endloop
  endfacet
  facet normal -0.130532 0.991444 0
    outer loop
      vertex 4.04374 -30 5
      vertex 5 -29.8741 2.5
      vertex 4.04374 -30 2.5
    endloop
  endfacet
  facet normal -0.382699 -0.923873 0
    outer loop
      vertex 10.3632 28.4727 1
      vertex 12.8053 27.4611 5
      vertex 10.3632 28.4727 5
    endloop
  endfacet
  facet normal -0.382699 -0.923873 -0
    outer loop
      vertex 12.8053 27.4611 5
      vertex 10.3632 28.4727 1
      vertex 12.8053 27.4611 1
    endloop
  endfacet
  facet normal 0.999048 0.0436191 0
    outer loop
      vertex -30.1847 -2.64082 5
      vertex -30.3 0 1
      vertex -30.3 0 5
    endloop
  endfacet
  facet normal 0.999048 0.0436191 0
    outer loop
      vertex -30.3 0 1
      vertex -30.1847 -2.64082 5
      vertex -30.1847 -2.64082 1
    endloop
  endfacet
  facet normal 0.216431 0.976298 -0
    outer loop
      vertex -5.26154 -29.8397 1
      vertex -7.84222 -29.2676 5
      vertex -5.26154 -29.8397 5
    endloop
  endfacet
  facet normal 0.216431 0.976298 0
    outer loop
      vertex -7.84222 -29.2676 5
      vertex -5.26154 -29.8397 1
      vertex -7.84222 -29.2676 1
    endloop
  endfacet
  facet normal 0.737267 0.675601 0
    outer loop
      vertex -21.4253 -21.4253 5
      vertex -23.2111 -19.4765 1
      vertex -23.2111 -19.4765 5
    endloop
  endfacet
  facet normal 0.737267 0.675601 0
    outer loop
      vertex -23.2111 -19.4765 1
      vertex -21.4253 -21.4253 5
      vertex -21.4253 -21.4253 1
    endloop
  endfacet
  facet normal -0.737267 -0.675601 0
    outer loop
      vertex 23.2111 19.4765 1
      vertex 21.4253 21.4253 5
      vertex 21.4253 21.4253 1
    endloop
  endfacet
  facet normal -0.737267 -0.675601 0
    outer loop
      vertex 21.4253 21.4253 5
      vertex 23.2111 19.4765 1
      vertex 23.2111 19.4765 5
    endloop
  endfacet
  facet normal 0.976298 -0.216431 0
    outer loop
      vertex -29.8397 5.26154 5
      vertex -29.2676 7.84222 1
      vertex -29.2676 7.84222 5
    endloop
  endfacet
  facet normal 0.976298 -0.216431 0
    outer loop
      vertex -29.2676 7.84222 1
      vertex -29.8397 5.26154 5
      vertex -29.8397 5.26154 1
    endloop
  endfacet
  facet normal -0.887022 -0.461727 0
    outer loop
      vertex 27.4611 12.8053 1
      vertex 26.2406 15.15 5
      vertex 26.2406 15.15 1
    endloop
  endfacet
  facet normal -0.887022 -0.461727 0
    outer loop
      vertex 26.2406 15.15 5
      vertex 27.4611 12.8053 1
      vertex 27.4611 12.8053 5
    endloop
  endfacet
  facet normal -0.675601 -0.737267 0
    outer loop
      vertex 19.4765 23.2111 1
      vertex 21.4253 21.4253 5
      vertex 19.4765 23.2111 5
    endloop
  endfacet
  facet normal -0.675601 -0.737267 -0
    outer loop
      vertex 21.4253 21.4253 5
      vertex 19.4765 23.2111 1
      vertex 21.4253 21.4253 1
    endloop
  endfacet
  facet normal 0.130505 -0.991448 0
    outer loop
      vertex -5.26154 29.8397 1
      vertex -4.04374 30 5
      vertex -5.26154 29.8397 5
    endloop
  endfacet
  facet normal 0.130505 -0.991448 0
    outer loop
      vertex -4.04374 30 5
      vertex -5.26154 29.8397 1
      vertex -4.04374 30 1
    endloop
  endfacet
  facet normal 0.608771 -0.793346 0
    outer loop
      vertex -19.4765 23.2111 1
      vertex -17.3794 24.8203 5
      vertex -19.4765 23.2111 5
    endloop
  endfacet
  facet normal 0.608771 -0.793346 0
    outer loop
      vertex -17.3794 24.8203 5
      vertex -19.4765 23.2111 1
      vertex -17.3794 24.8203 1
    endloop
  endfacet
  facet normal 0 0 1
    outer loop
      vertex 5 -13 1
      vertex 30.3 0 1
      vertex 30.1847 2.64082 1
    endloop
  endfacet
  facet normal 0 0 1
    outer loop
      vertex 5 -13 1
      vertex 30.1847 2.64082 1
      vertex 29.8397 5.26154 1
    endloop
  endfacet
  facet normal 0 0 1
    outer loop
      vertex 30.3 0 1
      vertex 5 -13 1
      vertex 30.1847 -2.64082 1
    endloop
  endfacet
  facet normal 0 0 1
    outer loop
      vertex 5 -13 1
      vertex 29.8397 5.26154 1
      vertex 29.2676 7.84222 1
    endloop
  endfacet
  facet normal 0 0 1
    outer loop
      vertex 30.1847 -2.64082 1
      vertex 5 -13 1
      vertex 29.8397 -5.26154 1
    endloop
  endfacet
  facet normal 0 0 1
    outer loop
      vertex 5 -13 1
      vertex 29.2676 7.84222 1
      vertex 28.4727 10.3632 1
    endloop
  endfacet
  facet normal 0 0 1
    outer loop
      vertex 29.8397 -5.26154 1
      vertex 5 -13 1
      vertex 29.2676 -7.84222 1
    endloop
  endfacet
  facet normal 0 0 1
    outer loop
      vertex 5 -13 1
      vertex 28.4727 10.3632 1
      vertex 27.4611 12.8053 1
    endloop
  endfacet
  facet normal 0 0 1
    outer loop
      vertex 29.2676 -7.84222 1
      vertex 5 -13 1
      vertex 28.4727 -10.3632 1
    endloop
  endfacet
  facet normal 0 0 1
    outer loop
      vertex 5 -13 1
      vertex 27.4611 12.8053 1
      vertex 26.2406 15.15 1
    endloop
  endfacet
  facet normal 0 0 1
    outer loop
      vertex 28.4727 -10.3632 1
      vertex 5 -13 1
      vertex 27.4611 -12.8053 1
    endloop
  endfacet
  facet normal 0 0 1
    outer loop
      vertex 5 -13 1
      vertex 26.2406 15.15 1
      vertex 24.8203 17.3794 1
    endloop
  endfacet
  facet normal 0 0 1
    outer loop
      vertex 27.4611 -12.8053 1
      vertex 5 -13 1
      vertex 26.2406 -15.15 1
    endloop
  endfacet
  facet normal 0 0 1
    outer loop
      vertex 5 -13 1
      vertex 24.8203 17.3794 1
      vertex 23.2111 19.4765 1
    endloop
  endfacet
  facet normal 0 0 1
    outer loop
      vertex 26.2406 -15.15 1
      vertex 5 -13 1
      vertex 24.8203 -17.3794 1
    endloop
  endfacet
  facet normal 0 0 1
    outer loop
      vertex 5 -13 1
      vertex 23.2111 19.4765 1
      vertex 21.4253 21.4253 1
    endloop
  endfacet
  facet normal 0 0 1
    outer loop
      vertex 24.8203 -17.3794 1
      vertex 5 -13 1
      vertex 23.2111 -19.4765 1
    endloop
  endfacet
  facet normal 0 0 1
    outer loop
      vertex 5 -13 1
      vertex 21.4253 21.4253 1
      vertex 19.4765 23.2111 1
    endloop
  endfacet
  facet normal 0 0 1
    outer loop
      vertex 23.2111 -19.4765 1
      vertex 5 -13 1
      vertex 21.4253 -21.4253 1
    endloop
  endfacet
  facet normal 0 0 1
    outer loop
      vertex 5 -13 1
      vertex 19.4765 23.2111 1
      vertex 17.3794 24.8203 1
    endloop
  endfacet
  facet normal 0 0 1
    outer loop
      vertex 21.4253 -21.4253 1
      vertex 5 -13 1
      vertex 19.4765 -23.2111 1
    endloop
  endfacet
  facet normal 0 0 1
    outer loop
      vertex 5 -13 1
      vertex 17.3794 24.8203 1
      vertex 15.15 26.2406 1
    endloop
  endfacet
  facet normal 0 0 1
    outer loop
      vertex 19.4765 -23.2111 1
      vertex 5 -13 1
      vertex 17.3794 -24.8203 1
    endloop
  endfacet
  facet normal 0 0 1
    outer loop
      vertex 5 -13 1
      vertex 15.15 26.2406 1
      vertex 12.8053 27.4611 1
    endloop
  endfacet
  facet normal 0 0 1
    outer loop
      vertex 17.3794 -24.8203 1
      vertex 5 -13 1
      vertex 15.15 -26.2406 1
    endloop
  endfacet
  facet normal 0 0 1
    outer loop
      vertex 5 -13 1
      vertex 12.8053 27.4611 1
      vertex 10.3632 28.4727 1
    endloop
  endfacet
  facet normal 0 0 1
    outer loop
      vertex 15.15 -26.2406 1
      vertex 5 -13 1
      vertex 12.8053 -27.4611 1
    endloop
  endfacet
  facet normal 0 0 1
    outer loop
      vertex 5 -13 1
      vertex 10.3632 28.4727 1
      vertex 7.84222 29.2676 1
    endloop
  endfacet
  facet normal 0 0 1
    outer loop
      vertex 12.8053 -27.4611 1
      vertex 5 -13 1
      vertex 10.3632 -28.4727 1
    endloop
  endfacet
  facet normal 0 0 1
    outer loop
      vertex 5 -13 1
      vertex 7.84222 29.2676 1
      vertex 5.26154 29.8397 1
    endloop
  endfacet
  facet normal 0 0 1
    outer loop
      vertex 10.3632 -28.4727 1
      vertex 5 -13 1
      vertex 7.84222 -29.2676 1
    endloop
  endfacet
  facet normal 0 0 1
    outer loop
      vertex 7.84222 -29.2676 1
      vertex 5 -13 1
      vertex 5.26154 -29.8397 1
    endloop
  endfacet
  facet normal 0 0 1
    outer loop
      vertex 4.04374 30 1
      vertex 5 -13 1
      vertex 5.26154 29.8397 1
    endloop
  endfacet
  facet normal -0 0 1
    outer loop
      vertex -4.04374 30 1
      vertex 5 -13 1
      vertex 4.04374 30 1
    endloop
  endfacet
  facet normal 0 0 1
    outer loop
      vertex -4.04374 30 1
      vertex -5 -13 1
      vertex 5 -13 1
    endloop
  endfacet
  facet normal -0 0 1
    outer loop
      vertex -5.26154 29.8397 1
      vertex -5 -13 1
      vertex -4.04374 30 1
    endloop
  endfacet
  facet normal -0 0 1
    outer loop
      vertex -7.84222 29.2676 1
      vertex -5 -13 1
      vertex -5.26154 29.8397 1
    endloop
  endfacet
  facet normal -0 0 1
    outer loop
      vertex -10.3632 28.4727 1
      vertex -5 -13 1
      vertex -7.84222 29.2676 1
    endloop
  endfacet
  facet normal 0 -0 1
    outer loop
      vertex -5.26154 -29.8397 1
      vertex -5 -13 1
      vertex -7.84222 -29.2676 1
    endloop
  endfacet
  facet normal 0 0 1
    outer loop
      vertex -5 -13 1
      vertex -5.26154 -29.8397 1
      vertex -5 -29.8741 1
    endloop
  endfacet
  facet normal -0 0 1
    outer loop
      vertex -12.8053 27.4611 1
      vertex -5 -13 1
      vertex -10.3632 28.4727 1
    endloop
  endfacet
  facet normal 0 0 1
    outer loop
      vertex -5 -13 1
      vertex -10.3632 -28.4727 1
      vertex -7.84222 -29.2676 1
    endloop
  endfacet
  facet normal -0 0 1
    outer loop
      vertex -15.15 26.2406 1
      vertex -5 -13 1
      vertex -12.8053 27.4611 1
    endloop
  endfacet
  facet normal 0 0 1
    outer loop
      vertex -5 -13 1
      vertex -12.8053 -27.4611 1
      vertex -10.3632 -28.4727 1
    endloop
  endfacet
  facet normal -0 0 1
    outer loop
      vertex -17.3794 24.8203 1
      vertex -5 -13 1
      vertex -15.15 26.2406 1
    endloop
  endfacet
  facet normal 0 0 1
    outer loop
      vertex -5 -13 1
      vertex -15.15 -26.2406 1
      vertex -12.8053 -27.4611 1
    endloop
  endfacet
  facet normal -0 0 1
    outer loop
      vertex -19.4765 23.2111 1
      vertex -5 -13 1
      vertex -17.3794 24.8203 1
    endloop
  endfacet
  facet normal 0 0 1
    outer loop
      vertex -5 -13 1
      vertex -17.3794 -24.8203 1
      vertex -15.15 -26.2406 1
    endloop
  endfacet
  facet normal -0 0 1
    outer loop
      vertex -21.4253 21.4253 1
      vertex -5 -13 1
      vertex -19.4765 23.2111 1
    endloop
  endfacet
  facet normal 0 0 1
    outer loop
      vertex -5 -13 1
      vertex -19.4765 -23.2111 1
      vertex -17.3794 -24.8203 1
    endloop
  endfacet
  facet normal -0 0 1
    outer loop
      vertex -23.2111 19.4765 1
      vertex -5 -13 1
      vertex -21.4253 21.4253 1
    endloop
  endfacet
  facet normal 0 0 1
    outer loop
      vertex -5 -13 1
      vertex -21.4253 -21.4253 1
      vertex -19.4765 -23.2111 1
    endloop
  endfacet
  facet normal -0 0 1
    outer loop
      vertex -24.8203 17.3794 1
      vertex -5 -13 1
      vertex -23.2111 19.4765 1
    endloop
  endfacet
  facet normal 0 0 1
    outer loop
      vertex -5 -13 1
      vertex -23.2111 -19.4765 1
      vertex -21.4253 -21.4253 1
    endloop
  endfacet
  facet normal -0 0 1
    outer loop
      vertex -26.2406 15.15 1
      vertex -5 -13 1
      vertex -24.8203 17.3794 1
    endloop
  endfacet
  facet normal 0 0 1
    outer loop
      vertex -5 -13 1
      vertex -24.8203 -17.3794 1
      vertex -23.2111 -19.4765 1
    endloop
  endfacet
  facet normal -0 0 1
    outer loop
      vertex -27.4611 12.8053 1
      vertex -5 -13 1
      vertex -26.2406 15.15 1
    endloop
  endfacet
  facet normal 0 0 1
    outer loop
      vertex -5 -13 1
      vertex -26.2406 -15.15 1
      vertex -24.8203 -17.3794 1
    endloop
  endfacet
  facet normal -0 0 1
    outer loop
      vertex -28.4727 10.3632 1
      vertex -5 -13 1
      vertex -27.4611 12.8053 1
    endloop
  endfacet
  facet normal 0 0 1
    outer loop
      vertex -5 -13 1
      vertex -27.4611 -12.8053 1
      vertex -26.2406 -15.15 1
    endloop
  endfacet
  facet normal -0 0 1
    outer loop
      vertex -29.2676 7.84222 1
      vertex -5 -13 1
      vertex -28.4727 10.3632 1
    endloop
  endfacet
  facet normal 0 0 1
    outer loop
      vertex -5 -13 1
      vertex -28.4727 -10.3632 1
      vertex -27.4611 -12.8053 1
    endloop
  endfacet
  facet normal -0 0 1
    outer loop
      vertex -29.8397 5.26154 1
      vertex -5 -13 1
      vertex -29.2676 7.84222 1
    endloop
  endfacet
  facet normal 0 0 1
    outer loop
      vertex -5 -13 1
      vertex -29.2676 -7.84222 1
      vertex -28.4727 -10.3632 1
    endloop
  endfacet
  facet normal -0 0 1
    outer loop
      vertex -30.1847 2.64082 1
      vertex -5 -13 1
      vertex -29.8397 5.26154 1
    endloop
  endfacet
  facet normal 0 0 1
    outer loop
      vertex -5 -13 1
      vertex -29.8397 -5.26154 1
      vertex -29.2676 -7.84222 1
    endloop
  endfacet
  facet normal -0 0 1
    outer loop
      vertex -30.3 0 1
      vertex -5 -13 1
      vertex -30.1847 2.64082 1
    endloop
  endfacet
  facet normal 0 0 1
    outer loop
      vertex -5 -13 1
      vertex -30.1847 -2.64082 1
      vertex -29.8397 -5.26154 1
    endloop
  endfacet
  facet normal 0 0 1
    outer loop
      vertex -5 -13 1
      vertex -30.3 0 1
      vertex -30.1847 -2.64082 1
    endloop
  endfacet
  facet normal 0 0 1
    outer loop
      vertex 5.26154 -29.8397 1
      vertex 5 -13 1
      vertex 5 -29.8741 1
    endloop
  endfacet
  facet normal 0.461727 -0.887022 0
    outer loop
      vertex -15.15 26.2406 1
      vertex -12.8053 27.4611 5
      vertex -15.15 26.2406 5
    endloop
  endfacet
  facet normal 0.461727 -0.887022 0
    outer loop
      vertex -12.8053 27.4611 5
      vertex -15.15 26.2406 1
      vertex -12.8053 27.4611 1
    endloop
  endfacet
  facet normal -0.537304 -0.843389 0
    outer loop
      vertex 15.15 26.2406 1
      vertex 17.3794 24.8203 5
      vertex 15.15 26.2406 5
    endloop
  endfacet
  facet normal -0.537304 -0.843389 -0
    outer loop
      vertex 17.3794 24.8203 5
      vertex 15.15 26.2406 1
      vertex 17.3794 24.8203 1
    endloop
  endfacet
  facet normal -0.461727 0.887022 0
    outer loop
      vertex 15.15 -26.2406 1
      vertex 12.8053 -27.4611 5
      vertex 15.15 -26.2406 5
    endloop
  endfacet
  facet normal -0.461727 0.887022 0
    outer loop
      vertex 12.8053 -27.4611 5
      vertex 15.15 -26.2406 1
      vertex 12.8053 -27.4611 1
    endloop
  endfacet
  facet normal -0.216431 -0.976298 0
    outer loop
      vertex 5.26154 29.8397 1
      vertex 7.84222 29.2676 5
      vertex 5.26154 29.8397 5
    endloop
  endfacet
  facet normal -0.216431 -0.976298 -0
    outer loop
      vertex 7.84222 29.2676 5
      vertex 5.26154 29.8397 1
      vertex 7.84222 29.2676 1
    endloop
  endfacet
  facet normal 0.843389 0.537304 0
    outer loop
      vertex -24.8203 -17.3794 5
      vertex -26.2406 -15.15 1
      vertex -26.2406 -15.15 5
    endloop
  endfacet
  facet normal 0.843389 0.537304 0
    outer loop
      vertex -26.2406 -15.15 1
      vertex -24.8203 -17.3794 5
      vertex -24.8203 -17.3794 1
    endloop
  endfacet
  facet normal 0.675601 0.737267 -0
    outer loop
      vertex -19.4765 -23.2111 1
      vertex -21.4253 -21.4253 5
      vertex -19.4765 -23.2111 5
    endloop
  endfacet
  facet normal 0.675601 0.737267 0
    outer loop
      vertex -21.4253 -21.4253 5
      vertex -19.4765 -23.2111 1
      vertex -21.4253 -21.4253 1
    endloop
  endfacet
  facet normal -0.461727 -0.887022 0
    outer loop
      vertex 12.8053 27.4611 1
      vertex 15.15 26.2406 5
      vertex 12.8053 27.4611 5
    endloop
  endfacet
  facet normal -0.461727 -0.887022 -0
    outer loop
      vertex 15.15 26.2406 5
      vertex 12.8053 27.4611 1
      vertex 15.15 26.2406 1
    endloop
  endfacet
  facet normal 0.923873 -0.382699 0
    outer loop
      vertex -28.4727 10.3632 5
      vertex -27.4611 12.8053 1
      vertex -27.4611 12.8053 5
    endloop
  endfacet
  facet normal 0.923873 -0.382699 0
    outer loop
      vertex -27.4611 12.8053 1
      vertex -28.4727 10.3632 5
      vertex -28.4727 10.3632 1
    endloop
  endfacet
  facet normal 0.793346 -0.608771 0
    outer loop
      vertex -24.8203 17.3794 5
      vertex -23.2111 19.4765 1
      vertex -23.2111 19.4765 5
    endloop
  endfacet
  facet normal 0.793346 -0.608771 0
    outer loop
      vertex -23.2111 19.4765 1
      vertex -24.8203 17.3794 5
      vertex -24.8203 17.3794 1
    endloop
  endfacet
  facet normal -0.537304 0.843389 0
    outer loop
      vertex 17.3794 -24.8203 1
      vertex 15.15 -26.2406 5
      vertex 17.3794 -24.8203 5
    endloop
  endfacet
  facet normal -0.537304 0.843389 0
    outer loop
      vertex 15.15 -26.2406 5
      vertex 17.3794 -24.8203 1
      vertex 15.15 -26.2406 1
    endloop
  endfacet
  facet normal 0.130532 0.991444 0
    outer loop
      vertex -5 -29.8741 2.5
      vertex -4.04374 -30 5
      vertex -4.04374 -30 2.5
    endloop
  endfacet
  facet normal 0.130505 0.991448 1.05974e-05
    outer loop
      vertex -4.04374 -30 5
      vertex -5 -29.8741 2.5
      vertex -5.26154 -29.8397 5
    endloop
  endfacet
  facet normal 0.130405 0.991461 0
    outer loop
      vertex -5.26154 -29.8397 1
      vertex -5 -29.8741 2.5
      vertex -5 -29.8741 1
    endloop
  endfacet
  facet normal 0.130405 0.991461 0
    outer loop
      vertex -5 -29.8741 2.5
      vertex -5.26154 -29.8397 1
      vertex -5.26154 -29.8397 5
    endloop
  endfacet
  facet normal 0.737267 -0.675601 0
    outer loop
      vertex -23.2111 19.4765 5
      vertex -21.4253 21.4253 1
      vertex -21.4253 21.4253 5
    endloop
  endfacet
  facet normal 0.737267 -0.675601 0
    outer loop
      vertex -21.4253 21.4253 1
      vertex -23.2111 19.4765 5
      vertex -23.2111 19.4765 1
    endloop
  endfacet
  facet normal -0.843389 0.537304 0
    outer loop
      vertex 24.8203 -17.3794 1
      vertex 26.2406 -15.15 5
      vertex 26.2406 -15.15 1
    endloop
  endfacet
  facet normal -0.843389 0.537304 0
    outer loop
      vertex 26.2406 -15.15 5
      vertex 24.8203 -17.3794 1
      vertex 24.8203 -17.3794 5
    endloop
  endfacet
  facet normal -0.887022 0.461727 0
    outer loop
      vertex 26.2406 -15.15 1
      vertex 27.4611 -12.8053 5
      vertex 27.4611 -12.8053 1
    endloop
  endfacet
  facet normal -0.887022 0.461727 0
    outer loop
      vertex 27.4611 -12.8053 5
      vertex 26.2406 -15.15 1
      vertex 26.2406 -15.15 5
    endloop
  endfacet
  facet normal 0.991446 -0.130517 0
    outer loop
      vertex -30.1847 2.64082 5
      vertex -29.8397 5.26154 1
      vertex -29.8397 5.26154 5
    endloop
  endfacet
  facet normal 0.991446 -0.130517 0
    outer loop
      vertex -29.8397 5.26154 1
      vertex -30.1847 2.64082 5
      vertex -30.1847 2.64082 1
    endloop
  endfacet
  facet normal 0.999048 -0.0436191 0
    outer loop
      vertex -30.3 0 5
      vertex -30.1847 2.64082 1
      vertex -30.1847 2.64082 5
    endloop
  endfacet
  facet normal 0.999048 -0.0436191 0
    outer loop
      vertex -30.1847 2.64082 1
      vertex -30.3 0 5
      vertex -30.3 0 1
    endloop
  endfacet
  facet normal 0.887022 0.461727 0
    outer loop
      vertex -26.2406 -15.15 5
      vertex -27.4611 -12.8053 1
      vertex -27.4611 -12.8053 5
    endloop
  endfacet
  facet normal 0.887022 0.461727 0
    outer loop
      vertex -27.4611 -12.8053 1
      vertex -26.2406 -15.15 5
      vertex -26.2406 -15.15 1
    endloop
  endfacet
  facet normal -0.130505 -0.991448 0
    outer loop
      vertex 4.04374 30 1
      vertex 5.26154 29.8397 5
      vertex 4.04374 30 5
    endloop
  endfacet
  facet normal -0.130505 -0.991448 -0
    outer loop
      vertex 5.26154 29.8397 5
      vertex 4.04374 30 1
      vertex 5.26154 29.8397 1
    endloop
  endfacet
  facet normal -0.608771 0.793346 0
    outer loop
      vertex 19.4765 -23.2111 1
      vertex 17.3794 -24.8203 5
      vertex 19.4765 -23.2111 5
    endloop
  endfacet
  facet normal -0.608771 0.793346 0
    outer loop
      vertex 17.3794 -24.8203 5
      vertex 19.4765 -23.2111 1
      vertex 17.3794 -24.8203 1
    endloop
  endfacet
  facet normal -0.675601 0.737267 0
    outer loop
      vertex 21.4253 -21.4253 1
      vertex 19.4765 -23.2111 5
      vertex 21.4253 -21.4253 5
    endloop
  endfacet
  facet normal -0.675601 0.737267 0
    outer loop
      vertex 19.4765 -23.2111 5
      vertex 21.4253 -21.4253 1
      vertex 19.4765 -23.2111 1
    endloop
  endfacet
  facet normal 0.382699 0.923873 -0
    outer loop
      vertex -10.3632 -28.4727 1
      vertex -12.8053 -27.4611 5
      vertex -10.3632 -28.4727 5
    endloop
  endfacet
  facet normal 0.382699 0.923873 0
    outer loop
      vertex -12.8053 -27.4611 5
      vertex -10.3632 -28.4727 1
      vertex -12.8053 -27.4611 1
    endloop
  endfacet
  facet normal 0.461727 0.887022 -0
    outer loop
      vertex -12.8053 -27.4611 1
      vertex -15.15 -26.2406 5
      vertex -12.8053 -27.4611 5
    endloop
  endfacet
  facet normal 0.461727 0.887022 0
    outer loop
      vertex -15.15 -26.2406 5
      vertex -12.8053 -27.4611 1
      vertex -15.15 -26.2406 1
    endloop
  endfacet
  facet normal -1 0 0
    outer loop
      vertex 5 -15.184 0
      vertex 5 -13 1
      vertex 5 -13 0
    endloop
  endfacet
  facet normal -1 0 0
    outer loop
      vertex 5 -15.184 0
      vertex 5 -29.8741 1
      vertex 5 -13 1
    endloop
  endfacet
  facet normal -1 0 0
    outer loop
      vertex 5 -30 0
      vertex 5 -29.8741 1
      vertex 5 -15.184 0
    endloop
  endfacet
  facet normal -1 0 0
    outer loop
      vertex 5 -30 2.5
      vertex 5 -29.8741 1
      vertex 5 -30 0
    endloop
  endfacet
  facet normal -1 0 0
    outer loop
      vertex 5 -29.8741 1
      vertex 5 -30 2.5
      vertex 5 -29.8741 2.5
    endloop
  endfacet
  facet normal 0 0 -1
    outer loop
      vertex -5 -29.8741 2.5
      vertex -4.04374 -30 2.5
      vertex -5 -30 2.5
    endloop
  endfacet
  facet normal 0 -0 -1
    outer loop
      vertex 5 -29.8741 2.5
      vertex 5 -30 2.5
      vertex 4.04374 -30 2.5
    endloop
  endfacet
  facet normal 1 0 0
    outer loop
      vertex -5 -29.8741 2.5
      vertex -5 -30 2.5
      vertex -5 -29.8741 1
    endloop
  endfacet
  facet normal 1 0 0
    outer loop
      vertex -5 -13 1
      vertex -5 -15.184 0
      vertex -5 -13 0
    endloop
  endfacet
  facet normal 1 -0 0
    outer loop
      vertex -5 -29.8741 1
      vertex -5 -15.184 0
      vertex -5 -13 1
    endloop
  endfacet
  facet normal 1 0 0
    outer loop
      vertex -5 -29.8741 1
      vertex -5 -30 0
      vertex -5 -15.184 0
    endloop
  endfacet
  facet normal 1 0 0
    outer loop
      vertex -5 -30 0
      vertex -5 -29.8741 1
      vertex -5 -30 2.5
    endloop
  endfacet
  facet normal 0 -1 0
    outer loop
      vertex -5 -13 0
      vertex 5 -13 1
      vertex -5 -13 1
    endloop
  endfacet
  facet normal 0 -1 -0
    outer loop
      vertex 5 -13 1
      vertex -5 -13 0
      vertex 5 -13 0
    endloop
  endfacet
  facet normal 0.991444 0.130532 0
    outer loop
      vertex 15.9391 1.39449 0
      vertex 15.7569 2.77837 -8
      vertex 15.7569 2.77837 0
    endloop
  endfacet
  facet normal 0.991444 0.130532 0
    outer loop
      vertex 15.7569 2.77837 -8
      vertex 15.9391 1.39449 0
      vertex 15.9391 1.39449 -8
    endloop
  endfacet
  facet normal 0.999048 0.0436303 0
    outer loop
      vertex 16 0 0
      vertex 15.9391 1.39449 -8
      vertex 15.9391 1.39449 0
    endloop
  endfacet
  facet normal 0.999048 0.0436303 0
    outer loop
      vertex 15.9391 1.39449 -8
      vertex 16 0 0
      vertex 16 0 -8
    endloop
  endfacet
  facet normal 0.976298 0.216433 0
    outer loop
      vertex 15.7569 2.77837 0
      vertex 15.4548 4.1411 -8
      vertex 15.4548 4.1411 0
    endloop
  endfacet
  facet normal 0.976298 0.216433 0
    outer loop
      vertex 15.4548 4.1411 -8
      vertex 15.7569 2.77837 0
      vertex 15.7569 2.77837 -8
    endloop
  endfacet
  facet normal 0.608751 0.793361 -0
    outer loop
      vertex 10.2846 12.2567 -8
      vertex 9.17722 13.1064 0
      vertex 10.2846 12.2567 0
    endloop
  endfacet
  facet normal 0.608751 0.793361 0
    outer loop
      vertex 9.17722 13.1064 0
      vertex 10.2846 12.2567 -8
      vertex 9.17722 13.1064 -8
    endloop
  endfacet
  facet normal -0.793361 -0.608751 0
    outer loop
      vertex -12.2567 -10.2846 -8
      vertex -13.1064 -9.17722 0
      vertex -13.1064 -9.17722 -8
    endloop
  endfacet
  facet normal -0.793361 -0.608751 0
    outer loop
      vertex -13.1064 -9.17722 0
      vertex -12.2567 -10.2846 -8
      vertex -12.2567 -10.2846 0
    endloop
  endfacet
  facet normal -0.130532 -0.991444 0
    outer loop
      vertex -2.77837 -15.7569 -8
      vertex -1.39449 -15.9391 0
      vertex -2.77837 -15.7569 0
    endloop
  endfacet
  facet normal -0.130532 -0.991444 -0
    outer loop
      vertex -1.39449 -15.9391 0
      vertex -2.77837 -15.7569 -8
      vertex -1.39449 -15.9391 -8
    endloop
  endfacet
  facet normal 0.737276 0.675592 0
    outer loop
      vertex 12.2567 10.2846 0
      vertex 11.3137 11.3137 -8
      vertex 11.3137 11.3137 0
    endloop
  endfacet
  facet normal 0.737276 0.675592 0
    outer loop
      vertex 11.3137 11.3137 -8
      vertex 12.2567 10.2846 0
      vertex 12.2567 10.2846 -8
    endloop
  endfacet
  facet normal -0.976298 0.216433 0
    outer loop
      vertex -15.7569 2.77837 -8
      vertex -15.4548 4.1411 0
      vertex -15.4548 4.1411 -8
    endloop
  endfacet
  facet normal -0.976298 0.216433 0
    outer loop
      vertex -15.4548 4.1411 0
      vertex -15.7569 2.77837 -8
      vertex -15.7569 2.77837 0
    endloop
  endfacet
  facet normal -0.537314 0.843382 0
    outer loop
      vertex -8 13.8564 -8
      vertex -9.17722 13.1064 0
      vertex -8 13.8564 0
    endloop
  endfacet
  facet normal -0.537314 0.843382 0
    outer loop
      vertex -9.17722 13.1064 0
      vertex -8 13.8564 -8
      vertex -9.17722 13.1064 -8
    endloop
  endfacet
  facet normal -0.216433 0.976298 0
    outer loop
      vertex -2.77837 15.7569 -8
      vertex -4.1411 15.4548 0
      vertex -2.77837 15.7569 0
    endloop
  endfacet
  facet normal -0.216433 0.976298 0
    outer loop
      vertex -4.1411 15.4548 0
      vertex -2.77837 15.7569 -8
      vertex -4.1411 15.4548 -8
    endloop
  endfacet
  facet normal 0.130532 -0.991444 0
    outer loop
      vertex 1.39449 -15.9391 -8
      vertex 2.77837 -15.7569 0
      vertex 1.39449 -15.9391 0
    endloop
  endfacet
  facet normal 0.130532 -0.991444 0
    outer loop
      vertex 2.77837 -15.7569 0
      vertex 1.39449 -15.9391 -8
      vertex 2.77837 -15.7569 -8
    endloop
  endfacet
  facet normal 0.999048 -0.0436303 0
    outer loop
      vertex 15.9391 -1.39449 0
      vertex 16 0 -8
      vertex 16 0 0
    endloop
  endfacet
  facet normal 0.999048 -0.0436303 0
    outer loop
      vertex 16 0 -8
      vertex 15.9391 -1.39449 0
      vertex 15.9391 -1.39449 -8
    endloop
  endfacet
  facet normal 0.843382 -0.537314 0
    outer loop
      vertex 13.1064 -9.17722 0
      vertex 13.8564 -8 -8
      vertex 13.8564 -8 0
    endloop
  endfacet
  facet normal 0.843382 -0.537314 0
    outer loop
      vertex 13.8564 -8 -8
      vertex 13.1064 -9.17722 0
      vertex 13.1064 -9.17722 -8
    endloop
  endfacet
  facet normal 0.608751 -0.793361 0
    outer loop
      vertex 9.17722 -13.1064 -8
      vertex 10.2846 -12.2567 0
      vertex 9.17722 -13.1064 0
    endloop
  endfacet
  facet normal 0.608751 -0.793361 0
    outer loop
      vertex 10.2846 -12.2567 0
      vertex 9.17722 -13.1064 -8
      vertex 10.2846 -12.2567 -8
    endloop
  endfacet
  facet normal 0.675592 0.737276 -0
    outer loop
      vertex 11.3137 11.3137 -8
      vertex 10.2846 12.2567 0
      vertex 11.3137 11.3137 0
    endloop
  endfacet
  facet normal 0.675592 0.737276 0
    outer loop
      vertex 10.2846 12.2567 0
      vertex 11.3137 11.3137 -8
      vertex 10.2846 12.2567 -8
    endloop
  endfacet
  facet normal -0.608751 0.793361 0
    outer loop
      vertex -9.17722 13.1064 -8
      vertex -10.2846 12.2567 0
      vertex -9.17722 13.1064 0
    endloop
  endfacet
  facet normal -0.608751 0.793361 0
    outer loop
      vertex -10.2846 12.2567 0
      vertex -9.17722 13.1064 -8
      vertex -10.2846 12.2567 -8
    endloop
  endfacet
  facet normal -0.953724 -0.300685 0
    outer loop
      vertex -15.0351 -5.47232 -8
      vertex -15.4548 -4.1411 0
      vertex -15.4548 -4.1411 -8
    endloop
  endfacet
  facet normal -0.953724 -0.300685 0
    outer loop
      vertex -15.4548 -4.1411 0
      vertex -15.0351 -5.47232 -8
      vertex -15.0351 -5.47232 0
    endloop
  endfacet
  facet normal 0.737276 -0.675592 0
    outer loop
      vertex 11.3137 -11.3137 0
      vertex 12.2567 -10.2846 -8
      vertex 12.2567 -10.2846 0
    endloop
  endfacet
  facet normal 0.737276 -0.675592 0
    outer loop
      vertex 12.2567 -10.2846 -8
      vertex 11.3137 -11.3137 0
      vertex 11.3137 -11.3137 -8
    endloop
  endfacet
  facet normal 0.843382 0.537314 0
    outer loop
      vertex 13.8564 8 0
      vertex 13.1064 9.17722 -8
      vertex 13.1064 9.17722 0
    endloop
  endfacet
  facet normal 0.843382 0.537314 0
    outer loop
      vertex 13.1064 9.17722 -8
      vertex 13.8564 8 0
      vertex 13.8564 8 -8
    endloop
  endfacet
  facet normal -0.843382 -0.537314 0
    outer loop
      vertex -13.1064 -9.17722 -8
      vertex -13.8564 -8 0
      vertex -13.8564 -8 -8
    endloop
  endfacet
  facet normal -0.843382 -0.537314 0
    outer loop
      vertex -13.8564 -8 0
      vertex -13.1064 -9.17722 -8
      vertex -13.1064 -9.17722 0
    endloop
  endfacet
  facet normal 0 0 -1
    outer loop
      vertex 2.5 0 -8
      vertex 16 0 -8
      vertex 15.9391 -1.39449 -8
    endloop
  endfacet
  facet normal 0 0 -1
    outer loop
      vertex 2.49049 -0.217889 -8
      vertex 15.9391 -1.39449 -8
      vertex 15.7569 -2.77837 -8
    endloop
  endfacet
  facet normal 0 0 -1
    outer loop
      vertex 16 0 -8
      vertex 2.5 0 -8
      vertex 15.9391 1.39449 -8
    endloop
  endfacet
  facet normal 0 0 -1
    outer loop
      vertex 2.46202 -0.43412 -8
      vertex 15.7569 -2.77837 -8
      vertex 15.4548 -4.1411 -8
    endloop
  endfacet
  facet normal 0 0 -1
    outer loop
      vertex 2.49049 0.217889 -8
      vertex 15.9391 1.39449 -8
      vertex 2.5 0 -8
    endloop
  endfacet
  facet normal 0 0 -1
    outer loop
      vertex 2.41481 -0.647047 -8
      vertex 15.4548 -4.1411 -8
      vertex 15.0351 -5.47232 -8
    endloop
  endfacet
  facet normal -0 0 -1
    outer loop
      vertex 15.9391 1.39449 -8
      vertex 2.49049 0.217889 -8
      vertex 15.7569 2.77837 -8
    endloop
  endfacet
  facet normal 0 0 -1
    outer loop
      vertex 2.34923 -0.85505 -8
      vertex 15.0351 -5.47232 -8
      vertex 14.5009 -6.76189 -8
    endloop
  endfacet
  facet normal 0 0 -1
    outer loop
      vertex 2.46202 0.43412 -8
      vertex 15.7569 2.77837 -8
      vertex 2.49049 0.217889 -8
    endloop
  endfacet
  facet normal 0 0 -1
    outer loop
      vertex 2.26577 -1.05655 -8
      vertex 14.5009 -6.76189 -8
      vertex 13.8564 -8 -8
    endloop
  endfacet
  facet normal -0 0 -1
    outer loop
      vertex 15.7569 2.77837 -8
      vertex 2.46202 0.43412 -8
      vertex 15.4548 4.1411 -8
    endloop
  endfacet
  facet normal 0 0 -1
    outer loop
      vertex 2.16506 -1.25 -8
      vertex 13.8564 -8 -8
      vertex 13.1064 -9.17722 -8
    endloop
  endfacet
  facet normal 0 0 -1
    outer loop
      vertex 2.41481 0.647047 -8
      vertex 15.4548 4.1411 -8
      vertex 2.46202 0.43412 -8
    endloop
  endfacet
  facet normal 0 0 -1
    outer loop
      vertex 2.04788 -1.43394 -8
      vertex 13.1064 -9.17722 -8
      vertex 12.2567 -10.2846 -8
    endloop
  endfacet
  facet normal -0 0 -1
    outer loop
      vertex 15.4548 4.1411 -8
      vertex 2.41481 0.647047 -8
      vertex 15.0351 5.47232 -8
    endloop
  endfacet
  facet normal 0 0 -1
    outer loop
      vertex 1.91511 -1.60697 -8
      vertex 12.2567 -10.2846 -8
      vertex 11.3137 -11.3137 -8
    endloop
  endfacet
  facet normal 0 0 -1
    outer loop
      vertex 2.34923 0.85505 -8
      vertex 15.0351 5.47232 -8
      vertex 2.41481 0.647047 -8
    endloop
  endfacet
  facet normal 0 0 -1
    outer loop
      vertex 1.76777 -1.76777 -8
      vertex 11.3137 -11.3137 -8
      vertex 10.2846 -12.2567 -8
    endloop
  endfacet
  facet normal -0 0 -1
    outer loop
      vertex 15.0351 5.47232 -8
      vertex 2.34923 0.85505 -8
      vertex 14.5009 6.76189 -8
    endloop
  endfacet
  facet normal 0 0 -1
    outer loop
      vertex 1.60697 -1.91511 -8
      vertex 10.2846 -12.2567 -8
      vertex 9.17722 -13.1064 -8
    endloop
  endfacet
  facet normal 0 0 -1
    outer loop
      vertex 2.26577 1.05655 -8
      vertex 14.5009 6.76189 -8
      vertex 2.34923 0.85505 -8
    endloop
  endfacet
  facet normal 0 0 -1
    outer loop
      vertex 1.43394 -2.04788 -8
      vertex 9.17722 -13.1064 -8
      vertex 8 -13.8564 -8
    endloop
  endfacet
  facet normal -0 0 -1
    outer loop
      vertex 14.5009 6.76189 -8
      vertex 2.26577 1.05655 -8
      vertex 13.8564 8 -8
    endloop
  endfacet
  facet normal 0 0 -1
    outer loop
      vertex 1.25 -2.16506 -8
      vertex 8 -13.8564 -8
      vertex 6.76189 -14.5009 -8
    endloop
  endfacet
  facet normal 0 0 -1
    outer loop
      vertex 2.16506 1.25 -8
      vertex 13.8564 8 -8
      vertex 2.26577 1.05655 -8
    endloop
  endfacet
  facet normal 0 0 -1
    outer loop
      vertex 1.05655 -2.26577 -8
      vertex 6.76189 -14.5009 -8
      vertex 5.47232 -15.0351 -8
    endloop
  endfacet
  facet normal -0 0 -1
    outer loop
      vertex 13.8564 8 -8
      vertex 2.16506 1.25 -8
      vertex 13.1064 9.17722 -8
    endloop
  endfacet
  facet normal 0 0 -1
    outer loop
      vertex 0.85505 -2.34923 -8
      vertex 5.47232 -15.0351 -8
      vertex 4.1411 -15.4548 -8
    endloop
  endfacet
  facet normal 0 0 -1
    outer loop
      vertex 2.04788 1.43394 -8
      vertex 13.1064 9.17722 -8
      vertex 2.16506 1.25 -8
    endloop
  endfacet
  facet normal 0 0 -1
    outer loop
      vertex 0.647047 -2.41481 -8
      vertex 4.1411 -15.4548 -8
      vertex 2.77837 -15.7569 -8
    endloop
  endfacet
  facet normal -0 0 -1
    outer loop
      vertex 13.1064 9.17722 -8
      vertex 2.04788 1.43394 -8
      vertex 12.2567 10.2846 -8
    endloop
  endfacet
  facet normal 0 0 -1
    outer loop
      vertex 1.91511 1.60697 -8
      vertex 12.2567 10.2846 -8
      vertex 2.04788 1.43394 -8
    endloop
  endfacet
  facet normal 0 0 -1
    outer loop
      vertex 15.9391 -1.39449 -8
      vertex 2.49049 -0.217889 -8
      vertex 2.5 0 -8
    endloop
  endfacet
  facet normal 0 0 -1
    outer loop
      vertex 15.7569 -2.77837 -8
      vertex 2.46202 -0.43412 -8
      vertex 2.49049 -0.217889 -8
    endloop
  endfacet
  facet normal 0 0 -1
    outer loop
      vertex 15.4548 -4.1411 -8
      vertex 2.41481 -0.647047 -8
      vertex 2.46202 -0.43412 -8
    endloop
  endfacet
  facet normal 0 0 -1
    outer loop
      vertex 15.0351 -5.47232 -8
      vertex 2.34923 -0.85505 -8
      vertex 2.41481 -0.647047 -8
    endloop
  endfacet
  facet normal 0 0 -1
    outer loop
      vertex 14.5009 -6.76189 -8
      vertex 2.26577 -1.05655 -8
      vertex 2.34923 -0.85505 -8
    endloop
  endfacet
  facet normal 0 0 -1
    outer loop
      vertex 13.8564 -8 -8
      vertex 2.16506 -1.25 -8
      vertex 2.26577 -1.05655 -8
    endloop
  endfacet
  facet normal 0 0 -1
    outer loop
      vertex 13.1064 -9.17722 -8
      vertex 2.04788 -1.43394 -8
      vertex 2.16506 -1.25 -8
    endloop
  endfacet
  facet normal 0 0 -1
    outer loop
      vertex 12.2567 -10.2846 -8
      vertex 1.91511 -1.60697 -8
      vertex 2.04788 -1.43394 -8
    endloop
  endfacet
  facet normal 0 0 -1
    outer loop
      vertex 11.3137 -11.3137 -8
      vertex 1.76777 -1.76777 -8
      vertex 1.91511 -1.60697 -8
    endloop
  endfacet
  facet normal 0 0 -1
    outer loop
      vertex 10.2846 -12.2567 -8
      vertex 1.60697 -1.91511 -8
      vertex 1.76777 -1.76777 -8
    endloop
  endfacet
  facet normal 0 0 -1
    outer loop
      vertex 9.17722 -13.1064 -8
      vertex 1.43394 -2.04788 -8
      vertex 1.60697 -1.91511 -8
    endloop
  endfacet
  facet normal 0 0 -1
    outer loop
      vertex 0.43412 -2.46202 -8
      vertex 2.77837 -15.7569 -8
      vertex 1.39449 -15.9391 -8
    endloop
  endfacet
  facet normal 0 0 -1
    outer loop
      vertex 8 -13.8564 -8
      vertex 1.25 -2.16506 -8
      vertex 1.43394 -2.04788 -8
    endloop
  endfacet
  facet normal 0 0 -1
    outer loop
      vertex 6.76189 -14.5009 -8
      vertex 1.05655 -2.26577 -8
      vertex 1.25 -2.16506 -8
    endloop
  endfacet
  facet normal 0 0 -1
    outer loop
      vertex 5.47232 -15.0351 -8
      vertex 0.85505 -2.34923 -8
      vertex 1.05655 -2.26577 -8
    endloop
  endfacet
  facet normal 0 0 -1
    outer loop
      vertex 4.1411 -15.4548 -8
      vertex 0.647047 -2.41481 -8
      vertex 0.85505 -2.34923 -8
    endloop
  endfacet
  facet normal 0 0 -1
    outer loop
      vertex 2.77837 -15.7569 -8
      vertex 0.43412 -2.46202 -8
      vertex 0.647047 -2.41481 -8
    endloop
  endfacet
  facet normal 0 0 -1
    outer loop
      vertex 1.39449 -15.9391 -8
      vertex 0.217889 -2.49049 -8
      vertex 0.43412 -2.46202 -8
    endloop
  endfacet
  facet normal 0 0 -1
    outer loop
      vertex 0 -16 -8
      vertex 0.217889 -2.49049 -8
      vertex 1.39449 -15.9391 -8
    endloop
  endfacet
  facet normal 0 0 -1
    outer loop
      vertex 0 -16 -8
      vertex 0 -2.5 -8
      vertex 0.217889 -2.49049 -8
    endloop
  endfacet
  facet normal 0 0 -1
    outer loop
      vertex 0 -16 -8
      vertex -0.217889 -2.49049 -8
      vertex 0 -2.5 -8
    endloop
  endfacet
  facet normal 0 0 -1
    outer loop
      vertex -1.39449 -15.9391 -8
      vertex -0.217889 -2.49049 -8
      vertex 0 -16 -8
    endloop
  endfacet
  facet normal -0 0 -1
    outer loop
      vertex -0.217889 -2.49049 -8
      vertex -1.39449 -15.9391 -8
      vertex -0.43412 -2.46202 -8
    endloop
  endfacet
  facet normal 0 0 -1
    outer loop
      vertex -2.77837 -15.7569 -8
      vertex -0.43412 -2.46202 -8
      vertex -1.39449 -15.9391 -8
    endloop
  endfacet
  facet normal -0 0 -1
    outer loop
      vertex -0.43412 -2.46202 -8
      vertex -2.77837 -15.7569 -8
      vertex -0.647047 -2.41481 -8
    endloop
  endfacet
  facet normal 0 0 -1
    outer loop
      vertex -4.1411 -15.4548 -8
      vertex -0.647047 -2.41481 -8
      vertex -2.77837 -15.7569 -8
    endloop
  endfacet
  facet normal -0 0 -1
    outer loop
      vertex -0.647047 -2.41481 -8
      vertex -4.1411 -15.4548 -8
      vertex -0.85505 -2.34923 -8
    endloop
  endfacet
  facet normal 0 0 -1
    outer loop
      vertex -5.47232 -15.0351 -8
      vertex -0.85505 -2.34923 -8
      vertex -4.1411 -15.4548 -8
    endloop
  endfacet
  facet normal -0 0 -1
    outer loop
      vertex -0.85505 -2.34923 -8
      vertex -5.47232 -15.0351 -8
      vertex -1.05655 -2.26577 -8
    endloop
  endfacet
  facet normal 0 0 -1
    outer loop
      vertex -6.76189 -14.5009 -8
      vertex -1.05655 -2.26577 -8
      vertex -5.47232 -15.0351 -8
    endloop
  endfacet
  facet normal -0 0 -1
    outer loop
      vertex -1.05655 -2.26577 -8
      vertex -6.76189 -14.5009 -8
      vertex -1.25 -2.16506 -8
    endloop
  endfacet
  facet normal 0 0 -1
    outer loop
      vertex -8 -13.8564 -8
      vertex -1.25 -2.16506 -8
      vertex -6.76189 -14.5009 -8
    endloop
  endfacet
  facet normal -0 0 -1
    outer loop
      vertex -1.25 -2.16506 -8
      vertex -8 -13.8564 -8
      vertex -1.43394 -2.04788 -8
    endloop
  endfacet
  facet normal 0 0 -1
    outer loop
      vertex -9.17722 -13.1064 -8
      vertex -1.43394 -2.04788 -8
      vertex -8 -13.8564 -8
    endloop
  endfacet
  facet normal -0 0 -1
    outer loop
      vertex -1.43394 -2.04788 -8
      vertex -9.17722 -13.1064 -8
      vertex -1.60697 -1.91511 -8
    endloop
  endfacet
  facet normal 0 0 -1
    outer loop
      vertex -10.2846 -12.2567 -8
      vertex -1.60697 -1.91511 -8
      vertex -9.17722 -13.1064 -8
    endloop
  endfacet
  facet normal -0 0 -1
    outer loop
      vertex -1.60697 -1.91511 -8
      vertex -10.2846 -12.2567 -8
      vertex -1.76777 -1.76777 -8
    endloop
  endfacet
  facet normal 0 0 -1
    outer loop
      vertex -11.3137 -11.3137 -8
      vertex -1.76777 -1.76777 -8
      vertex -10.2846 -12.2567 -8
    endloop
  endfacet
  facet normal 0 0 -1
    outer loop
      vertex -12.2567 -10.2846 -8
      vertex -1.91511 -1.60697 -8
      vertex -11.3137 -11.3137 -8
    endloop
  endfacet
  facet normal -0 0 -1
    outer loop
      vertex -1.76777 -1.76777 -8
      vertex -11.3137 -11.3137 -8
      vertex -1.91511 -1.60697 -8
    endloop
  endfacet
  facet normal -0 0 -1
    outer loop
      vertex 12.2567 10.2846 -8
      vertex 1.91511 1.60697 -8
      vertex 11.3137 11.3137 -8
    endloop
  endfacet
  facet normal 0 0 -1
    outer loop
      vertex 1.76777 1.76777 -8
      vertex 11.3137 11.3137 -8
      vertex 1.91511 1.60697 -8
    endloop
  endfacet
  facet normal -0 0 -1
    outer loop
      vertex 11.3137 11.3137 -8
      vertex 1.76777 1.76777 -8
      vertex 10.2846 12.2567 -8
    endloop
  endfacet
  facet normal 0 0 -1
    outer loop
      vertex 1.60697 1.91511 -8
      vertex 10.2846 12.2567 -8
      vertex 1.76777 1.76777 -8
    endloop
  endfacet
  facet normal -0 0 -1
    outer loop
      vertex 10.2846 12.2567 -8
      vertex 1.60697 1.91511 -8
      vertex 9.17722 13.1064 -8
    endloop
  endfacet
  facet normal 0 0 -1
    outer loop
      vertex 1.43394 2.04788 -8
      vertex 9.17722 13.1064 -8
      vertex 1.60697 1.91511 -8
    endloop
  endfacet
  facet normal -0 0 -1
    outer loop
      vertex 9.17722 13.1064 -8
      vertex 1.43394 2.04788 -8
      vertex 8 13.8564 -8
    endloop
  endfacet
  facet normal 0 0 -1
    outer loop
      vertex 1.25 2.16506 -8
      vertex 8 13.8564 -8
      vertex 1.43394 2.04788 -8
    endloop
  endfacet
  facet normal -0 0 -1
    outer loop
      vertex 8 13.8564 -8
      vertex 1.25 2.16506 -8
      vertex 6.76189 14.5009 -8
    endloop
  endfacet
  facet normal 0 0 -1
    outer loop
      vertex 1.05655 2.26577 -8
      vertex 6.76189 14.5009 -8
      vertex 1.25 2.16506 -8
    endloop
  endfacet
  facet normal -0 0 -1
    outer loop
      vertex 6.76189 14.5009 -8
      vertex 1.05655 2.26577 -8
      vertex 5.47232 15.0351 -8
    endloop
  endfacet
  facet normal 0 0 -1
    outer loop
      vertex 0.85505 2.34923 -8
      vertex 5.47232 15.0351 -8
      vertex 1.05655 2.26577 -8
    endloop
  endfacet
  facet normal -0 0 -1
    outer loop
      vertex 5.47232 15.0351 -8
      vertex 0.85505 2.34923 -8
      vertex 4.1411 15.4548 -8
    endloop
  endfacet
  facet normal 0 0 -1
    outer loop
      vertex 0.647047 2.41481 -8
      vertex 4.1411 15.4548 -8
      vertex 0.85505 2.34923 -8
    endloop
  endfacet
  facet normal -0 0 -1
    outer loop
      vertex 4.1411 15.4548 -8
      vertex 0.647047 2.41481 -8
      vertex 2.77837 15.7569 -8
    endloop
  endfacet
  facet normal 0 0 -1
    outer loop
      vertex 0.43412 2.46202 -8
      vertex 2.77837 15.7569 -8
      vertex 0.647047 2.41481 -8
    endloop
  endfacet
  facet normal -0 0 -1
    outer loop
      vertex 2.77837 15.7569 -8
      vertex 0.43412 2.46202 -8
      vertex 1.39449 15.9391 -8
    endloop
  endfacet
  facet normal 0 0 -1
    outer loop
      vertex 0.217889 2.49049 -8
      vertex 1.39449 15.9391 -8
      vertex 0.43412 2.46202 -8
    endloop
  endfacet
  facet normal 0 0 -1
    outer loop
      vertex 0 2.5 -8
      vertex 1.39449 15.9391 -8
      vertex 0.217889 2.49049 -8
    endloop
  endfacet
  facet normal 0 0 -1
    outer loop
      vertex 0 2.5 -8
      vertex 0 16 -8
      vertex 1.39449 15.9391 -8
    endloop
  endfacet
  facet normal 0 0 -1
    outer loop
      vertex -0.217889 2.49049 -8
      vertex 0 16 -8
      vertex 0 2.5 -8
    endloop
  endfacet
  facet normal 0 0 -1
    outer loop
      vertex -1.39449 15.9391 -8
      vertex -0.217889 2.49049 -8
      vertex -0.43412 2.46202 -8
    endloop
  endfacet
  facet normal 0 0 -1
    outer loop
      vertex -2.77837 15.7569 -8
      vertex -0.43412 2.46202 -8
      vertex -0.647047 2.41481 -8
    endloop
  endfacet
  facet normal 0 0 -1
    outer loop
      vertex -4.1411 15.4548 -8
      vertex -0.647047 2.41481 -8
      vertex -0.85505 2.34923 -8
    endloop
  endfacet
  facet normal 0 0 -1
    outer loop
      vertex -5.47232 15.0351 -8
      vertex -0.85505 2.34923 -8
      vertex -1.05655 2.26577 -8
    endloop
  endfacet
  facet normal 0 0 -1
    outer loop
      vertex -6.76189 14.5009 -8
      vertex -1.05655 2.26577 -8
      vertex -1.25 2.16506 -8
    endloop
  endfacet
  facet normal 0 0 -1
    outer loop
      vertex -0.217889 2.49049 -8
      vertex -1.39449 15.9391 -8
      vertex 0 16 -8
    endloop
  endfacet
  facet normal 0 0 -1
    outer loop
      vertex -8 13.8564 -8
      vertex -1.25 2.16506 -8
      vertex -1.43394 2.04788 -8
    endloop
  endfacet
  facet normal 0 0 -1
    outer loop
      vertex -9.17722 13.1064 -8
      vertex -1.43394 2.04788 -8
      vertex -1.60697 1.91511 -8
    endloop
  endfacet
  facet normal 0 0 -1
    outer loop
      vertex -10.2846 12.2567 -8
      vertex -1.60697 1.91511 -8
      vertex -1.76777 1.76777 -8
    endloop
  endfacet
  facet normal 0 0 -1
    outer loop
      vertex -11.3137 11.3137 -8
      vertex -1.76777 1.76777 -8
      vertex -1.91511 1.60697 -8
    endloop
  endfacet
  facet normal 0 0 -1
    outer loop
      vertex -12.2567 10.2846 -8
      vertex -1.91511 1.60697 -8
      vertex -2.04788 1.43394 -8
    endloop
  endfacet
  facet normal 0 0 -1
    outer loop
      vertex -13.1064 9.17722 -8
      vertex -2.04788 1.43394 -8
      vertex -2.16506 1.25 -8
    endloop
  endfacet
  facet normal 0 0 -1
    outer loop
      vertex -13.8564 8 -8
      vertex -2.16506 1.25 -8
      vertex -2.26577 1.05655 -8
    endloop
  endfacet
  facet normal 0 0 -1
    outer loop
      vertex -14.5009 6.76189 -8
      vertex -2.26577 1.05655 -8
      vertex -2.34923 0.85505 -8
    endloop
  endfacet
  facet normal 0 0 -1
    outer loop
      vertex -15.0351 5.47232 -8
      vertex -2.34923 0.85505 -8
      vertex -2.41481 0.647047 -8
    endloop
  endfacet
  facet normal 0 0 -1
    outer loop
      vertex -15.4548 4.1411 -8
      vertex -2.41481 0.647047 -8
      vertex -2.46202 0.43412 -8
    endloop
  endfacet
  facet normal 0 0 -1
    outer loop
      vertex -15.7569 2.77837 -8
      vertex -2.46202 0.43412 -8
      vertex -2.49049 0.217889 -8
    endloop
  endfacet
  facet normal 0 0 -1
    outer loop
      vertex -0.43412 2.46202 -8
      vertex -2.77837 15.7569 -8
      vertex -1.39449 15.9391 -8
    endloop
  endfacet
  facet normal 0 0 -1
    outer loop
      vertex -15.9391 1.39449 -8
      vertex -2.49049 0.217889 -8
      vertex -2.5 0 -8
    endloop
  endfacet
  facet normal -0 0 -1
    outer loop
      vertex -1.91511 -1.60697 -8
      vertex -12.2567 -10.2846 -8
      vertex -2.04788 -1.43394 -8
    endloop
  endfacet
  facet normal 0 0 -1
    outer loop
      vertex -13.1064 -9.17722 -8
      vertex -2.04788 -1.43394 -8
      vertex -12.2567 -10.2846 -8
    endloop
  endfacet
  facet normal 0 0 -1
    outer loop
      vertex -0.647047 2.41481 -8
      vertex -4.1411 15.4548 -8
      vertex -2.77837 15.7569 -8
    endloop
  endfacet
  facet normal -0 0 -1
    outer loop
      vertex -2.04788 -1.43394 -8
      vertex -13.1064 -9.17722 -8
      vertex -2.16506 -1.25 -8
    endloop
  endfacet
  facet normal 0 0 -1
    outer loop
      vertex -0.85505 2.34923 -8
      vertex -5.47232 15.0351 -8
      vertex -4.1411 15.4548 -8
    endloop
  endfacet
  facet normal 0 0 -1
    outer loop
      vertex -13.8564 -8 -8
      vertex -2.16506 -1.25 -8
      vertex -13.1064 -9.17722 -8
    endloop
  endfacet
  facet normal 0 0 -1
    outer loop
      vertex -1.05655 2.26577 -8
      vertex -6.76189 14.5009 -8
      vertex -5.47232 15.0351 -8
    endloop
  endfacet
  facet normal -0 0 -1
    outer loop
      vertex -2.16506 -1.25 -8
      vertex -13.8564 -8 -8
      vertex -2.26577 -1.05655 -8
    endloop
  endfacet
  facet normal 0 0 -1
    outer loop
      vertex -1.25 2.16506 -8
      vertex -8 13.8564 -8
      vertex -6.76189 14.5009 -8
    endloop
  endfacet
  facet normal 0 0 -1
    outer loop
      vertex -14.5009 -6.76189 -8
      vertex -2.26577 -1.05655 -8
      vertex -13.8564 -8 -8
    endloop
  endfacet
  facet normal 0 0 -1
    outer loop
      vertex -1.43394 2.04788 -8
      vertex -9.17722 13.1064 -8
      vertex -8 13.8564 -8
    endloop
  endfacet
  facet normal -0 0 -1
    outer loop
      vertex -2.26577 -1.05655 -8
      vertex -14.5009 -6.76189 -8
      vertex -2.34923 -0.85505 -8
    endloop
  endfacet
  facet normal 0 0 -1
    outer loop
      vertex -1.60697 1.91511 -8
      vertex -10.2846 12.2567 -8
      vertex -9.17722 13.1064 -8
    endloop
  endfacet
  facet normal 0 0 -1
    outer loop
      vertex -15.0351 -5.47232 -8
      vertex -2.34923 -0.85505 -8
      vertex -14.5009 -6.76189 -8
    endloop
  endfacet
  facet normal 0 0 -1
    outer loop
      vertex -1.76777 1.76777 -8
      vertex -11.3137 11.3137 -8
      vertex -10.2846 12.2567 -8
    endloop
  endfacet
  facet normal -0 0 -1
    outer loop
      vertex -2.34923 -0.85505 -8
      vertex -15.0351 -5.47232 -8
      vertex -2.41481 -0.647047 -8
    endloop
  endfacet
  facet normal 0 0 -1
    outer loop
      vertex -1.91511 1.60697 -8
      vertex -12.2567 10.2846 -8
      vertex -11.3137 11.3137 -8
    endloop
  endfacet
  facet normal 0 0 -1
    outer loop
      vertex -15.4548 -4.1411 -8
      vertex -2.41481 -0.647047 -8
      vertex -15.0351 -5.47232 -8
    endloop
  endfacet
  facet normal 0 0 -1
    outer loop
      vertex -2.04788 1.43394 -8
      vertex -13.1064 9.17722 -8
      vertex -12.2567 10.2846 -8
    endloop
  endfacet
  facet normal -0 0 -1
    outer loop
      vertex -2.41481 -0.647047 -8
      vertex -15.4548 -4.1411 -8
      vertex -2.46202 -0.43412 -8
    endloop
  endfacet
  facet normal 0 0 -1
    outer loop
      vertex -2.16506 1.25 -8
      vertex -13.8564 8 -8
      vertex -13.1064 9.17722 -8
    endloop
  endfacet
  facet normal 0 0 -1
    outer loop
      vertex -15.7569 -2.77837 -8
      vertex -2.46202 -0.43412 -8
      vertex -15.4548 -4.1411 -8
    endloop
  endfacet
  facet normal 0 0 -1
    outer loop
      vertex -2.26577 1.05655 -8
      vertex -14.5009 6.76189 -8
      vertex -13.8564 8 -8
    endloop
  endfacet
  facet normal -0 0 -1
    outer loop
      vertex -2.46202 -0.43412 -8
      vertex -15.7569 -2.77837 -8
      vertex -2.49049 -0.217889 -8
    endloop
  endfacet
  facet normal 0 0 -1
    outer loop
      vertex -2.34923 0.85505 -8
      vertex -15.0351 5.47232 -8
      vertex -14.5009 6.76189 -8
    endloop
  endfacet
  facet normal 0 0 -1
    outer loop
      vertex -15.9391 -1.39449 -8
      vertex -2.49049 -0.217889 -8
      vertex -15.7569 -2.77837 -8
    endloop
  endfacet
  facet normal 0 0 -1
    outer loop
      vertex -2.41481 0.647047 -8
      vertex -15.4548 4.1411 -8
      vertex -15.0351 5.47232 -8
    endloop
  endfacet
  facet normal -0 0 -1
    outer loop
      vertex -2.49049 -0.217889 -8
      vertex -15.9391 -1.39449 -8
      vertex -2.5 0 -8
    endloop
  endfacet
  facet normal 0 0 -1
    outer loop
      vertex -2.46202 0.43412 -8
      vertex -15.7569 2.77837 -8
      vertex -15.4548 4.1411 -8
    endloop
  endfacet
  facet normal 0 0 -1
    outer loop
      vertex -16 0 -8
      vertex -2.5 0 -8
      vertex -15.9391 -1.39449 -8
    endloop
  endfacet
  facet normal 0 0 -1
    outer loop
      vertex -2.49049 0.217889 -8
      vertex -15.9391 1.39449 -8
      vertex -15.7569 2.77837 -8
    endloop
  endfacet
  facet normal 0 0 -1
    outer loop
      vertex -2.5 0 -8
      vertex -16 0 -8
      vertex -15.9391 1.39449 -8
    endloop
  endfacet
  facet normal 0.976298 -0.216433 0
    outer loop
      vertex 15.4548 -4.1411 0
      vertex 15.7569 -2.77837 -8
      vertex 15.7569 -2.77837 0
    endloop
  endfacet
  facet normal 0.976298 -0.216433 0
    outer loop
      vertex 15.7569 -2.77837 -8
      vertex 15.4548 -4.1411 0
      vertex 15.4548 -4.1411 -8
    endloop
  endfacet
  facet normal -0.737276 0.675592 0
    outer loop
      vertex -12.2567 10.2846 -8
      vertex -11.3137 11.3137 0
      vertex -11.3137 11.3137 -8
    endloop
  endfacet
  facet normal -0.737276 0.675592 0
    outer loop
      vertex -11.3137 11.3137 0
      vertex -12.2567 10.2846 -8
      vertex -12.2567 10.2846 0
    endloop
  endfacet
  facet normal -0.999048 0.0436303 0
    outer loop
      vertex -16 0 -8
      vertex -15.9391 1.39449 0
      vertex -15.9391 1.39449 -8
    endloop
  endfacet
  facet normal -0.999048 0.0436303 0
    outer loop
      vertex -15.9391 1.39449 0
      vertex -16 0 -8
      vertex -16 0 0
    endloop
  endfacet
  facet normal 0.461738 0.887016 -0
    outer loop
      vertex 8 13.8564 -8
      vertex 6.76189 14.5009 0
      vertex 8 13.8564 0
    endloop
  endfacet
  facet normal 0.461738 0.887016 0
    outer loop
      vertex 6.76189 14.5009 0
      vertex 8 13.8564 -8
      vertex 6.76189 14.5009 -8
    endloop
  endfacet
  facet normal -0.382709 0.923869 0
    outer loop
      vertex -5.47232 15.0351 -8
      vertex -6.76189 14.5009 0
      vertex -5.47232 15.0351 0
    endloop
  endfacet
  facet normal -0.382709 0.923869 0
    outer loop
      vertex -6.76189 14.5009 0
      vertex -5.47232 15.0351 -8
      vertex -6.76189 14.5009 -8
    endloop
  endfacet
  facet normal -0.537314 -0.843382 0
    outer loop
      vertex -9.17722 -13.1064 -8
      vertex -8 -13.8564 0
      vertex -9.17722 -13.1064 0
    endloop
  endfacet
  facet normal -0.537314 -0.843382 -0
    outer loop
      vertex -8 -13.8564 0
      vertex -9.17722 -13.1064 -8
      vertex -8 -13.8564 -8
    endloop
  endfacet
  facet normal 0.953724 0.300685 0
    outer loop
      vertex 15.4548 4.1411 0
      vertex 15.0351 5.47232 -8
      vertex 15.0351 5.47232 0
    endloop
  endfacet
  facet normal 0.953724 0.300685 0
    outer loop
      vertex 15.0351 5.47232 -8
      vertex 15.4548 4.1411 0
      vertex 15.4548 4.1411 -8
    endloop
  endfacet
  facet normal 0.923869 -0.382709 0
    outer loop
      vertex 14.5009 -6.76189 0
      vertex 15.0351 -5.47232 -8
      vertex 15.0351 -5.47232 0
    endloop
  endfacet
  facet normal 0.923869 -0.382709 0
    outer loop
      vertex 15.0351 -5.47232 -8
      vertex 14.5009 -6.76189 0
      vertex 14.5009 -6.76189 -8
    endloop
  endfacet
  facet normal 0.382709 0.923869 -0
    outer loop
      vertex 6.76189 14.5009 -8
      vertex 5.47232 15.0351 0
      vertex 6.76189 14.5009 0
    endloop
  endfacet
  facet normal 0.382709 0.923869 0
    outer loop
      vertex 5.47232 15.0351 0
      vertex 6.76189 14.5009 -8
      vertex 5.47232 15.0351 -8
    endloop
  endfacet
  facet normal 0.216433 0.976298 -0
    outer loop
      vertex 4.1411 15.4548 -8
      vertex 2.77837 15.7569 0
      vertex 4.1411 15.4548 0
    endloop
  endfacet
  facet normal 0.216433 0.976298 0
    outer loop
      vertex 2.77837 15.7569 0
      vertex 4.1411 15.4548 -8
      vertex 2.77837 15.7569 -8
    endloop
  endfacet
  facet normal -0.382709 -0.923869 0
    outer loop
      vertex -6.76189 -14.5009 -8
      vertex -5.47232 -15.0351 0
      vertex -6.76189 -14.5009 0
    endloop
  endfacet
  facet normal -0.382709 -0.923869 -0
    outer loop
      vertex -5.47232 -15.0351 0
      vertex -6.76189 -14.5009 -8
      vertex -5.47232 -15.0351 -8
    endloop
  endfacet
  facet normal 0.793361 -0.608751 0
    outer loop
      vertex 12.2567 -10.2846 0
      vertex 13.1064 -9.17722 -8
      vertex 13.1064 -9.17722 0
    endloop
  endfacet
  facet normal 0.793361 -0.608751 0
    outer loop
      vertex 13.1064 -9.17722 -8
      vertex 12.2567 -10.2846 0
      vertex 12.2567 -10.2846 -8
    endloop
  endfacet
  facet normal 0.461738 -0.887016 0
    outer loop
      vertex 6.76189 -14.5009 -8
      vertex 8 -13.8564 0
      vertex 6.76189 -14.5009 0
    endloop
  endfacet
  facet normal 0.461738 -0.887016 0
    outer loop
      vertex 8 -13.8564 0
      vertex 6.76189 -14.5009 -8
      vertex 8 -13.8564 -8
    endloop
  endfacet
  facet normal 0.0436303 0.999048 -0
    outer loop
      vertex 1.39449 15.9391 -8
      vertex 0 16 0
      vertex 1.39449 15.9391 0
    endloop
  endfacet
  facet normal 0.0436303 0.999048 0
    outer loop
      vertex 0 16 0
      vertex 1.39449 15.9391 -8
      vertex 0 16 -8
    endloop
  endfacet
  facet normal -0.887016 -0.461738 0
    outer loop
      vertex -13.8564 -8 -8
      vertex -14.5009 -6.76189 0
      vertex -14.5009 -6.76189 -8
    endloop
  endfacet
  facet normal -0.887016 -0.461738 0
    outer loop
      vertex -14.5009 -6.76189 0
      vertex -13.8564 -8 -8
      vertex -13.8564 -8 0
    endloop
  endfacet
  facet normal -0.737276 -0.675592 0
    outer loop
      vertex -11.3137 -11.3137 -8
      vertex -12.2567 -10.2846 0
      vertex -12.2567 -10.2846 -8
    endloop
  endfacet
  facet normal -0.737276 -0.675592 0
    outer loop
      vertex -12.2567 -10.2846 0
      vertex -11.3137 -11.3137 -8
      vertex -11.3137 -11.3137 0
    endloop
  endfacet
  facet normal 0.382709 -0.923869 0
    outer loop
      vertex 5.47232 -15.0351 -8
      vertex 6.76189 -14.5009 0
      vertex 5.47232 -15.0351 0
    endloop
  endfacet
  facet normal 0.382709 -0.923869 0
    outer loop
      vertex 6.76189 -14.5009 0
      vertex 5.47232 -15.0351 -8
      vertex 6.76189 -14.5009 -8
    endloop
  endfacet
  facet normal -0.675592 -0.737276 0
    outer loop
      vertex -11.3137 -11.3137 -8
      vertex -10.2846 -12.2567 0
      vertex -11.3137 -11.3137 0
    endloop
  endfacet
  facet normal -0.675592 -0.737276 -0
    outer loop
      vertex -10.2846 -12.2567 0
      vertex -11.3137 -11.3137 -8
      vertex -10.2846 -12.2567 -8
    endloop
  endfacet
  facet normal 0.0436303 -0.999048 0
    outer loop
      vertex 0 -16 -8
      vertex 1.39449 -15.9391 0
      vertex 0 -16 0
    endloop
  endfacet
  facet normal 0.0436303 -0.999048 0
    outer loop
      vertex 1.39449 -15.9391 0
      vertex 0 -16 -8
      vertex 1.39449 -15.9391 -8
    endloop
  endfacet
  facet normal 0.953724 -0.300685 0
    outer loop
      vertex 15.0351 -5.47232 0
      vertex 15.4548 -4.1411 -8
      vertex 15.4548 -4.1411 0
    endloop
  endfacet
  facet normal 0.953724 -0.300685 0
    outer loop
      vertex 15.4548 -4.1411 -8
      vertex 15.0351 -5.47232 0
      vertex 15.0351 -5.47232 -8
    endloop
  endfacet
  facet normal -0.923869 0.382709 0
    outer loop
      vertex -15.0351 5.47232 -8
      vertex -14.5009 6.76189 0
      vertex -14.5009 6.76189 -8
    endloop
  endfacet
  facet normal -0.923869 0.382709 0
    outer loop
      vertex -14.5009 6.76189 0
      vertex -15.0351 5.47232 -8
      vertex -15.0351 5.47232 0
    endloop
  endfacet
  facet normal -0.608751 -0.793361 0
    outer loop
      vertex -10.2846 -12.2567 -8
      vertex -9.17722 -13.1064 0
      vertex -10.2846 -12.2567 0
    endloop
  endfacet
  facet normal -0.608751 -0.793361 -0
    outer loop
      vertex -9.17722 -13.1064 0
      vertex -10.2846 -12.2567 -8
      vertex -9.17722 -13.1064 -8
    endloop
  endfacet
  facet normal 0.537314 0.843382 -0
    outer loop
      vertex 9.17722 13.1064 -8
      vertex 8 13.8564 0
      vertex 9.17722 13.1064 0
    endloop
  endfacet
  facet normal 0.537314 0.843382 0
    outer loop
      vertex 8 13.8564 0
      vertex 9.17722 13.1064 -8
      vertex 8 13.8564 -8
    endloop
  endfacet
  facet normal -0.130532 0.991444 0
    outer loop
      vertex -1.39449 15.9391 -8
      vertex -2.77837 15.7569 0
      vertex -1.39449 15.9391 0
    endloop
  endfacet
  facet normal -0.130532 0.991444 0
    outer loop
      vertex -2.77837 15.7569 0
      vertex -1.39449 15.9391 -8
      vertex -2.77837 15.7569 -8
    endloop
  endfacet
  facet normal 0.991444 -0.130532 0
    outer loop
      vertex 15.7569 -2.77837 0
      vertex 15.9391 -1.39449 -8
      vertex 15.9391 -1.39449 0
    endloop
  endfacet
  facet normal 0.991444 -0.130532 0
    outer loop
      vertex 15.9391 -1.39449 -8
      vertex 15.7569 -2.77837 0
      vertex 15.7569 -2.77837 -8
    endloop
  endfacet
  facet normal -0.976298 -0.216433 0
    outer loop
      vertex -15.4548 -4.1411 -8
      vertex -15.7569 -2.77837 0
      vertex -15.7569 -2.77837 -8
    endloop
  endfacet
  facet normal -0.976298 -0.216433 0
    outer loop
      vertex -15.7569 -2.77837 0
      vertex -15.4548 -4.1411 -8
      vertex -15.4548 -4.1411 0
    endloop
  endfacet
  facet normal 0.923869 0.382709 0
    outer loop
      vertex 15.0351 5.47232 0
      vertex 14.5009 6.76189 -8
      vertex 14.5009 6.76189 0
    endloop
  endfacet
  facet normal 0.923869 0.382709 0
    outer loop
      vertex 14.5009 6.76189 -8
      vertex 15.0351 5.47232 0
      vertex 15.0351 5.47232 -8
    endloop
  endfacet
  facet normal 0.130532 0.991444 -0
    outer loop
      vertex 2.77837 15.7569 -8
      vertex 1.39449 15.9391 0
      vertex 2.77837 15.7569 0
    endloop
  endfacet
  facet normal 0.130532 0.991444 0
    outer loop
      vertex 1.39449 15.9391 0
      vertex 2.77837 15.7569 -8
      vertex 1.39449 15.9391 -8
    endloop
  endfacet
  facet normal 0.887016 0.461738 0
    outer loop
      vertex 14.5009 6.76189 0
      vertex 13.8564 8 -8
      vertex 13.8564 8 0
    endloop
  endfacet
  facet normal 0.887016 0.461738 0
    outer loop
      vertex 13.8564 8 -8
      vertex 14.5009 6.76189 0
      vertex 14.5009 6.76189 -8
    endloop
  endfacet
  facet normal -0.461738 -0.887016 0
    outer loop
      vertex -8 -13.8564 -8
      vertex -6.76189 -14.5009 0
      vertex -8 -13.8564 0
    endloop
  endfacet
  facet normal -0.461738 -0.887016 -0
    outer loop
      vertex -6.76189 -14.5009 0
      vertex -8 -13.8564 -8
      vertex -6.76189 -14.5009 -8
    endloop
  endfacet
  facet normal -0.675592 0.737276 0
    outer loop
      vertex -10.2846 12.2567 -8
      vertex -11.3137 11.3137 0
      vertex -10.2846 12.2567 0
    endloop
  endfacet
  facet normal -0.675592 0.737276 0
    outer loop
      vertex -11.3137 11.3137 0
      vertex -10.2846 12.2567 -8
      vertex -11.3137 11.3137 -8
    endloop
  endfacet
  facet normal -0.300685 0.953724 0
    outer loop
      vertex -4.1411 15.4548 -8
      vertex -5.47232 15.0351 0
      vertex -4.1411 15.4548 0
    endloop
  endfacet
  facet normal -0.300685 0.953724 0
    outer loop
      vertex -5.47232 15.0351 0
      vertex -4.1411 15.4548 -8
      vertex -5.47232 15.0351 -8
    endloop
  endfacet
  facet normal -0.843382 0.537314 0
    outer loop
      vertex -13.8564 8 -8
      vertex -13.1064 9.17722 0
      vertex -13.1064 9.17722 -8
    endloop
  endfacet
  facet normal -0.843382 0.537314 0
    outer loop
      vertex -13.1064 9.17722 0
      vertex -13.8564 8 -8
      vertex -13.8564 8 0
    endloop
  endfacet
  facet normal -0.999048 -0.0436303 0
    outer loop
      vertex -15.9391 -1.39449 -8
      vertex -16 0 0
      vertex -16 0 -8
    endloop
  endfacet
  facet normal -0.999048 -0.0436303 0
    outer loop
      vertex -16 0 0
      vertex -15.9391 -1.39449 -8
      vertex -15.9391 -1.39449 0
    endloop
  endfacet
  facet normal -0.216433 -0.976298 0
    outer loop
      vertex -4.1411 -15.4548 -8
      vertex -2.77837 -15.7569 0
      vertex -4.1411 -15.4548 0
    endloop
  endfacet
  facet normal -0.216433 -0.976298 -0
    outer loop
      vertex -2.77837 -15.7569 0
      vertex -4.1411 -15.4548 -8
      vertex -2.77837 -15.7569 -8
    endloop
  endfacet
  facet normal -0.0436303 0.999048 0
    outer loop
      vertex 0 16 -8
      vertex -1.39449 15.9391 0
      vertex 0 16 0
    endloop
  endfacet
  facet normal -0.0436303 0.999048 0
    outer loop
      vertex -1.39449 15.9391 0
      vertex 0 16 -8
      vertex -1.39449 15.9391 -8
    endloop
  endfacet
  facet normal 0.300696 -0.95372 0
    outer loop
      vertex 4.1411 -15.4548 -8
      vertex 5 -15.184 0
      vertex 4.1411 -15.4548 0
    endloop
  endfacet
  facet normal 0.300685 -0.953724 1.25787e-06
    outer loop
      vertex 5.47232 -15.0351 -8
      vertex 5 -15.184 0
      vertex 4.1411 -15.4548 -8
    endloop
  endfacet
  facet normal 0.300666 -0.95373 0
    outer loop
      vertex 5 -15.184 0
      vertex 5.47232 -15.0351 -8
      vertex 5.47232 -15.0351 0
    endloop
  endfacet
  facet normal 0.216433 -0.976298 0
    outer loop
      vertex 2.77837 -15.7569 -8
      vertex 4.1411 -15.4548 0
      vertex 2.77837 -15.7569 0
    endloop
  endfacet
  facet normal 0.216433 -0.976298 0
    outer loop
      vertex 4.1411 -15.4548 0
      vertex 2.77837 -15.7569 -8
      vertex 4.1411 -15.4548 -8
    endloop
  endfacet
  facet normal -0.953724 0.300685 0
    outer loop
      vertex -15.4548 4.1411 -8
      vertex -15.0351 5.47232 0
      vertex -15.0351 5.47232 -8
    endloop
  endfacet
  facet normal -0.953724 0.300685 0
    outer loop
      vertex -15.0351 5.47232 0
      vertex -15.4548 4.1411 -8
      vertex -15.4548 4.1411 0
    endloop
  endfacet
  facet normal -0.461738 0.887016 0
    outer loop
      vertex -6.76189 14.5009 -8
      vertex -8 13.8564 0
      vertex -6.76189 14.5009 0
    endloop
  endfacet
  facet normal -0.461738 0.887016 0
    outer loop
      vertex -8 13.8564 0
      vertex -6.76189 14.5009 -8
      vertex -8 13.8564 -8
    endloop
  endfacet
  facet normal -0.991444 -0.130532 0
    outer loop
      vertex -15.7569 -2.77837 -8
      vertex -15.9391 -1.39449 0
      vertex -15.9391 -1.39449 -8
    endloop
  endfacet
  facet normal -0.991444 -0.130532 0
    outer loop
      vertex -15.9391 -1.39449 0
      vertex -15.7569 -2.77837 -8
      vertex -15.7569 -2.77837 0
    endloop
  endfacet
  facet normal -0.0436303 -0.999048 0
    outer loop
      vertex -1.39449 -15.9391 -8
      vertex 0 -16 0
      vertex -1.39449 -15.9391 0
    endloop
  endfacet
  facet normal -0.0436303 -0.999048 -0
    outer loop
      vertex 0 -16 0
      vertex -1.39449 -15.9391 -8
      vertex 0 -16 -8
    endloop
  endfacet
  facet normal 0.887016 -0.461738 0
    outer loop
      vertex 13.8564 -8 0
      vertex 14.5009 -6.76189 -8
      vertex 14.5009 -6.76189 0
    endloop
  endfacet
  facet normal 0.887016 -0.461738 0
    outer loop
      vertex 14.5009 -6.76189 -8
      vertex 13.8564 -8 0
      vertex 13.8564 -8 -8
    endloop
  endfacet
  facet normal 0.793361 0.608751 0
    outer loop
      vertex 13.1064 9.17722 0
      vertex 12.2567 10.2846 -8
      vertex 12.2567 10.2846 0
    endloop
  endfacet
  facet normal 0.793361 0.608751 0
    outer loop
      vertex 12.2567 10.2846 -8
      vertex 13.1064 9.17722 0
      vertex 13.1064 9.17722 -8
    endloop
  endfacet
  facet normal 0.537314 -0.843382 0
    outer loop
      vertex 8 -13.8564 -8
      vertex 9.17722 -13.1064 0
      vertex 8 -13.8564 0
    endloop
  endfacet
  facet normal 0.537314 -0.843382 0
    outer loop
      vertex 9.17722 -13.1064 0
      vertex 8 -13.8564 -8
      vertex 9.17722 -13.1064 -8
    endloop
  endfacet
  facet normal -0.923869 -0.382709 0
    outer loop
      vertex -14.5009 -6.76189 -8
      vertex -15.0351 -5.47232 0
      vertex -15.0351 -5.47232 -8
    endloop
  endfacet
  facet normal -0.923869 -0.382709 0
    outer loop
      vertex -15.0351 -5.47232 0
      vertex -14.5009 -6.76189 -8
      vertex -14.5009 -6.76189 0
    endloop
  endfacet
  facet normal -0.991444 0.130532 0
    outer loop
      vertex -15.9391 1.39449 -8
      vertex -15.7569 2.77837 0
      vertex -15.7569 2.77837 -8
    endloop
  endfacet
  facet normal -0.991444 0.130532 0
    outer loop
      vertex -15.7569 2.77837 0
      vertex -15.9391 1.39449 -8
      vertex -15.9391 1.39449 0
    endloop
  endfacet
  facet normal -0.300666 -0.95373 0
    outer loop
      vertex -5.47232 -15.0351 -8
      vertex -5 -15.184 0
      vertex -5.47232 -15.0351 0
    endloop
  endfacet
  facet normal -0.300685 -0.953724 1.25787e-06
    outer loop
      vertex -4.1411 -15.4548 -8
      vertex -5 -15.184 0
      vertex -5.47232 -15.0351 -8
    endloop
  endfacet
  facet normal -0.300696 -0.95372 0
    outer loop
      vertex -5 -15.184 0
      vertex -4.1411 -15.4548 -8
      vertex -4.1411 -15.4548 0
    endloop
  endfacet
  facet normal 0.300685 0.953724 -0
    outer loop
      vertex 5.47232 15.0351 -8
      vertex 4.1411 15.4548 0
      vertex 5.47232 15.0351 0
    endloop
  endfacet
  facet normal 0.300685 0.953724 0
    outer loop
      vertex 4.1411 15.4548 0
      vertex 5.47232 15.0351 -8
      vertex 4.1411 15.4548 -8
    endloop
  endfacet
  facet normal 0.675592 -0.737276 0
    outer loop
      vertex 10.2846 -12.2567 -8
      vertex 11.3137 -11.3137 0
      vertex 10.2846 -12.2567 0
    endloop
  endfacet
  facet normal 0.675592 -0.737276 0
    outer loop
      vertex 11.3137 -11.3137 0
      vertex 10.2846 -12.2567 -8
      vertex 11.3137 -11.3137 -8
    endloop
  endfacet
  facet normal -0.887016 0.461738 0
    outer loop
      vertex -14.5009 6.76189 -8
      vertex -13.8564 8 0
      vertex -13.8564 8 -8
    endloop
  endfacet
  facet normal -0.887016 0.461738 0
    outer loop
      vertex -13.8564 8 0
      vertex -14.5009 6.76189 -8
      vertex -14.5009 6.76189 0
    endloop
  endfacet
  facet normal -0.793361 0.608751 0
    outer loop
      vertex -13.1064 9.17722 -8
      vertex -12.2567 10.2846 0
      vertex -12.2567 10.2846 -8
    endloop
  endfacet
  facet normal -0.793361 0.608751 0
    outer loop
      vertex -12.2567 10.2846 0
      vertex -13.1064 9.17722 -8
      vertex -13.1064 9.17722 0
    endloop
  endfacet
  facet normal -0.991443 -0.130538 0
    outer loop
      vertex 2.49049 0.217889 -8
      vertex 2.46202 0.43412 0
      vertex 2.46202 0.43412 -8
    endloop
  endfacet
  facet normal -0.991443 -0.130538 0
    outer loop
      vertex 2.46202 0.43412 0
      vertex 2.49049 0.217889 -8
      vertex 2.49049 0.217889 0
    endloop
  endfacet
  facet normal -0.999049 -0.0436046 0
    outer loop
      vertex 2.5 0 -8
      vertex 2.49049 0.217889 0
      vertex 2.49049 0.217889 -8
    endloop
  endfacet
  facet normal -0.999049 -0.0436046 0
    outer loop
      vertex 2.49049 0.217889 0
      vertex 2.5 0 -8
      vertex 2.5 0 0
    endloop
  endfacet
  facet normal -0.976291 -0.216462 0
    outer loop
      vertex 2.46202 0.43412 -8
      vertex 2.41481 0.647047 0
      vertex 2.41481 0.647047 -8
    endloop
  endfacet
  facet normal -0.976291 -0.216462 0
    outer loop
      vertex 2.41481 0.647047 0
      vertex 2.46202 0.43412 -8
      vertex 2.46202 0.43412 0
    endloop
  endfacet
  facet normal 0.60876 0.793355 -0
    outer loop
      vertex -1.43394 -2.04788 -8
      vertex -1.60697 -1.91511 0
      vertex -1.43394 -2.04788 0
    endloop
  endfacet
  facet normal 0.60876 0.793355 0
    outer loop
      vertex -1.60697 -1.91511 0
      vertex -1.43394 -2.04788 -8
      vertex -1.60697 -1.91511 -8
    endloop
  endfacet
  facet normal 0.737291 -0.675575 0
    outer loop
      vertex -1.91511 1.60697 0
      vertex -1.76777 1.76777 -8
      vertex -1.76777 1.76777 0
    endloop
  endfacet
  facet normal 0.737291 -0.675575 0
    outer loop
      vertex -1.76777 1.76777 -8
      vertex -1.91511 1.60697 0
      vertex -1.91511 1.60697 -8
    endloop
  endfacet
  facet normal 0.843397 0.537291 0
    outer loop
      vertex -2.04788 -1.43394 0
      vertex -2.16506 -1.25 -8
      vertex -2.16506 -1.25 0
    endloop
  endfacet
  facet normal 0.843397 0.537291 0
    outer loop
      vertex -2.16506 -1.25 -8
      vertex -2.04788 -1.43394 0
      vertex -2.04788 -1.43394 -8
    endloop
  endfacet
  facet normal 0.675575 0.737291 -0
    outer loop
      vertex -1.60697 -1.91511 -8
      vertex -1.76777 -1.76777 0
      vertex -1.60697 -1.91511 0
    endloop
  endfacet
  facet normal 0.675575 0.737291 0
    outer loop
      vertex -1.76777 -1.76777 0
      vertex -1.60697 -1.91511 -8
      vertex -1.76777 -1.76777 -8
    endloop
  endfacet
  facet normal 0.216462 -0.976291 0
    outer loop
      vertex -0.647047 2.41481 -8
      vertex -0.43412 2.46202 0
      vertex -0.647047 2.41481 0
    endloop
  endfacet
  facet normal 0.216462 -0.976291 0
    outer loop
      vertex -0.43412 2.46202 0
      vertex -0.647047 2.41481 -8
      vertex -0.43412 2.46202 -8
    endloop
  endfacet
  facet normal -0.382668 0.923886 0
    outer loop
      vertex 1.05655 -2.26577 -8
      vertex 0.85505 -2.34923 0
      vertex 1.05655 -2.26577 0
    endloop
  endfacet
  facet normal -0.382668 0.923886 0
    outer loop
      vertex 0.85505 -2.34923 0
      vertex 1.05655 -2.26577 -8
      vertex 0.85505 -2.34923 -8
    endloop
  endfacet
  facet normal -0.130538 0.991443 0
    outer loop
      vertex 0.43412 -2.46202 -8
      vertex 0.217889 -2.49049 0
      vertex 0.43412 -2.46202 0
    endloop
  endfacet
  facet normal -0.130538 0.991443 0
    outer loop
      vertex 0.217889 -2.49049 0
      vertex 0.43412 -2.46202 -8
      vertex 0.217889 -2.49049 -8
    endloop
  endfacet
  facet normal 0.923886 0.382668 0
    outer loop
      vertex -2.26577 -1.05655 0
      vertex -2.34923 -0.85505 -8
      vertex -2.34923 -0.85505 0
    endloop
  endfacet
  facet normal 0.923886 0.382668 0
    outer loop
      vertex -2.34923 -0.85505 -8
      vertex -2.26577 -1.05655 0
      vertex -2.26577 -1.05655 -8
    endloop
  endfacet
  facet normal -0.675575 -0.737291 0
    outer loop
      vertex 1.60697 1.91511 -8
      vertex 1.76777 1.76777 0
      vertex 1.60697 1.91511 0
    endloop
  endfacet
  facet normal -0.675575 -0.737291 -0
    outer loop
      vertex 1.76777 1.76777 0
      vertex 1.60697 1.91511 -8
      vertex 1.76777 1.76777 -8
    endloop
  endfacet
  facet normal -0.737291 0.675575 0
    outer loop
      vertex 1.76777 -1.76777 -8
      vertex 1.91511 -1.60697 0
      vertex 1.91511 -1.60697 -8
    endloop
  endfacet
  facet normal -0.737291 0.675575 0
    outer loop
      vertex 1.91511 -1.60697 0
      vertex 1.76777 -1.76777 -8
      vertex 1.76777 -1.76777 0
    endloop
  endfacet
  facet normal -0.843397 -0.537291 0
    outer loop
      vertex 2.16506 1.25 -8
      vertex 2.04788 1.43394 0
      vertex 2.04788 1.43394 -8
    endloop
  endfacet
  facet normal -0.843397 -0.537291 0
    outer loop
      vertex 2.04788 1.43394 0
      vertex 2.16506 1.25 -8
      vertex 2.16506 1.25 0
    endloop
  endfacet
  facet normal -0.886999 -0.461771 0
    outer loop
      vertex 2.26577 1.05655 -8
      vertex 2.16506 1.25 0
      vertex 2.16506 1.25 -8
    endloop
  endfacet
  facet normal -0.886999 -0.461771 0
    outer loop
      vertex 2.16506 1.25 0
      vertex 2.26577 1.05655 -8
      vertex 2.26577 1.05655 0
    endloop
  endfacet
  facet normal 0.382668 -0.923886 0
    outer loop
      vertex -1.05655 2.26577 -8
      vertex -0.85505 2.34923 0
      vertex -1.05655 2.26577 0
    endloop
  endfacet
  facet normal 0.382668 -0.923886 0
    outer loop
      vertex -0.85505 2.34923 0
      vertex -1.05655 2.26577 -8
      vertex -0.85505 2.34923 -8
    endloop
  endfacet
  facet normal -0.976291 0.216462 0
    outer loop
      vertex 2.41481 -0.647047 -8
      vertex 2.46202 -0.43412 0
      vertex 2.46202 -0.43412 -8
    endloop
  endfacet
  facet normal -0.976291 0.216462 0
    outer loop
      vertex 2.46202 -0.43412 0
      vertex 2.41481 -0.647047 -8
      vertex 2.41481 -0.647047 0
    endloop
  endfacet
  facet normal 0.976291 -0.216462 0
    outer loop
      vertex -2.46202 0.43412 0
      vertex -2.41481 0.647047 -8
      vertex -2.41481 0.647047 0
    endloop
  endfacet
  facet normal 0.976291 -0.216462 0
    outer loop
      vertex -2.41481 0.647047 -8
      vertex -2.46202 0.43412 0
      vertex -2.46202 0.43412 -8
    endloop
  endfacet
  facet normal 0.793355 0.60876 0
    outer loop
      vertex -1.91511 -1.60697 0
      vertex -2.04788 -1.43394 -8
      vertex -2.04788 -1.43394 0
    endloop
  endfacet
  facet normal 0.793355 0.60876 0
    outer loop
      vertex -2.04788 -1.43394 -8
      vertex -1.91511 -1.60697 0
      vertex -1.91511 -1.60697 -8
    endloop
  endfacet
  facet normal -0.537291 -0.843397 0
    outer loop
      vertex 1.25 2.16506 -8
      vertex 1.43394 2.04788 0
      vertex 1.25 2.16506 0
    endloop
  endfacet
  facet normal -0.537291 -0.843397 -0
    outer loop
      vertex 1.43394 2.04788 0
      vertex 1.25 2.16506 -8
      vertex 1.43394 2.04788 -8
    endloop
  endfacet
  facet normal -0.60876 -0.793355 0
    outer loop
      vertex 1.43394 2.04788 -8
      vertex 1.60697 1.91511 0
      vertex 1.43394 2.04788 0
    endloop
  endfacet
  facet normal -0.60876 -0.793355 -0
    outer loop
      vertex 1.60697 1.91511 0
      vertex 1.43394 2.04788 -8
      vertex 1.60697 1.91511 -8
    endloop
  endfacet
  facet normal 0.0436046 0.999049 -0
    outer loop
      vertex 0 -2.5 -8
      vertex -0.217889 -2.49049 0
      vertex 0 -2.5 0
    endloop
  endfacet
  facet normal 0.0436046 0.999049 0
    outer loop
      vertex -0.217889 -2.49049 0
      vertex 0 -2.5 -8
      vertex -0.217889 -2.49049 -8
    endloop
  endfacet
  facet normal 0.60876 -0.793355 0
    outer loop
      vertex -1.60697 1.91511 -8
      vertex -1.43394 2.04788 0
      vertex -1.60697 1.91511 0
    endloop
  endfacet
  facet normal 0.60876 -0.793355 0
    outer loop
      vertex -1.43394 2.04788 0
      vertex -1.60697 1.91511 -8
      vertex -1.43394 2.04788 -8
    endloop
  endfacet
  facet normal -0.953721 -0.300693 0
    outer loop
      vertex 2.41481 0.647047 -8
      vertex 2.34923 0.85505 0
      vertex 2.34923 0.85505 -8
    endloop
  endfacet
  facet normal -0.953721 -0.300693 0
    outer loop
      vertex 2.34923 0.85505 0
      vertex 2.41481 0.647047 -8
      vertex 2.41481 0.647047 0
    endloop
  endfacet
  facet normal -0.923886 0.382668 0
    outer loop
      vertex 2.26577 -1.05655 -8
      vertex 2.34923 -0.85505 0
      vertex 2.34923 -0.85505 -8
    endloop
  endfacet
  facet normal -0.923886 0.382668 0
    outer loop
      vertex 2.34923 -0.85505 0
      vertex 2.26577 -1.05655 -8
      vertex 2.26577 -1.05655 0
    endloop
  endfacet
  facet normal 0.537291 0.843397 -0
    outer loop
      vertex -1.25 -2.16506 -8
      vertex -1.43394 -2.04788 0
      vertex -1.25 -2.16506 0
    endloop
  endfacet
  facet normal 0.537291 0.843397 0
    outer loop
      vertex -1.43394 -2.04788 0
      vertex -1.25 -2.16506 -8
      vertex -1.43394 -2.04788 -8
    endloop
  endfacet
  facet normal -0.461771 -0.886999 0
    outer loop
      vertex 1.05655 2.26577 -8
      vertex 1.25 2.16506 0
      vertex 1.05655 2.26577 0
    endloop
  endfacet
  facet normal -0.461771 -0.886999 -0
    outer loop
      vertex 1.25 2.16506 0
      vertex 1.05655 2.26577 -8
      vertex 1.25 2.16506 -8
    endloop
  endfacet
  facet normal 0.461771 0.886999 -0
    outer loop
      vertex -1.05655 -2.26577 -8
      vertex -1.25 -2.16506 0
      vertex -1.05655 -2.26577 0
    endloop
  endfacet
  facet normal 0.461771 0.886999 0
    outer loop
      vertex -1.25 -2.16506 0
      vertex -1.05655 -2.26577 -8
      vertex -1.25 -2.16506 -8
    endloop
  endfacet
  facet normal -0.0436046 -0.999049 0
    outer loop
      vertex 0 2.5 -8
      vertex 0.217889 2.49049 0
      vertex 0 2.5 0
    endloop
  endfacet
  facet normal -0.0436046 -0.999049 -0
    outer loop
      vertex 0.217889 2.49049 0
      vertex 0 2.5 -8
      vertex 0.217889 2.49049 -8
    endloop
  endfacet
  facet normal 0.886999 0.461771 0
    outer loop
      vertex -2.16506 -1.25 0
      vertex -2.26577 -1.05655 -8
      vertex -2.26577 -1.05655 0
    endloop
  endfacet
  facet normal 0.886999 0.461771 0
    outer loop
      vertex -2.26577 -1.05655 -8
      vertex -2.16506 -1.25 0
      vertex -2.16506 -1.25 -8
    endloop
  endfacet
  facet normal 0.300693 0.953721 -0
    outer loop
      vertex -0.647047 -2.41481 -8
      vertex -0.85505 -2.34923 0
      vertex -0.647047 -2.41481 0
    endloop
  endfacet
  facet normal 0.300693 0.953721 0
    outer loop
      vertex -0.85505 -2.34923 0
      vertex -0.647047 -2.41481 -8
      vertex -0.85505 -2.34923 -8
    endloop
  endfacet
  facet normal -0.537291 0.843397 0
    outer loop
      vertex 1.43394 -2.04788 -8
      vertex 1.25 -2.16506 0
      vertex 1.43394 -2.04788 0
    endloop
  endfacet
  facet normal -0.537291 0.843397 0
    outer loop
      vertex 1.25 -2.16506 0
      vertex 1.43394 -2.04788 -8
      vertex 1.25 -2.16506 -8
    endloop
  endfacet
  facet normal 0.216462 0.976291 -0
    outer loop
      vertex -0.43412 -2.46202 -8
      vertex -0.647047 -2.41481 0
      vertex -0.43412 -2.46202 0
    endloop
  endfacet
  facet normal 0.216462 0.976291 0
    outer loop
      vertex -0.647047 -2.41481 0
      vertex -0.43412 -2.46202 -8
      vertex -0.647047 -2.41481 -8
    endloop
  endfacet
  facet normal 0.793355 -0.60876 0
    outer loop
      vertex -2.04788 1.43394 0
      vertex -1.91511 1.60697 -8
      vertex -1.91511 1.60697 0
    endloop
  endfacet
  facet normal 0.793355 -0.60876 0
    outer loop
      vertex -1.91511 1.60697 -8
      vertex -2.04788 1.43394 0
      vertex -2.04788 1.43394 -8
    endloop
  endfacet
  facet normal 0.953721 -0.300693 0
    outer loop
      vertex -2.41481 0.647047 0
      vertex -2.34923 0.85505 -8
      vertex -2.34923 0.85505 0
    endloop
  endfacet
  facet normal 0.953721 -0.300693 0
    outer loop
      vertex -2.34923 0.85505 -8
      vertex -2.41481 0.647047 0
      vertex -2.41481 0.647047 -8
    endloop
  endfacet
  facet normal -0.991443 0.130538 0
    outer loop
      vertex 2.46202 -0.43412 -8
      vertex 2.49049 -0.217889 0
      vertex 2.49049 -0.217889 -8
    endloop
  endfacet
  facet normal -0.991443 0.130538 0
    outer loop
      vertex 2.49049 -0.217889 0
      vertex 2.46202 -0.43412 -8
      vertex 2.46202 -0.43412 0
    endloop
  endfacet
  facet normal -0.0436046 0.999049 0
    outer loop
      vertex 0.217889 -2.49049 -8
      vertex 0 -2.5 0
      vertex 0.217889 -2.49049 0
    endloop
  endfacet
  facet normal -0.0436046 0.999049 0
    outer loop
      vertex 0 -2.5 0
      vertex 0.217889 -2.49049 -8
      vertex 0 -2.5 -8
    endloop
  endfacet
  facet normal -0.953721 0.300693 0
    outer loop
      vertex 2.34923 -0.85505 -8
      vertex 2.41481 -0.647047 0
      vertex 2.41481 -0.647047 -8
    endloop
  endfacet
  facet normal -0.953721 0.300693 0
    outer loop
      vertex 2.41481 -0.647047 0
      vertex 2.34923 -0.85505 -8
      vertex 2.34923 -0.85505 0
    endloop
  endfacet
  facet normal 0.991443 -0.130538 0
    outer loop
      vertex -2.49049 0.217889 0
      vertex -2.46202 0.43412 -8
      vertex -2.46202 0.43412 0
    endloop
  endfacet
  facet normal 0.991443 -0.130538 0
    outer loop
      vertex -2.46202 0.43412 -8
      vertex -2.49049 0.217889 0
      vertex -2.49049 0.217889 -8
    endloop
  endfacet
  facet normal 0.130538 -0.991443 0
    outer loop
      vertex -0.43412 2.46202 -8
      vertex -0.217889 2.49049 0
      vertex -0.43412 2.46202 0
    endloop
  endfacet
  facet normal 0.130538 -0.991443 0
    outer loop
      vertex -0.217889 2.49049 0
      vertex -0.43412 2.46202 -8
      vertex -0.217889 2.49049 -8
    endloop
  endfacet
  facet normal -0.999049 0.0436046 0
    outer loop
      vertex 2.49049 -0.217889 -8
      vertex 2.5 0 0
      vertex 2.5 0 -8
    endloop
  endfacet
  facet normal -0.999049 0.0436046 0
    outer loop
      vertex 2.5 0 0
      vertex 2.49049 -0.217889 -8
      vertex 2.49049 -0.217889 0
    endloop
  endfacet
  facet normal 0.461771 -0.886999 0
    outer loop
      vertex -1.25 2.16506 -8
      vertex -1.05655 2.26577 0
      vertex -1.25 2.16506 0
    endloop
  endfacet
  facet normal 0.461771 -0.886999 0
    outer loop
      vertex -1.05655 2.26577 0
      vertex -1.25 2.16506 -8
      vertex -1.05655 2.26577 -8
    endloop
  endfacet
  facet normal -0.60876 0.793355 0
    outer loop
      vertex 1.60697 -1.91511 -8
      vertex 1.43394 -2.04788 0
      vertex 1.60697 -1.91511 0
    endloop
  endfacet
  facet normal -0.60876 0.793355 0
    outer loop
      vertex 1.43394 -2.04788 0
      vertex 1.60697 -1.91511 -8
      vertex 1.43394 -2.04788 -8
    endloop
  endfacet
  facet normal 0.537291 -0.843397 0
    outer loop
      vertex -1.43394 2.04788 -8
      vertex -1.25 2.16506 0
      vertex -1.43394 2.04788 0
    endloop
  endfacet
  facet normal 0.537291 -0.843397 0
    outer loop
      vertex -1.25 2.16506 0
      vertex -1.43394 2.04788 -8
      vertex -1.25 2.16506 -8
    endloop
  endfacet
  facet normal 0.976291 0.216462 0
    outer loop
      vertex -2.41481 -0.647047 0
      vertex -2.46202 -0.43412 -8
      vertex -2.46202 -0.43412 0
    endloop
  endfacet
  facet normal 0.976291 0.216462 0
    outer loop
      vertex -2.46202 -0.43412 -8
      vertex -2.41481 -0.647047 0
      vertex -2.41481 -0.647047 -8
    endloop
  endfacet
  facet normal -0.923886 -0.382668 0
    outer loop
      vertex 2.34923 0.85505 -8
      vertex 2.26577 1.05655 0
      vertex 2.26577 1.05655 -8
    endloop
  endfacet
  facet normal -0.923886 -0.382668 0
    outer loop
      vertex 2.26577 1.05655 0
      vertex 2.34923 0.85505 -8
      vertex 2.34923 0.85505 0
    endloop
  endfacet
  facet normal -0.737291 -0.675575 0
    outer loop
      vertex 1.91511 1.60697 -8
      vertex 1.76777 1.76777 0
      vertex 1.76777 1.76777 -8
    endloop
  endfacet
  facet normal -0.737291 -0.675575 0
    outer loop
      vertex 1.76777 1.76777 0
      vertex 1.91511 1.60697 -8
      vertex 1.91511 1.60697 0
    endloop
  endfacet
  facet normal -0.300693 -0.953721 0
    outer loop
      vertex 0.647047 2.41481 -8
      vertex 0.85505 2.34923 0
      vertex 0.647047 2.41481 0
    endloop
  endfacet
  facet normal -0.300693 -0.953721 -0
    outer loop
      vertex 0.85505 2.34923 0
      vertex 0.647047 2.41481 -8
      vertex 0.85505 2.34923 -8
    endloop
  endfacet
  facet normal 0.675575 -0.737291 0
    outer loop
      vertex -1.76777 1.76777 -8
      vertex -1.60697 1.91511 0
      vertex -1.76777 1.76777 0
    endloop
  endfacet
  facet normal 0.675575 -0.737291 0
    outer loop
      vertex -1.60697 1.91511 0
      vertex -1.76777 1.76777 -8
      vertex -1.60697 1.91511 -8
    endloop
  endfacet
  facet normal -0.461771 0.886999 0
    outer loop
      vertex 1.25 -2.16506 -8
      vertex 1.05655 -2.26577 0
      vertex 1.25 -2.16506 0
    endloop
  endfacet
  facet normal -0.461771 0.886999 0
    outer loop
      vertex 1.05655 -2.26577 0
      vertex 1.25 -2.16506 -8
      vertex 1.05655 -2.26577 -8
    endloop
  endfacet
  facet normal 0.300693 -0.953721 0
    outer loop
      vertex -0.85505 2.34923 -8
      vertex -0.647047 2.41481 0
      vertex -0.85505 2.34923 0
    endloop
  endfacet
  facet normal 0.300693 -0.953721 0
    outer loop
      vertex -0.647047 2.41481 0
      vertex -0.85505 2.34923 -8
      vertex -0.647047 2.41481 -8
    endloop
  endfacet
  facet normal 0.999049 0.0436046 0
    outer loop
      vertex -2.49049 -0.217889 0
      vertex -2.5 0 -8
      vertex -2.5 0 0
    endloop
  endfacet
  facet normal 0.999049 0.0436046 0
    outer loop
      vertex -2.5 0 -8
      vertex -2.49049 -0.217889 0
      vertex -2.49049 -0.217889 -8
    endloop
  endfacet
  facet normal 0.0436046 -0.999049 0
    outer loop
      vertex -0.217889 2.49049 -8
      vertex 0 2.5 0
      vertex -0.217889 2.49049 0
    endloop
  endfacet
  facet normal 0.0436046 -0.999049 0
    outer loop
      vertex 0 2.5 0
      vertex -0.217889 2.49049 -8
      vertex 0 2.5 -8
    endloop
  endfacet
  facet normal 0.886999 -0.461771 0
    outer loop
      vertex -2.26577 1.05655 0
      vertex -2.16506 1.25 -8
      vertex -2.16506 1.25 0
    endloop
  endfacet
  facet normal 0.886999 -0.461771 0
    outer loop
      vertex -2.16506 1.25 -8
      vertex -2.26577 1.05655 0
      vertex -2.26577 1.05655 -8
    endloop
  endfacet
  facet normal -0.793355 0.60876 0
    outer loop
      vertex 1.91511 -1.60697 -8
      vertex 2.04788 -1.43394 0
      vertex 2.04788 -1.43394 -8
    endloop
  endfacet
  facet normal -0.793355 0.60876 0
    outer loop
      vertex 2.04788 -1.43394 0
      vertex 1.91511 -1.60697 -8
      vertex 1.91511 -1.60697 0
    endloop
  endfacet
  facet normal -0.216462 0.976291 0
    outer loop
      vertex 0.647047 -2.41481 -8
      vertex 0.43412 -2.46202 0
      vertex 0.647047 -2.41481 0
    endloop
  endfacet
  facet normal -0.216462 0.976291 0
    outer loop
      vertex 0.43412 -2.46202 0
      vertex 0.647047 -2.41481 -8
      vertex 0.43412 -2.46202 -8
    endloop
  endfacet
  facet normal -0.843397 0.537291 0
    outer loop
      vertex 2.04788 -1.43394 -8
      vertex 2.16506 -1.25 0
      vertex 2.16506 -1.25 -8
    endloop
  endfacet
  facet normal -0.843397 0.537291 0
    outer loop
      vertex 2.16506 -1.25 0
      vertex 2.04788 -1.43394 -8
      vertex 2.04788 -1.43394 0
    endloop
  endfacet
  facet normal 0.737291 0.675575 0
    outer loop
      vertex -1.76777 -1.76777 0
      vertex -1.91511 -1.60697 -8
      vertex -1.91511 -1.60697 0
    endloop
  endfacet
  facet normal 0.737291 0.675575 0
    outer loop
      vertex -1.91511 -1.60697 -8
      vertex -1.76777 -1.76777 0
      vertex -1.76777 -1.76777 -8
    endloop
  endfacet
  facet normal 0.991443 0.130538 0
    outer loop
      vertex -2.46202 -0.43412 0
      vertex -2.49049 -0.217889 -8
      vertex -2.49049 -0.217889 0
    endloop
  endfacet
  facet normal 0.991443 0.130538 0
    outer loop
      vertex -2.49049 -0.217889 -8
      vertex -2.46202 -0.43412 0
      vertex -2.46202 -0.43412 -8
    endloop
  endfacet
  facet normal -0.130538 -0.991443 0
    outer loop
      vertex 0.217889 2.49049 -8
      vertex 0.43412 2.46202 0
      vertex 0.217889 2.49049 0
    endloop
  endfacet
  facet normal -0.130538 -0.991443 -0
    outer loop
      vertex 0.43412 2.46202 0
      vertex 0.217889 2.49049 -8
      vertex 0.43412 2.46202 -8
    endloop
  endfacet
  facet normal -0.216462 -0.976291 0
    outer loop
      vertex 0.43412 2.46202 -8
      vertex 0.647047 2.41481 0
      vertex 0.43412 2.46202 0
    endloop
  endfacet
  facet normal -0.216462 -0.976291 -0
    outer loop
      vertex 0.647047 2.41481 0
      vertex 0.43412 2.46202 -8
      vertex 0.647047 2.41481 -8
    endloop
  endfacet
  facet normal -0.886999 0.461771 0
    outer loop
      vertex 2.16506 -1.25 -8
      vertex 2.26577 -1.05655 0
      vertex 2.26577 -1.05655 -8
    endloop
  endfacet
  facet normal -0.886999 0.461771 0
    outer loop
      vertex 2.26577 -1.05655 0
      vertex 2.16506 -1.25 -8
      vertex 2.16506 -1.25 0
    endloop
  endfacet
  facet normal 0.953721 0.300693 0
    outer loop
      vertex -2.34923 -0.85505 0
      vertex -2.41481 -0.647047 -8
      vertex -2.41481 -0.647047 0
    endloop
  endfacet
  facet normal 0.953721 0.300693 0
    outer loop
      vertex -2.41481 -0.647047 -8
      vertex -2.34923 -0.85505 0
      vertex -2.34923 -0.85505 -8
    endloop
  endfacet
  facet normal -0.793355 -0.60876 0
    outer loop
      vertex 2.04788 1.43394 -8
      vertex 1.91511 1.60697 0
      vertex 1.91511 1.60697 -8
    endloop
  endfacet
  facet normal -0.793355 -0.60876 0
    outer loop
      vertex 1.91511 1.60697 0
      vertex 2.04788 1.43394 -8
      vertex 2.04788 1.43394 0
    endloop
  endfacet
  facet normal 0.382668 0.923886 -0
    outer loop
      vertex -0.85505 -2.34923 -8
      vertex -1.05655 -2.26577 0
      vertex -0.85505 -2.34923 0
    endloop
  endfacet
  facet normal 0.382668 0.923886 0
    outer loop
      vertex -1.05655 -2.26577 0
      vertex -0.85505 -2.34923 -8
      vertex -1.05655 -2.26577 -8
    endloop
  endfacet
  facet normal 0.130538 0.991443 -0
    outer loop
      vertex -0.217889 -2.49049 -8
      vertex -0.43412 -2.46202 0
      vertex -0.217889 -2.49049 0
    endloop
  endfacet
  facet normal 0.130538 0.991443 0
    outer loop
      vertex -0.43412 -2.46202 0
      vertex -0.217889 -2.49049 -8
      vertex -0.43412 -2.46202 -8
    endloop
  endfacet
  facet normal 0.843397 -0.537291 0
    outer loop
      vertex -2.16506 1.25 0
      vertex -2.04788 1.43394 -8
      vertex -2.04788 1.43394 0
    endloop
  endfacet
  facet normal 0.843397 -0.537291 0
    outer loop
      vertex -2.04788 1.43394 -8
      vertex -2.16506 1.25 0
      vertex -2.16506 1.25 -8
    endloop
  endfacet
  facet normal 0.999049 -0.0436046 0
    outer loop
      vertex -2.5 0 0
      vertex -2.49049 0.217889 -8
      vertex -2.49049 0.217889 0
    endloop
  endfacet
  facet normal 0.999049 -0.0436046 0
    outer loop
      vertex -2.49049 0.217889 -8
      vertex -2.5 0 0
      vertex -2.5 0 -8
    endloop
  endfacet
  facet normal -0.300693 0.953721 0
    outer loop
      vertex 0.85505 -2.34923 -8
      vertex 0.647047 -2.41481 0
      vertex 0.85505 -2.34923 0
    endloop
  endfacet
  facet normal -0.300693 0.953721 0
    outer loop
      vertex 0.647047 -2.41481 0
      vertex 0.85505 -2.34923 -8
      vertex 0.647047 -2.41481 -8
    endloop
  endfacet
  facet normal 0.923886 -0.382668 0
    outer loop
      vertex -2.34923 0.85505 0
      vertex -2.26577 1.05655 -8
      vertex -2.26577 1.05655 0
    endloop
  endfacet
  facet normal 0.923886 -0.382668 0
    outer loop
      vertex -2.26577 1.05655 -8
      vertex -2.34923 0.85505 0
      vertex -2.34923 0.85505 -8
    endloop
  endfacet
  facet normal -0.675575 0.737291 0
    outer loop
      vertex 1.76777 -1.76777 -8
      vertex 1.60697 -1.91511 0
      vertex 1.76777 -1.76777 0
    endloop
  endfacet
  facet normal -0.675575 0.737291 0
    outer loop
      vertex 1.60697 -1.91511 0
      vertex 1.76777 -1.76777 -8
      vertex 1.60697 -1.91511 -8
    endloop
  endfacet
  facet normal -0.382668 -0.923886 0
    outer loop
      vertex 0.85505 2.34923 -8
      vertex 1.05655 2.26577 0
      vertex 0.85505 2.34923 0
    endloop
  endfacet
  facet normal -0.382668 -0.923886 -0
    outer loop
      vertex 1.05655 2.26577 0
      vertex 0.85505 2.34923 -8
      vertex 1.05655 2.26577 -8
    endloop
  endfacet
endsolid OpenSCAD_Model
