solid OpenSCAD_Model
  facet normal -0.991491 -0.130175 0
    outer loop
      vertex -48.3065 -29.8518 0
      vertex -48.3258 -29.7048 6
      vertex -48.3258 -29.7048 0
    endloop
  endfacet
  facet normal -0.991491 -0.130175 0
    outer loop
      vertex -48.3258 -29.7048 6
      vertex -48.3065 -29.8518 0
      vertex -48.3065 -29.8518 6
    endloop
  endfacet
  facet normal -0.99904 -0.0438175 0
    outer loop
      vertex -48.3 -30 0
      vertex -48.3065 -29.8518 6
      vertex -48.3065 -29.8518 0
    endloop
  endfacet
  facet normal -0.99904 -0.0438175 0
    outer loop
      vertex -48.3065 -29.8518 6
      vertex -48.3 -30 0
      vertex -48.3 -30 6
    endloop
  endfacet
  facet normal -0.976298 -0.216431 0
    outer loop
      vertex -48.3258 -29.7048 0
      vertex -48.3579 -29.56 6
      vertex -48.3579 -29.56 0
    endloop
  endfacet
  facet normal -0.976298 -0.216431 0
    outer loop
      vertex -48.3579 -29.56 6
      vertex -48.3258 -29.7048 0
      vertex -48.3258 -29.7048 6
    endloop
  endfacet
  facet normal -0.130175 0.991491 0
    outer loop
      vertex -49.7048 -31.6742 0
      vertex -49.8518 -31.6935 6
      vertex -49.7048 -31.6742 6
    endloop
  endfacet
  facet normal -0.130175 0.991491 0
    outer loop
      vertex -49.8518 -31.6935 6
      vertex -49.7048 -31.6742 0
      vertex -49.8518 -31.6935 0
    endloop
  endfacet
  facet normal -0.300809 0.953685 0
    outer loop
      vertex -49.4186 -31.5975 0
      vertex -49.56 -31.6421 6
      vertex -49.4186 -31.5975 6
    endloop
  endfacet
  facet normal -0.300809 0.953685 0
    outer loop
      vertex -49.56 -31.6421 6
      vertex -49.4186 -31.5975 0
      vertex -49.56 -31.6421 0
    endloop
  endfacet
  facet normal 0.953685 -0.300809 0
    outer loop
      vertex -51.6421 -29.56 6
      vertex -51.5975 -29.4186 0
      vertex -51.5975 -29.4186 6
    endloop
  endfacet
  facet normal 0.953685 -0.300809 0
    outer loop
      vertex -51.5975 -29.4186 0
      vertex -51.6421 -29.56 6
      vertex -51.6421 -29.56 0
    endloop
  endfacet
  facet normal 0.79315 0.609026 0
    outer loop
      vertex -51.3023 -31.0927 6
      vertex -51.3926 -30.9751 0
      vertex -51.3926 -30.9751 6
    endloop
  endfacet
  facet normal 0.79315 0.609026 0
    outer loop
      vertex -51.3926 -30.9751 0
      vertex -51.3023 -31.0927 6
      vertex -51.3023 -31.0927 0
    endloop
  endfacet
  facet normal -0.953685 -0.300809 0
    outer loop
      vertex -48.3579 -29.56 0
      vertex -48.4025 -29.4186 6
      vertex -48.4025 -29.4186 0
    endloop
  endfacet
  facet normal -0.953685 -0.300809 0
    outer loop
      vertex -48.4025 -29.4186 6
      vertex -48.3579 -29.56 0
      vertex -48.3579 -29.56 6
    endloop
  endfacet
  facet normal -0.79315 -0.609026 0
    outer loop
      vertex -48.6074 -29.0249 0
      vertex -48.6977 -28.9073 6
      vertex -48.6977 -28.9073 0
    endloop
  endfacet
  facet normal -0.79315 -0.609026 0
    outer loop
      vertex -48.6977 -28.9073 6
      vertex -48.6074 -29.0249 0
      vertex -48.6074 -29.0249 6
    endloop
  endfacet
  facet normal 0.536832 -0.843689 0
    outer loop
      vertex -50.9751 -28.6074 0
      vertex -50.85 -28.5278 6
      vertex -50.9751 -28.6074 6
    endloop
  endfacet
  facet normal 0.536832 -0.843689 0
    outer loop
      vertex -50.85 -28.5278 6
      vertex -50.9751 -28.6074 0
      vertex -50.85 -28.5278 0
    endloop
  endfacet
  facet normal 0.300809 -0.953685 0
    outer loop
      vertex -50.5814 -28.4025 0
      vertex -50.44 -28.3579 6
      vertex -50.5814 -28.4025 6
    endloop
  endfacet
  facet normal 0.300809 -0.953685 0
    outer loop
      vertex -50.44 -28.3579 6
      vertex -50.5814 -28.4025 0
      vertex -50.44 -28.3579 0
    endloop
  endfacet
  facet normal 0.216431 -0.976298 0
    outer loop
      vertex -50.44 -28.3579 0
      vertex -50.2952 -28.3258 6
      vertex -50.44 -28.3579 6
    endloop
  endfacet
  facet normal 0.216431 -0.976298 0
    outer loop
      vertex -50.2952 -28.3258 6
      vertex -50.44 -28.3579 0
      vertex -50.2952 -28.3258 0
    endloop
  endfacet
  facet normal 0.923853 0.382749 0
    outer loop
      vertex -51.5407 -30.7185 6
      vertex -51.5975 -30.5814 0
      vertex -51.5975 -30.5814 6
    endloop
  endfacet
  facet normal 0.923853 0.382749 0
    outer loop
      vertex -51.5975 -30.5814 0
      vertex -51.5407 -30.7185 6
      vertex -51.5407 -30.7185 0
    endloop
  endfacet
  facet normal -0.843689 -0.536832 0
    outer loop
      vertex -48.5278 -29.15 0
      vertex -48.6074 -29.0249 6
      vertex -48.6074 -29.0249 0
    endloop
  endfacet
  facet normal -0.843689 -0.536832 0
    outer loop
      vertex -48.6074 -29.0249 6
      vertex -48.5278 -29.15 0
      vertex -48.5278 -29.15 6
    endloop
  endfacet
  facet normal -0.953685 0.300809 0
    outer loop
      vertex -48.4025 -30.5814 0
      vertex -48.3579 -30.44 6
      vertex -48.3579 -30.44 0
    endloop
  endfacet
  facet normal -0.953685 0.300809 0
    outer loop
      vertex -48.3579 -30.44 6
      vertex -48.4025 -30.5814 0
      vertex -48.4025 -30.5814 6
    endloop
  endfacet
  facet normal -0.675419 -0.737434 0
    outer loop
      vertex -48.9073 -28.6977 0
      vertex -48.7979 -28.7979 6
      vertex -48.9073 -28.6977 6
    endloop
  endfacet
  facet normal -0.675419 -0.737434 -0
    outer loop
      vertex -48.7979 -28.7979 6
      vertex -48.9073 -28.6977 0
      vertex -48.7979 -28.7979 0
    endloop
  endfacet
  facet normal -0.536832 -0.843689 0
    outer loop
      vertex -49.15 -28.5278 0
      vertex -49.0249 -28.6074 6
      vertex -49.15 -28.5278 6
    endloop
  endfacet
  facet normal -0.536832 -0.843689 -0
    outer loop
      vertex -49.0249 -28.6074 6
      vertex -49.15 -28.5278 0
      vertex -49.0249 -28.6074 0
    endloop
  endfacet
  facet normal -0.99904 0.0438175 0
    outer loop
      vertex -48.3065 -30.1482 0
      vertex -48.3 -30 6
      vertex -48.3 -30 0
    endloop
  endfacet
  facet normal -0.99904 0.0438175 0
    outer loop
      vertex -48.3 -30 6
      vertex -48.3065 -30.1482 0
      vertex -48.3065 -30.1482 6
    endloop
  endfacet
  facet normal 0.216431 0.976298 -0
    outer loop
      vertex -50.2952 -31.6742 0
      vertex -50.44 -31.6421 6
      vertex -50.2952 -31.6742 6
    endloop
  endfacet
  facet normal 0.216431 0.976298 0
    outer loop
      vertex -50.44 -31.6421 6
      vertex -50.2952 -31.6742 0
      vertex -50.44 -31.6421 0
    endloop
  endfacet
  facet normal -0.609026 -0.79315 0
    outer loop
      vertex -49.0249 -28.6074 0
      vertex -48.9073 -28.6977 6
      vertex -49.0249 -28.6074 6
    endloop
  endfacet
  facet normal -0.609026 -0.79315 -0
    outer loop
      vertex -48.9073 -28.6977 6
      vertex -49.0249 -28.6074 0
      vertex -48.9073 -28.6977 0
    endloop
  endfacet
  facet normal 0.953685 0.300809 0
    outer loop
      vertex -51.5975 -30.5814 6
      vertex -51.6421 -30.44 0
      vertex -51.6421 -30.44 6
    endloop
  endfacet
  facet normal 0.953685 0.300809 0
    outer loop
      vertex -51.6421 -30.44 0
      vertex -51.5975 -30.5814 6
      vertex -51.5975 -30.5814 0
    endloop
  endfacet
  facet normal 0.609026 -0.79315 0
    outer loop
      vertex -51.0927 -28.6977 0
      vertex -50.9751 -28.6074 6
      vertex -51.0927 -28.6977 6
    endloop
  endfacet
  facet normal 0.609026 -0.79315 0
    outer loop
      vertex -50.9751 -28.6074 6
      vertex -51.0927 -28.6977 0
      vertex -50.9751 -28.6074 0
    endloop
  endfacet
  facet normal -0.216431 0.976298 0
    outer loop
      vertex -49.56 -31.6421 0
      vertex -49.7048 -31.6742 6
      vertex -49.56 -31.6421 6
    endloop
  endfacet
  facet normal -0.216431 0.976298 0
    outer loop
      vertex -49.7048 -31.6742 6
      vertex -49.56 -31.6421 0
      vertex -49.7048 -31.6742 0
    endloop
  endfacet
  facet normal -0.0438175 -0.99904 0
    outer loop
      vertex -50 -28.3 0
      vertex -49.8518 -28.3065 6
      vertex -50 -28.3 6
    endloop
  endfacet
  facet normal -0.0438175 -0.99904 -0
    outer loop
      vertex -49.8518 -28.3065 6
      vertex -50 -28.3 0
      vertex -49.8518 -28.3065 0
    endloop
  endfacet
  facet normal 0.382749 0.923853 -0
    outer loop
      vertex -50.5814 -31.5975 0
      vertex -50.7185 -31.5407 6
      vertex -50.5814 -31.5975 6
    endloop
  endfacet
  facet normal 0.382749 0.923853 0
    outer loop
      vertex -50.7185 -31.5407 6
      vertex -50.5814 -31.5975 0
      vertex -50.7185 -31.5407 0
    endloop
  endfacet
  facet normal -0.46199 0.886885 0
    outer loop
      vertex -49.15 -31.4722 0
      vertex -49.2815 -31.5407 6
      vertex -49.15 -31.4722 6
    endloop
  endfacet
  facet normal -0.46199 0.886885 0
    outer loop
      vertex -49.2815 -31.5407 6
      vertex -49.15 -31.4722 0
      vertex -49.2815 -31.5407 0
    endloop
  endfacet
  facet normal 0.0438175 -0.99904 0
    outer loop
      vertex -50.1482 -28.3065 0
      vertex -50 -28.3 6
      vertex -50.1482 -28.3065 6
    endloop
  endfacet
  facet normal 0.0438175 -0.99904 0
    outer loop
      vertex -50 -28.3 6
      vertex -50.1482 -28.3065 0
      vertex -50 -28.3 0
    endloop
  endfacet
  facet normal 0.536832 0.843689 -0
    outer loop
      vertex -50.85 -31.4722 0
      vertex -50.9751 -31.3926 6
      vertex -50.85 -31.4722 6
    endloop
  endfacet
  facet normal 0.536832 0.843689 0
    outer loop
      vertex -50.9751 -31.3926 6
      vertex -50.85 -31.4722 0
      vertex -50.9751 -31.3926 0
    endloop
  endfacet
  facet normal -0.0438175 0.99904 0
    outer loop
      vertex -49.8518 -31.6935 0
      vertex -50 -31.7 6
      vertex -49.8518 -31.6935 6
    endloop
  endfacet
  facet normal -0.0438175 0.99904 0
    outer loop
      vertex -50 -31.7 6
      vertex -49.8518 -31.6935 0
      vertex -50 -31.7 0
    endloop
  endfacet
  facet normal 0.886885 0.46199 0
    outer loop
      vertex -51.4722 -30.85 6
      vertex -51.5407 -30.7185 0
      vertex -51.5407 -30.7185 6
    endloop
  endfacet
  facet normal 0.886885 0.46199 0
    outer loop
      vertex -51.5407 -30.7185 0
      vertex -51.4722 -30.85 6
      vertex -51.4722 -30.85 0
    endloop
  endfacet
  facet normal -0.46199 -0.886885 0
    outer loop
      vertex -49.2815 -28.4593 0
      vertex -49.15 -28.5278 6
      vertex -49.2815 -28.4593 6
    endloop
  endfacet
  facet normal -0.46199 -0.886885 -0
    outer loop
      vertex -49.15 -28.5278 6
      vertex -49.2815 -28.4593 0
      vertex -49.15 -28.5278 0
    endloop
  endfacet
  facet normal -0.675419 0.737434 0
    outer loop
      vertex -48.7979 -31.2021 0
      vertex -48.9073 -31.3023 6
      vertex -48.7979 -31.2021 6
    endloop
  endfacet
  facet normal -0.675419 0.737434 0
    outer loop
      vertex -48.9073 -31.3023 6
      vertex -48.7979 -31.2021 0
      vertex -48.9073 -31.3023 0
    endloop
  endfacet
  facet normal -0.536832 0.843689 0
    outer loop
      vertex -49.0249 -31.3926 0
      vertex -49.15 -31.4722 6
      vertex -49.0249 -31.3926 6
    endloop
  endfacet
  facet normal -0.536832 0.843689 0
    outer loop
      vertex -49.15 -31.4722 6
      vertex -49.0249 -31.3926 0
      vertex -49.15 -31.4722 0
    endloop
  endfacet
  facet normal -0.79315 0.609026 0
    outer loop
      vertex -48.6977 -31.0927 0
      vertex -48.6074 -30.9751 6
      vertex -48.6074 -30.9751 0
    endloop
  endfacet
  facet normal -0.79315 0.609026 0
    outer loop
      vertex -48.6074 -30.9751 6
      vertex -48.6977 -31.0927 0
      vertex -48.6977 -31.0927 6
    endloop
  endfacet
  facet normal -0.609026 0.79315 0
    outer loop
      vertex -48.9073 -31.3023 0
      vertex -49.0249 -31.3926 6
      vertex -48.9073 -31.3023 6
    endloop
  endfacet
  facet normal -0.609026 0.79315 0
    outer loop
      vertex -49.0249 -31.3926 6
      vertex -48.9073 -31.3023 0
      vertex -49.0249 -31.3926 0
    endloop
  endfacet
  facet normal -0.923853 -0.382749 0
    outer loop
      vertex -48.4025 -29.4186 0
      vertex -48.4593 -29.2815 6
      vertex -48.4593 -29.2815 0
    endloop
  endfacet
  facet normal -0.923853 -0.382749 0
    outer loop
      vertex -48.4593 -29.2815 6
      vertex -48.4025 -29.4186 0
      vertex -48.4025 -29.4186 6
    endloop
  endfacet
  facet normal -0.737434 -0.675419 0
    outer loop
      vertex -48.6977 -28.9073 0
      vertex -48.7979 -28.7979 6
      vertex -48.7979 -28.7979 0
    endloop
  endfacet
  facet normal -0.737434 -0.675419 0
    outer loop
      vertex -48.7979 -28.7979 6
      vertex -48.6977 -28.9073 0
      vertex -48.6977 -28.9073 6
    endloop
  endfacet
  facet normal 0.923853 -0.382749 0
    outer loop
      vertex -51.5975 -29.4186 6
      vertex -51.5407 -29.2815 0
      vertex -51.5407 -29.2815 6
    endloop
  endfacet
  facet normal 0.923853 -0.382749 0
    outer loop
      vertex -51.5407 -29.2815 0
      vertex -51.5975 -29.4186 6
      vertex -51.5975 -29.4186 0
    endloop
  endfacet
  facet normal -0.382749 0.923853 0
    outer loop
      vertex -49.2815 -31.5407 0
      vertex -49.4186 -31.5975 6
      vertex -49.2815 -31.5407 6
    endloop
  endfacet
  facet normal -0.382749 0.923853 0
    outer loop
      vertex -49.4186 -31.5975 6
      vertex -49.2815 -31.5407 0
      vertex -49.4186 -31.5975 0
    endloop
  endfacet
  facet normal -0.886885 -0.46199 0
    outer loop
      vertex -48.4593 -29.2815 0
      vertex -48.5278 -29.15 6
      vertex -48.5278 -29.15 0
    endloop
  endfacet
  facet normal -0.886885 -0.46199 0
    outer loop
      vertex -48.5278 -29.15 6
      vertex -48.4593 -29.2815 0
      vertex -48.4593 -29.2815 6
    endloop
  endfacet
  facet normal 0.675419 -0.737434 0
    outer loop
      vertex -51.2021 -28.7979 0
      vertex -51.0927 -28.6977 6
      vertex -51.2021 -28.7979 6
    endloop
  endfacet
  facet normal 0.675419 -0.737434 0
    outer loop
      vertex -51.0927 -28.6977 6
      vertex -51.2021 -28.7979 0
      vertex -51.0927 -28.6977 0
    endloop
  endfacet
  facet normal 0.675419 0.737434 -0
    outer loop
      vertex -51.0927 -31.3023 0
      vertex -51.2021 -31.2021 6
      vertex -51.0927 -31.3023 6
    endloop
  endfacet
  facet normal 0.675419 0.737434 0
    outer loop
      vertex -51.2021 -31.2021 6
      vertex -51.0927 -31.3023 0
      vertex -51.2021 -31.2021 0
    endloop
  endfacet
  facet normal -0.130175 -0.991491 0
    outer loop
      vertex -49.8518 -28.3065 0
      vertex -49.7048 -28.3258 6
      vertex -49.8518 -28.3065 6
    endloop
  endfacet
  facet normal -0.130175 -0.991491 -0
    outer loop
      vertex -49.7048 -28.3258 6
      vertex -49.8518 -28.3065 0
      vertex -49.7048 -28.3258 0
    endloop
  endfacet
  facet normal 0.46199 -0.886885 0
    outer loop
      vertex -50.85 -28.5278 0
      vertex -50.7185 -28.4593 6
      vertex -50.85 -28.5278 6
    endloop
  endfacet
  facet normal 0.46199 -0.886885 0
    outer loop
      vertex -50.7185 -28.4593 6
      vertex -50.85 -28.5278 0
      vertex -50.7185 -28.4593 0
    endloop
  endfacet
  facet normal 0.382749 -0.923853 0
    outer loop
      vertex -50.7185 -28.4593 0
      vertex -50.5814 -28.4025 6
      vertex -50.7185 -28.4593 6
    endloop
  endfacet
  facet normal 0.382749 -0.923853 0
    outer loop
      vertex -50.5814 -28.4025 6
      vertex -50.7185 -28.4593 0
      vertex -50.5814 -28.4025 0
    endloop
  endfacet
  facet normal 0.991491 -0.130175 0
    outer loop
      vertex -51.6935 -29.8518 6
      vertex -51.6742 -29.7048 0
      vertex -51.6742 -29.7048 6
    endloop
  endfacet
  facet normal 0.991491 -0.130175 0
    outer loop
      vertex -51.6742 -29.7048 0
      vertex -51.6935 -29.8518 6
      vertex -51.6935 -29.8518 0
    endloop
  endfacet
  facet normal 0.976298 -0.216431 0
    outer loop
      vertex -51.6742 -29.7048 6
      vertex -51.6421 -29.56 0
      vertex -51.6421 -29.56 6
    endloop
  endfacet
  facet normal 0.976298 -0.216431 0
    outer loop
      vertex -51.6421 -29.56 0
      vertex -51.6742 -29.7048 6
      vertex -51.6742 -29.7048 0
    endloop
  endfacet
  facet normal -0.923853 0.382749 0
    outer loop
      vertex -48.4593 -30.7185 0
      vertex -48.4025 -30.5814 6
      vertex -48.4025 -30.5814 0
    endloop
  endfacet
  facet normal -0.923853 0.382749 0
    outer loop
      vertex -48.4025 -30.5814 6
      vertex -48.4593 -30.7185 0
      vertex -48.4593 -30.7185 6
    endloop
  endfacet
  facet normal -0.216431 -0.976298 0
    outer loop
      vertex -49.7048 -28.3258 0
      vertex -49.56 -28.3579 6
      vertex -49.7048 -28.3258 6
    endloop
  endfacet
  facet normal -0.216431 -0.976298 -0
    outer loop
      vertex -49.56 -28.3579 6
      vertex -49.7048 -28.3258 0
      vertex -49.56 -28.3579 0
    endloop
  endfacet
  facet normal 0.79315 -0.609026 0
    outer loop
      vertex -51.3926 -29.0249 6
      vertex -51.3023 -28.9073 0
      vertex -51.3023 -28.9073 6
    endloop
  endfacet
  facet normal 0.79315 -0.609026 0
    outer loop
      vertex -51.3023 -28.9073 0
      vertex -51.3926 -29.0249 6
      vertex -51.3926 -29.0249 0
    endloop
  endfacet
  facet normal 0.99904 0.0438175 0
    outer loop
      vertex -51.6935 -30.1482 6
      vertex -51.7 -30 0
      vertex -51.7 -30 6
    endloop
  endfacet
  facet normal 0.99904 0.0438175 0
    outer loop
      vertex -51.7 -30 0
      vertex -51.6935 -30.1482 6
      vertex -51.6935 -30.1482 0
    endloop
  endfacet
  facet normal 0.46199 0.886885 -0
    outer loop
      vertex -50.7185 -31.5407 0
      vertex -50.85 -31.4722 6
      vertex -50.7185 -31.5407 6
    endloop
  endfacet
  facet normal 0.46199 0.886885 0
    outer loop
      vertex -50.85 -31.4722 6
      vertex -50.7185 -31.5407 0
      vertex -50.85 -31.4722 0
    endloop
  endfacet
  facet normal -0.976298 0.216431 0
    outer loop
      vertex -48.3579 -30.44 0
      vertex -48.3258 -30.2952 6
      vertex -48.3258 -30.2952 0
    endloop
  endfacet
  facet normal -0.976298 0.216431 0
    outer loop
      vertex -48.3258 -30.2952 6
      vertex -48.3579 -30.44 0
      vertex -48.3579 -30.44 6
    endloop
  endfacet
  facet normal 0.737434 0.675419 0
    outer loop
      vertex -51.2021 -31.2021 6
      vertex -51.3023 -31.0927 0
      vertex -51.3023 -31.0927 6
    endloop
  endfacet
  facet normal 0.737434 0.675419 0
    outer loop
      vertex -51.3023 -31.0927 0
      vertex -51.2021 -31.2021 6
      vertex -51.2021 -31.2021 0
    endloop
  endfacet
  facet normal 0.976298 0.216431 0
    outer loop
      vertex -51.6421 -30.44 6
      vertex -51.6742 -30.2952 0
      vertex -51.6742 -30.2952 6
    endloop
  endfacet
  facet normal 0.976298 0.216431 0
    outer loop
      vertex -51.6742 -30.2952 0
      vertex -51.6421 -30.44 6
      vertex -51.6421 -30.44 0
    endloop
  endfacet
  facet normal -0.886885 0.46199 0
    outer loop
      vertex -48.5278 -30.85 0
      vertex -48.4593 -30.7185 6
      vertex -48.4593 -30.7185 0
    endloop
  endfacet
  facet normal -0.886885 0.46199 0
    outer loop
      vertex -48.4593 -30.7185 6
      vertex -48.5278 -30.85 0
      vertex -48.5278 -30.85 6
    endloop
  endfacet
  facet normal -0.382749 -0.923853 0
    outer loop
      vertex -49.4186 -28.4025 0
      vertex -49.2815 -28.4593 6
      vertex -49.4186 -28.4025 6
    endloop
  endfacet
  facet normal -0.382749 -0.923853 -0
    outer loop
      vertex -49.2815 -28.4593 6
      vertex -49.4186 -28.4025 0
      vertex -49.2815 -28.4593 0
    endloop
  endfacet
  facet normal -0.300809 -0.953685 0
    outer loop
      vertex -49.56 -28.3579 0
      vertex -49.4186 -28.4025 6
      vertex -49.56 -28.3579 6
    endloop
  endfacet
  facet normal -0.300809 -0.953685 -0
    outer loop
      vertex -49.4186 -28.4025 6
      vertex -49.56 -28.3579 0
      vertex -49.4186 -28.4025 0
    endloop
  endfacet
  facet normal 0.737434 -0.675419 0
    outer loop
      vertex -51.3023 -28.9073 6
      vertex -51.2021 -28.7979 0
      vertex -51.2021 -28.7979 6
    endloop
  endfacet
  facet normal 0.737434 -0.675419 0
    outer loop
      vertex -51.2021 -28.7979 0
      vertex -51.3023 -28.9073 6
      vertex -51.3023 -28.9073 0
    endloop
  endfacet
  facet normal 0.130175 -0.991491 0
    outer loop
      vertex -50.2952 -28.3258 0
      vertex -50.1482 -28.3065 6
      vertex -50.2952 -28.3258 6
    endloop
  endfacet
  facet normal 0.130175 -0.991491 0
    outer loop
      vertex -50.1482 -28.3065 6
      vertex -50.2952 -28.3258 0
      vertex -50.1482 -28.3065 0
    endloop
  endfacet
  facet normal 0.609026 0.79315 -0
    outer loop
      vertex -50.9751 -31.3926 0
      vertex -51.0927 -31.3023 6
      vertex -50.9751 -31.3926 6
    endloop
  endfacet
  facet normal 0.609026 0.79315 0
    outer loop
      vertex -51.0927 -31.3023 6
      vertex -50.9751 -31.3926 0
      vertex -51.0927 -31.3023 0
    endloop
  endfacet
  facet normal -0.843689 0.536832 0
    outer loop
      vertex -48.6074 -30.9751 0
      vertex -48.5278 -30.85 6
      vertex -48.5278 -30.85 0
    endloop
  endfacet
  facet normal -0.843689 0.536832 0
    outer loop
      vertex -48.5278 -30.85 6
      vertex -48.6074 -30.9751 0
      vertex -48.6074 -30.9751 6
    endloop
  endfacet
  facet normal 0.300809 0.953685 -0
    outer loop
      vertex -50.44 -31.6421 0
      vertex -50.5814 -31.5975 6
      vertex -50.44 -31.6421 6
    endloop
  endfacet
  facet normal 0.300809 0.953685 0
    outer loop
      vertex -50.5814 -31.5975 6
      vertex -50.44 -31.6421 0
      vertex -50.5814 -31.5975 0
    endloop
  endfacet
  facet normal 0.991491 0.130175 0
    outer loop
      vertex -51.6742 -30.2952 6
      vertex -51.6935 -30.1482 0
      vertex -51.6935 -30.1482 6
    endloop
  endfacet
  facet normal 0.991491 0.130175 0
    outer loop
      vertex -51.6935 -30.1482 0
      vertex -51.6742 -30.2952 6
      vertex -51.6742 -30.2952 0
    endloop
  endfacet
  facet normal 0.843689 0.536832 0
    outer loop
      vertex -51.3926 -30.9751 6
      vertex -51.4722 -30.85 0
      vertex -51.4722 -30.85 6
    endloop
  endfacet
  facet normal 0.843689 0.536832 0
    outer loop
      vertex -51.4722 -30.85 0
      vertex -51.3926 -30.9751 6
      vertex -51.3926 -30.9751 0
    endloop
  endfacet
  facet normal 0.99904 -0.0438175 0
    outer loop
      vertex -51.7 -30 6
      vertex -51.6935 -29.8518 0
      vertex -51.6935 -29.8518 6
    endloop
  endfacet
  facet normal 0.99904 -0.0438175 0
    outer loop
      vertex -51.6935 -29.8518 0
      vertex -51.7 -30 6
      vertex -51.7 -30 0
    endloop
  endfacet
  facet normal 0.886885 -0.46199 0
    outer loop
      vertex -51.5407 -29.2815 6
      vertex -51.4722 -29.15 0
      vertex -51.4722 -29.15 6
    endloop
  endfacet
  facet normal 0.886885 -0.46199 0
    outer loop
      vertex -51.4722 -29.15 0
      vertex -51.5407 -29.2815 6
      vertex -51.5407 -29.2815 0
    endloop
  endfacet
  facet normal -0.991491 0.130175 0
    outer loop
      vertex -48.3258 -30.2952 0
      vertex -48.3065 -30.1482 6
      vertex -48.3065 -30.1482 0
    endloop
  endfacet
  facet normal -0.991491 0.130175 0
    outer loop
      vertex -48.3065 -30.1482 6
      vertex -48.3258 -30.2952 0
      vertex -48.3258 -30.2952 6
    endloop
  endfacet
  facet normal -0.737434 0.675419 0
    outer loop
      vertex -48.7979 -31.2021 0
      vertex -48.6977 -31.0927 6
      vertex -48.6977 -31.0927 0
    endloop
  endfacet
  facet normal -0.737434 0.675419 0
    outer loop
      vertex -48.6977 -31.0927 6
      vertex -48.7979 -31.2021 0
      vertex -48.7979 -31.2021 6
    endloop
  endfacet
  facet normal 0.0438175 0.99904 -0
    outer loop
      vertex -50 -31.7 0
      vertex -50.1482 -31.6935 6
      vertex -50 -31.7 6
    endloop
  endfacet
  facet normal 0.0438175 0.99904 0
    outer loop
      vertex -50.1482 -31.6935 6
      vertex -50 -31.7 0
      vertex -50.1482 -31.6935 0
    endloop
  endfacet
  facet normal 0.130175 0.991491 -0
    outer loop
      vertex -50.1482 -31.6935 0
      vertex -50.2952 -31.6742 6
      vertex -50.1482 -31.6935 6
    endloop
  endfacet
  facet normal 0.130175 0.991491 0
    outer loop
      vertex -50.2952 -31.6742 6
      vertex -50.1482 -31.6935 0
      vertex -50.2952 -31.6742 0
    endloop
  endfacet
  facet normal 0.843689 -0.536832 0
    outer loop
      vertex -51.4722 -29.15 6
      vertex -51.3926 -29.0249 0
      vertex -51.3926 -29.0249 6
    endloop
  endfacet
  facet normal 0.843689 -0.536832 0
    outer loop
      vertex -51.3926 -29.0249 0
      vertex -51.4722 -29.15 6
      vertex -51.4722 -29.15 0
    endloop
  endfacet
  facet normal -0.991491 -0.130175 0
    outer loop
      vertex -48.3065 30.1482 0
      vertex -48.3258 30.2952 6
      vertex -48.3258 30.2952 0
    endloop
  endfacet
  facet normal -0.991491 -0.130175 0
    outer loop
      vertex -48.3258 30.2952 6
      vertex -48.3065 30.1482 0
      vertex -48.3065 30.1482 6
    endloop
  endfacet
  facet normal -0.99904 -0.0438175 0
    outer loop
      vertex -48.3 30 0
      vertex -48.3065 30.1482 6
      vertex -48.3065 30.1482 0
    endloop
  endfacet
  facet normal -0.99904 -0.0438175 0
    outer loop
      vertex -48.3065 30.1482 6
      vertex -48.3 30 0
      vertex -48.3 30 6
    endloop
  endfacet
  facet normal -0.976298 -0.216431 0
    outer loop
      vertex -48.3258 30.2952 0
      vertex -48.3579 30.44 6
      vertex -48.3579 30.44 0
    endloop
  endfacet
  facet normal -0.976298 -0.216431 0
    outer loop
      vertex -48.3579 30.44 6
      vertex -48.3258 30.2952 0
      vertex -48.3258 30.2952 6
    endloop
  endfacet
  facet normal 0.216431 -0.976298 0
    outer loop
      vertex -50.44 31.6421 0
      vertex -50.2952 31.6742 6
      vertex -50.44 31.6421 6
    endloop
  endfacet
  facet normal 0.216431 -0.976298 0
    outer loop
      vertex -50.2952 31.6742 6
      vertex -50.44 31.6421 0
      vertex -50.2952 31.6742 0
    endloop
  endfacet
  facet normal -0.843689 -0.536832 0
    outer loop
      vertex -48.5278 30.85 0
      vertex -48.6074 30.9751 6
      vertex -48.6074 30.9751 0
    endloop
  endfacet
  facet normal -0.843689 -0.536832 0
    outer loop
      vertex -48.6074 30.9751 6
      vertex -48.5278 30.85 0
      vertex -48.5278 30.85 6
    endloop
  endfacet
  facet normal 0.976298 0.216431 0
    outer loop
      vertex -51.6421 29.56 6
      vertex -51.6742 29.7048 0
      vertex -51.6742 29.7048 6
    endloop
  endfacet
  facet normal 0.976298 0.216431 0
    outer loop
      vertex -51.6742 29.7048 0
      vertex -51.6421 29.56 6
      vertex -51.6421 29.56 0
    endloop
  endfacet
  facet normal -0.737434 -0.675419 0
    outer loop
      vertex -48.6977 31.0927 0
      vertex -48.7979 31.2021 6
      vertex -48.7979 31.2021 0
    endloop
  endfacet
  facet normal -0.737434 -0.675419 0
    outer loop
      vertex -48.7979 31.2021 6
      vertex -48.6977 31.0927 0
      vertex -48.6977 31.0927 6
    endloop
  endfacet
  facet normal -0.99904 0.0438175 0
    outer loop
      vertex -48.3065 29.8518 0
      vertex -48.3 30 6
      vertex -48.3 30 0
    endloop
  endfacet
  facet normal -0.99904 0.0438175 0
    outer loop
      vertex -48.3 30 6
      vertex -48.3065 29.8518 0
      vertex -48.3065 29.8518 6
    endloop
  endfacet
  facet normal -0.675419 0.737434 0
    outer loop
      vertex -48.7979 28.7979 0
      vertex -48.9073 28.6977 6
      vertex -48.7979 28.7979 6
    endloop
  endfacet
  facet normal -0.675419 0.737434 0
    outer loop
      vertex -48.9073 28.6977 6
      vertex -48.7979 28.7979 0
      vertex -48.9073 28.6977 0
    endloop
  endfacet
  facet normal 0.79315 -0.609026 0
    outer loop
      vertex -51.3926 30.9751 6
      vertex -51.3023 31.0927 0
      vertex -51.3023 31.0927 6
    endloop
  endfacet
  facet normal 0.79315 -0.609026 0
    outer loop
      vertex -51.3023 31.0927 0
      vertex -51.3926 30.9751 6
      vertex -51.3926 30.9751 0
    endloop
  endfacet
  facet normal -0.382749 0.923853 0
    outer loop
      vertex -49.2815 28.4593 0
      vertex -49.4186 28.4025 6
      vertex -49.2815 28.4593 6
    endloop
  endfacet
  facet normal -0.382749 0.923853 0
    outer loop
      vertex -49.4186 28.4025 6
      vertex -49.2815 28.4593 0
      vertex -49.4186 28.4025 0
    endloop
  endfacet
  facet normal -0.953685 -0.300809 0
    outer loop
      vertex -48.3579 30.44 0
      vertex -48.4025 30.5814 6
      vertex -48.4025 30.5814 0
    endloop
  endfacet
  facet normal -0.953685 -0.300809 0
    outer loop
      vertex -48.4025 30.5814 6
      vertex -48.3579 30.44 0
      vertex -48.3579 30.44 6
    endloop
  endfacet
  facet normal -0.130175 0.991491 0
    outer loop
      vertex -49.7048 28.3258 0
      vertex -49.8518 28.3065 6
      vertex -49.7048 28.3258 6
    endloop
  endfacet
  facet normal -0.130175 0.991491 0
    outer loop
      vertex -49.8518 28.3065 6
      vertex -49.7048 28.3258 0
      vertex -49.8518 28.3065 0
    endloop
  endfacet
  facet normal 0.976298 -0.216431 0
    outer loop
      vertex -51.6742 30.2952 6
      vertex -51.6421 30.44 0
      vertex -51.6421 30.44 6
    endloop
  endfacet
  facet normal 0.976298 -0.216431 0
    outer loop
      vertex -51.6421 30.44 0
      vertex -51.6742 30.2952 6
      vertex -51.6742 30.2952 0
    endloop
  endfacet
  facet normal 0.609026 -0.79315 0
    outer loop
      vertex -51.0927 31.3023 0
      vertex -50.9751 31.3926 6
      vertex -51.0927 31.3023 6
    endloop
  endfacet
  facet normal 0.609026 -0.79315 0
    outer loop
      vertex -50.9751 31.3926 6
      vertex -51.0927 31.3023 0
      vertex -50.9751 31.3926 0
    endloop
  endfacet
  facet normal 0.0438175 -0.99904 0
    outer loop
      vertex -50.1482 31.6935 0
      vertex -50 31.7 6
      vertex -50.1482 31.6935 6
    endloop
  endfacet
  facet normal 0.0438175 -0.99904 0
    outer loop
      vertex -50 31.7 6
      vertex -50.1482 31.6935 0
      vertex -50 31.7 0
    endloop
  endfacet
  facet normal 0.609026 0.79315 -0
    outer loop
      vertex -50.9751 28.6074 0
      vertex -51.0927 28.6977 6
      vertex -50.9751 28.6074 6
    endloop
  endfacet
  facet normal 0.609026 0.79315 0
    outer loop
      vertex -51.0927 28.6977 6
      vertex -50.9751 28.6074 0
      vertex -51.0927 28.6977 0
    endloop
  endfacet
  facet normal 0.382749 -0.923853 0
    outer loop
      vertex -50.7185 31.5407 0
      vertex -50.5814 31.5975 6
      vertex -50.7185 31.5407 6
    endloop
  endfacet
  facet normal 0.382749 -0.923853 0
    outer loop
      vertex -50.5814 31.5975 6
      vertex -50.7185 31.5407 0
      vertex -50.5814 31.5975 0
    endloop
  endfacet
  facet normal 0.99904 -0.0438175 0
    outer loop
      vertex -51.7 30 6
      vertex -51.6935 30.1482 0
      vertex -51.6935 30.1482 6
    endloop
  endfacet
  facet normal 0.99904 -0.0438175 0
    outer loop
      vertex -51.6935 30.1482 0
      vertex -51.7 30 6
      vertex -51.7 30 0
    endloop
  endfacet
  facet normal -0.300809 -0.953685 0
    outer loop
      vertex -49.56 31.6421 0
      vertex -49.4186 31.5975 6
      vertex -49.56 31.6421 6
    endloop
  endfacet
  facet normal -0.300809 -0.953685 -0
    outer loop
      vertex -49.4186 31.5975 6
      vertex -49.56 31.6421 0
      vertex -49.4186 31.5975 0
    endloop
  endfacet
  facet normal 0.300809 -0.953685 0
    outer loop
      vertex -50.5814 31.5975 0
      vertex -50.44 31.6421 6
      vertex -50.5814 31.5975 6
    endloop
  endfacet
  facet normal 0.300809 -0.953685 0
    outer loop
      vertex -50.44 31.6421 6
      vertex -50.5814 31.5975 0
      vertex -50.44 31.6421 0
    endloop
  endfacet
  facet normal -0.923853 -0.382749 0
    outer loop
      vertex -48.4025 30.5814 0
      vertex -48.4593 30.7185 6
      vertex -48.4593 30.7185 0
    endloop
  endfacet
  facet normal -0.923853 -0.382749 0
    outer loop
      vertex -48.4593 30.7185 6
      vertex -48.4025 30.5814 0
      vertex -48.4025 30.5814 6
    endloop
  endfacet
  facet normal -0.300809 0.953685 0
    outer loop
      vertex -49.4186 28.4025 0
      vertex -49.56 28.3579 6
      vertex -49.4186 28.4025 6
    endloop
  endfacet
  facet normal -0.300809 0.953685 0
    outer loop
      vertex -49.56 28.3579 6
      vertex -49.4186 28.4025 0
      vertex -49.56 28.3579 0
    endloop
  endfacet
  facet normal -0.216431 0.976298 0
    outer loop
      vertex -49.56 28.3579 0
      vertex -49.7048 28.3258 6
      vertex -49.56 28.3579 6
    endloop
  endfacet
  facet normal -0.216431 0.976298 0
    outer loop
      vertex -49.7048 28.3258 6
      vertex -49.56 28.3579 0
      vertex -49.7048 28.3258 0
    endloop
  endfacet
  facet normal -0.609026 -0.79315 0
    outer loop
      vertex -49.0249 31.3926 0
      vertex -48.9073 31.3023 6
      vertex -49.0249 31.3926 6
    endloop
  endfacet
  facet normal -0.609026 -0.79315 -0
    outer loop
      vertex -48.9073 31.3023 6
      vertex -49.0249 31.3926 0
      vertex -48.9073 31.3023 0
    endloop
  endfacet
  facet normal 0.46199 0.886885 -0
    outer loop
      vertex -50.7185 28.4593 0
      vertex -50.85 28.5278 6
      vertex -50.7185 28.4593 6
    endloop
  endfacet
  facet normal 0.46199 0.886885 0
    outer loop
      vertex -50.85 28.5278 6
      vertex -50.7185 28.4593 0
      vertex -50.85 28.5278 0
    endloop
  endfacet
  facet normal -0.0438175 -0.99904 0
    outer loop
      vertex -50 31.7 0
      vertex -49.8518 31.6935 6
      vertex -50 31.7 6
    endloop
  endfacet
  facet normal -0.0438175 -0.99904 -0
    outer loop
      vertex -49.8518 31.6935 6
      vertex -50 31.7 0
      vertex -49.8518 31.6935 0
    endloop
  endfacet
  facet normal 0.536832 -0.843689 0
    outer loop
      vertex -50.9751 31.3926 0
      vertex -50.85 31.4722 6
      vertex -50.9751 31.3926 6
    endloop
  endfacet
  facet normal 0.536832 -0.843689 0
    outer loop
      vertex -50.85 31.4722 6
      vertex -50.9751 31.3926 0
      vertex -50.85 31.4722 0
    endloop
  endfacet
  facet normal -0.130175 -0.991491 0
    outer loop
      vertex -49.8518 31.6935 0
      vertex -49.7048 31.6742 6
      vertex -49.8518 31.6935 6
    endloop
  endfacet
  facet normal -0.130175 -0.991491 -0
    outer loop
      vertex -49.7048 31.6742 6
      vertex -49.8518 31.6935 0
      vertex -49.7048 31.6742 0
    endloop
  endfacet
  facet normal -0.79315 0.609026 0
    outer loop
      vertex -48.6977 28.9073 0
      vertex -48.6074 29.0249 6
      vertex -48.6074 29.0249 0
    endloop
  endfacet
  facet normal -0.79315 0.609026 0
    outer loop
      vertex -48.6074 29.0249 6
      vertex -48.6977 28.9073 0
      vertex -48.6977 28.9073 6
    endloop
  endfacet
  facet normal -0.991491 0.130175 0
    outer loop
      vertex -48.3258 29.7048 0
      vertex -48.3065 29.8518 6
      vertex -48.3065 29.8518 0
    endloop
  endfacet
  facet normal -0.991491 0.130175 0
    outer loop
      vertex -48.3065 29.8518 6
      vertex -48.3258 29.7048 0
      vertex -48.3258 29.7048 6
    endloop
  endfacet
  facet normal -0.953685 0.300809 0
    outer loop
      vertex -48.4025 29.4186 0
      vertex -48.3579 29.56 6
      vertex -48.3579 29.56 0
    endloop
  endfacet
  facet normal -0.953685 0.300809 0
    outer loop
      vertex -48.3579 29.56 6
      vertex -48.4025 29.4186 0
      vertex -48.4025 29.4186 6
    endloop
  endfacet
  facet normal -0.382749 -0.923853 0
    outer loop
      vertex -49.4186 31.5975 0
      vertex -49.2815 31.5407 6
      vertex -49.4186 31.5975 6
    endloop
  endfacet
  facet normal -0.382749 -0.923853 -0
    outer loop
      vertex -49.2815 31.5407 6
      vertex -49.4186 31.5975 0
      vertex -49.2815 31.5407 0
    endloop
  endfacet
  facet normal 0.675419 -0.737434 0
    outer loop
      vertex -51.2021 31.2021 0
      vertex -51.0927 31.3023 6
      vertex -51.2021 31.2021 6
    endloop
  endfacet
  facet normal 0.675419 -0.737434 0
    outer loop
      vertex -51.0927 31.3023 6
      vertex -51.2021 31.2021 0
      vertex -51.0927 31.3023 0
    endloop
  endfacet
  facet normal 0.843689 -0.536832 0
    outer loop
      vertex -51.4722 30.85 6
      vertex -51.3926 30.9751 0
      vertex -51.3926 30.9751 6
    endloop
  endfacet
  facet normal 0.843689 -0.536832 0
    outer loop
      vertex -51.3926 30.9751 0
      vertex -51.4722 30.85 6
      vertex -51.4722 30.85 0
    endloop
  endfacet
  facet normal 0.382749 0.923853 -0
    outer loop
      vertex -50.5814 28.4025 0
      vertex -50.7185 28.4593 6
      vertex -50.5814 28.4025 6
    endloop
  endfacet
  facet normal 0.382749 0.923853 0
    outer loop
      vertex -50.7185 28.4593 6
      vertex -50.5814 28.4025 0
      vertex -50.7185 28.4593 0
    endloop
  endfacet
  facet normal -0.46199 0.886885 0
    outer loop
      vertex -49.15 28.5278 0
      vertex -49.2815 28.4593 6
      vertex -49.15 28.5278 6
    endloop
  endfacet
  facet normal -0.46199 0.886885 0
    outer loop
      vertex -49.2815 28.4593 6
      vertex -49.15 28.5278 0
      vertex -49.2815 28.4593 0
    endloop
  endfacet
  facet normal 0.300809 0.953685 -0
    outer loop
      vertex -50.44 28.3579 0
      vertex -50.5814 28.4025 6
      vertex -50.44 28.3579 6
    endloop
  endfacet
  facet normal 0.300809 0.953685 0
    outer loop
      vertex -50.5814 28.4025 6
      vertex -50.44 28.3579 0
      vertex -50.5814 28.4025 0
    endloop
  endfacet
  facet normal -0.976298 0.216431 0
    outer loop
      vertex -48.3579 29.56 0
      vertex -48.3258 29.7048 6
      vertex -48.3258 29.7048 0
    endloop
  endfacet
  facet normal -0.976298 0.216431 0
    outer loop
      vertex -48.3258 29.7048 6
      vertex -48.3579 29.56 0
      vertex -48.3579 29.56 6
    endloop
  endfacet
  facet normal -0.886885 -0.46199 0
    outer loop
      vertex -48.4593 30.7185 0
      vertex -48.5278 30.85 6
      vertex -48.5278 30.85 0
    endloop
  endfacet
  facet normal -0.886885 -0.46199 0
    outer loop
      vertex -48.5278 30.85 6
      vertex -48.4593 30.7185 0
      vertex -48.4593 30.7185 6
    endloop
  endfacet
  facet normal -0.675419 -0.737434 0
    outer loop
      vertex -48.9073 31.3023 0
      vertex -48.7979 31.2021 6
      vertex -48.9073 31.3023 6
    endloop
  endfacet
  facet normal -0.675419 -0.737434 -0
    outer loop
      vertex -48.7979 31.2021 6
      vertex -48.9073 31.3023 0
      vertex -48.7979 31.2021 0
    endloop
  endfacet
  facet normal 0.953685 0.300809 0
    outer loop
      vertex -51.5975 29.4186 6
      vertex -51.6421 29.56 0
      vertex -51.6421 29.56 6
    endloop
  endfacet
  facet normal 0.953685 0.300809 0
    outer loop
      vertex -51.6421 29.56 0
      vertex -51.5975 29.4186 6
      vertex -51.5975 29.4186 0
    endloop
  endfacet
  facet normal -0.0438175 0.99904 0
    outer loop
      vertex -49.8518 28.3065 0
      vertex -50 28.3 6
      vertex -49.8518 28.3065 6
    endloop
  endfacet
  facet normal -0.0438175 0.99904 0
    outer loop
      vertex -50 28.3 6
      vertex -49.8518 28.3065 0
      vertex -50 28.3 0
    endloop
  endfacet
  facet normal 0.130175 -0.991491 0
    outer loop
      vertex -50.2952 31.6742 0
      vertex -50.1482 31.6935 6
      vertex -50.2952 31.6742 6
    endloop
  endfacet
  facet normal 0.130175 -0.991491 0
    outer loop
      vertex -50.1482 31.6935 6
      vertex -50.2952 31.6742 0
      vertex -50.1482 31.6935 0
    endloop
  endfacet
  facet normal -0.886885 0.46199 0
    outer loop
      vertex -48.5278 29.15 0
      vertex -48.4593 29.2815 6
      vertex -48.4593 29.2815 0
    endloop
  endfacet
  facet normal -0.886885 0.46199 0
    outer loop
      vertex -48.4593 29.2815 6
      vertex -48.5278 29.15 0
      vertex -48.5278 29.15 6
    endloop
  endfacet
  facet normal 0.216431 0.976298 -0
    outer loop
      vertex -50.2952 28.3258 0
      vertex -50.44 28.3579 6
      vertex -50.2952 28.3258 6
    endloop
  endfacet
  facet normal 0.216431 0.976298 0
    outer loop
      vertex -50.44 28.3579 6
      vertex -50.2952 28.3258 0
      vertex -50.44 28.3579 0
    endloop
  endfacet
  facet normal 0.953685 -0.300809 0
    outer loop
      vertex -51.6421 30.44 6
      vertex -51.5975 30.5814 0
      vertex -51.5975 30.5814 6
    endloop
  endfacet
  facet normal 0.953685 -0.300809 0
    outer loop
      vertex -51.5975 30.5814 0
      vertex -51.6421 30.44 6
      vertex -51.6421 30.44 0
    endloop
  endfacet
  facet normal -0.923853 0.382749 0
    outer loop
      vertex -48.4593 29.2815 0
      vertex -48.4025 29.4186 6
      vertex -48.4025 29.4186 0
    endloop
  endfacet
  facet normal -0.923853 0.382749 0
    outer loop
      vertex -48.4025 29.4186 6
      vertex -48.4593 29.2815 0
      vertex -48.4593 29.2815 6
    endloop
  endfacet
  facet normal 0.886885 -0.46199 0
    outer loop
      vertex -51.5407 30.7185 6
      vertex -51.4722 30.85 0
      vertex -51.4722 30.85 6
    endloop
  endfacet
  facet normal 0.886885 -0.46199 0
    outer loop
      vertex -51.4722 30.85 0
      vertex -51.5407 30.7185 6
      vertex -51.5407 30.7185 0
    endloop
  endfacet
  facet normal 0.46199 -0.886885 0
    outer loop
      vertex -50.85 31.4722 0
      vertex -50.7185 31.5407 6
      vertex -50.85 31.4722 6
    endloop
  endfacet
  facet normal 0.46199 -0.886885 0
    outer loop
      vertex -50.7185 31.5407 6
      vertex -50.85 31.4722 0
      vertex -50.7185 31.5407 0
    endloop
  endfacet
  facet normal 0.843689 0.536832 0
    outer loop
      vertex -51.3926 29.0249 6
      vertex -51.4722 29.15 0
      vertex -51.4722 29.15 6
    endloop
  endfacet
  facet normal 0.843689 0.536832 0
    outer loop
      vertex -51.4722 29.15 0
      vertex -51.3926 29.0249 6
      vertex -51.3926 29.0249 0
    endloop
  endfacet
  facet normal 0.991491 -0.130175 0
    outer loop
      vertex -51.6935 30.1482 6
      vertex -51.6742 30.2952 0
      vertex -51.6742 30.2952 6
    endloop
  endfacet
  facet normal 0.991491 -0.130175 0
    outer loop
      vertex -51.6742 30.2952 0
      vertex -51.6935 30.1482 6
      vertex -51.6935 30.1482 0
    endloop
  endfacet
  facet normal 0.737434 -0.675419 0
    outer loop
      vertex -51.3023 31.0927 6
      vertex -51.2021 31.2021 0
      vertex -51.2021 31.2021 6
    endloop
  endfacet
  facet normal 0.737434 -0.675419 0
    outer loop
      vertex -51.2021 31.2021 0
      vertex -51.3023 31.0927 6
      vertex -51.3023 31.0927 0
    endloop
  endfacet
  facet normal 0.886885 0.46199 0
    outer loop
      vertex -51.4722 29.15 6
      vertex -51.5407 29.2815 0
      vertex -51.5407 29.2815 6
    endloop
  endfacet
  facet normal 0.886885 0.46199 0
    outer loop
      vertex -51.5407 29.2815 0
      vertex -51.4722 29.15 6
      vertex -51.4722 29.15 0
    endloop
  endfacet
  facet normal 0.991491 0.130175 0
    outer loop
      vertex -51.6742 29.7048 6
      vertex -51.6935 29.8518 0
      vertex -51.6935 29.8518 6
    endloop
  endfacet
  facet normal 0.991491 0.130175 0
    outer loop
      vertex -51.6935 29.8518 0
      vertex -51.6742 29.7048 6
      vertex -51.6742 29.7048 0
    endloop
  endfacet
  facet normal 0.0438175 0.99904 -0
    outer loop
      vertex -50 28.3 0
      vertex -50.1482 28.3065 6
      vertex -50 28.3 6
    endloop
  endfacet
  facet normal 0.0438175 0.99904 0
    outer loop
      vertex -50.1482 28.3065 6
      vertex -50 28.3 0
      vertex -50.1482 28.3065 0
    endloop
  endfacet
  facet normal 0.675419 0.737434 -0
    outer loop
      vertex -51.0927 28.6977 0
      vertex -51.2021 28.7979 6
      vertex -51.0927 28.6977 6
    endloop
  endfacet
  facet normal 0.675419 0.737434 0
    outer loop
      vertex -51.2021 28.7979 6
      vertex -51.0927 28.6977 0
      vertex -51.2021 28.7979 0
    endloop
  endfacet
  facet normal -0.46199 -0.886885 0
    outer loop
      vertex -49.2815 31.5407 0
      vertex -49.15 31.4722 6
      vertex -49.2815 31.5407 6
    endloop
  endfacet
  facet normal -0.46199 -0.886885 -0
    outer loop
      vertex -49.15 31.4722 6
      vertex -49.2815 31.5407 0
      vertex -49.15 31.4722 0
    endloop
  endfacet
  facet normal -0.536832 0.843689 0
    outer loop
      vertex -49.0249 28.6074 0
      vertex -49.15 28.5278 6
      vertex -49.0249 28.6074 6
    endloop
  endfacet
  facet normal -0.536832 0.843689 0
    outer loop
      vertex -49.15 28.5278 6
      vertex -49.0249 28.6074 0
      vertex -49.15 28.5278 0
    endloop
  endfacet
  facet normal 0.923853 0.382749 0
    outer loop
      vertex -51.5407 29.2815 6
      vertex -51.5975 29.4186 0
      vertex -51.5975 29.4186 6
    endloop
  endfacet
  facet normal 0.923853 0.382749 0
    outer loop
      vertex -51.5975 29.4186 0
      vertex -51.5407 29.2815 6
      vertex -51.5407 29.2815 0
    endloop
  endfacet
  facet normal -0.79315 -0.609026 0
    outer loop
      vertex -48.6074 30.9751 0
      vertex -48.6977 31.0927 6
      vertex -48.6977 31.0927 0
    endloop
  endfacet
  facet normal -0.79315 -0.609026 0
    outer loop
      vertex -48.6977 31.0927 6
      vertex -48.6074 30.9751 0
      vertex -48.6074 30.9751 6
    endloop
  endfacet
  facet normal 0.923853 -0.382749 0
    outer loop
      vertex -51.5975 30.5814 6
      vertex -51.5407 30.7185 0
      vertex -51.5407 30.7185 6
    endloop
  endfacet
  facet normal 0.923853 -0.382749 0
    outer loop
      vertex -51.5407 30.7185 0
      vertex -51.5975 30.5814 6
      vertex -51.5975 30.5814 0
    endloop
  endfacet
  facet normal -0.536832 -0.843689 0
    outer loop
      vertex -49.15 31.4722 0
      vertex -49.0249 31.3926 6
      vertex -49.15 31.4722 6
    endloop
  endfacet
  facet normal -0.536832 -0.843689 -0
    outer loop
      vertex -49.0249 31.3926 6
      vertex -49.15 31.4722 0
      vertex -49.0249 31.3926 0
    endloop
  endfacet
  facet normal 0.737434 0.675419 0
    outer loop
      vertex -51.2021 28.7979 6
      vertex -51.3023 28.9073 0
      vertex -51.3023 28.9073 6
    endloop
  endfacet
  facet normal 0.737434 0.675419 0
    outer loop
      vertex -51.3023 28.9073 0
      vertex -51.2021 28.7979 6
      vertex -51.2021 28.7979 0
    endloop
  endfacet
  facet normal 0.79315 0.609026 0
    outer loop
      vertex -51.3023 28.9073 6
      vertex -51.3926 29.0249 0
      vertex -51.3926 29.0249 6
    endloop
  endfacet
  facet normal 0.79315 0.609026 0
    outer loop
      vertex -51.3926 29.0249 0
      vertex -51.3023 28.9073 6
      vertex -51.3023 28.9073 0
    endloop
  endfacet
  facet normal -0.609026 0.79315 0
    outer loop
      vertex -48.9073 28.6977 0
      vertex -49.0249 28.6074 6
      vertex -48.9073 28.6977 6
    endloop
  endfacet
  facet normal -0.609026 0.79315 0
    outer loop
      vertex -49.0249 28.6074 6
      vertex -48.9073 28.6977 0
      vertex -49.0249 28.6074 0
    endloop
  endfacet
  facet normal 0.99904 0.0438175 0
    outer loop
      vertex -51.6935 29.8518 6
      vertex -51.7 30 0
      vertex -51.7 30 6
    endloop
  endfacet
  facet normal 0.99904 0.0438175 0
    outer loop
      vertex -51.7 30 0
      vertex -51.6935 29.8518 6
      vertex -51.6935 29.8518 0
    endloop
  endfacet
  facet normal -0.843689 0.536832 0
    outer loop
      vertex -48.6074 29.0249 0
      vertex -48.5278 29.15 6
      vertex -48.5278 29.15 0
    endloop
  endfacet
  facet normal -0.843689 0.536832 0
    outer loop
      vertex -48.5278 29.15 6
      vertex -48.6074 29.0249 0
      vertex -48.6074 29.0249 6
    endloop
  endfacet
  facet normal -0.737434 0.675419 0
    outer loop
      vertex -48.7979 28.7979 0
      vertex -48.6977 28.9073 6
      vertex -48.6977 28.9073 0
    endloop
  endfacet
  facet normal -0.737434 0.675419 0
    outer loop
      vertex -48.6977 28.9073 6
      vertex -48.7979 28.7979 0
      vertex -48.7979 28.7979 6
    endloop
  endfacet
  facet normal -0.216431 -0.976298 0
    outer loop
      vertex -49.7048 31.6742 0
      vertex -49.56 31.6421 6
      vertex -49.7048 31.6742 6
    endloop
  endfacet
  facet normal -0.216431 -0.976298 -0
    outer loop
      vertex -49.56 31.6421 6
      vertex -49.7048 31.6742 0
      vertex -49.56 31.6421 0
    endloop
  endfacet
  facet normal 0.536832 0.843689 -0
    outer loop
      vertex -50.85 28.5278 0
      vertex -50.9751 28.6074 6
      vertex -50.85 28.5278 6
    endloop
  endfacet
  facet normal 0.536832 0.843689 0
    outer loop
      vertex -50.9751 28.6074 6
      vertex -50.85 28.5278 0
      vertex -50.9751 28.6074 0
    endloop
  endfacet
  facet normal 0.130175 0.991491 -0
    outer loop
      vertex -50.1482 28.3065 0
      vertex -50.2952 28.3258 6
      vertex -50.1482 28.3065 6
    endloop
  endfacet
  facet normal 0.130175 0.991491 0
    outer loop
      vertex -50.2952 28.3258 6
      vertex -50.1482 28.3065 0
      vertex -50.2952 28.3258 0
    endloop
  endfacet
  facet normal -0.991491 -0.130175 0
    outer loop
      vertex 51.6935 -29.8518 0
      vertex 51.6742 -29.7048 6
      vertex 51.6742 -29.7048 0
    endloop
  endfacet
  facet normal -0.991491 -0.130175 0
    outer loop
      vertex 51.6742 -29.7048 6
      vertex 51.6935 -29.8518 0
      vertex 51.6935 -29.8518 6
    endloop
  endfacet
  facet normal -0.99904 -0.0438175 0
    outer loop
      vertex 51.7 -30 0
      vertex 51.6935 -29.8518 6
      vertex 51.6935 -29.8518 0
    endloop
  endfacet
  facet normal -0.99904 -0.0438175 0
    outer loop
      vertex 51.6935 -29.8518 6
      vertex 51.7 -30 0
      vertex 51.7 -30 6
    endloop
  endfacet
  facet normal -0.976298 -0.216431 0
    outer loop
      vertex 51.6742 -29.7048 0
      vertex 51.6421 -29.56 6
      vertex 51.6421 -29.56 0
    endloop
  endfacet
  facet normal -0.976298 -0.216431 0
    outer loop
      vertex 51.6421 -29.56 6
      vertex 51.6742 -29.7048 0
      vertex 51.6742 -29.7048 6
    endloop
  endfacet
  facet normal -0.130175 0.991491 0
    outer loop
      vertex 50.2952 -31.6742 0
      vertex 50.1482 -31.6935 6
      vertex 50.2952 -31.6742 6
    endloop
  endfacet
  facet normal -0.130175 0.991491 0
    outer loop
      vertex 50.1482 -31.6935 6
      vertex 50.2952 -31.6742 0
      vertex 50.1482 -31.6935 0
    endloop
  endfacet
  facet normal -0.300809 0.953685 0
    outer loop
      vertex 50.5814 -31.5975 0
      vertex 50.44 -31.6421 6
      vertex 50.5814 -31.5975 6
    endloop
  endfacet
  facet normal -0.300809 0.953685 0
    outer loop
      vertex 50.44 -31.6421 6
      vertex 50.5814 -31.5975 0
      vertex 50.44 -31.6421 0
    endloop
  endfacet
  facet normal 0.953685 -0.300809 0
    outer loop
      vertex 48.3579 -29.56 6
      vertex 48.4025 -29.4186 0
      vertex 48.4025 -29.4186 6
    endloop
  endfacet
  facet normal 0.953685 -0.300809 0
    outer loop
      vertex 48.4025 -29.4186 0
      vertex 48.3579 -29.56 6
      vertex 48.3579 -29.56 0
    endloop
  endfacet
  facet normal 0.79315 0.609026 0
    outer loop
      vertex 48.6977 -31.0927 6
      vertex 48.6074 -30.9751 0
      vertex 48.6074 -30.9751 6
    endloop
  endfacet
  facet normal 0.79315 0.609026 0
    outer loop
      vertex 48.6074 -30.9751 0
      vertex 48.6977 -31.0927 6
      vertex 48.6977 -31.0927 0
    endloop
  endfacet
  facet normal -0.953685 -0.300809 0
    outer loop
      vertex 51.6421 -29.56 0
      vertex 51.5975 -29.4186 6
      vertex 51.5975 -29.4186 0
    endloop
  endfacet
  facet normal -0.953685 -0.300809 0
    outer loop
      vertex 51.5975 -29.4186 6
      vertex 51.6421 -29.56 0
      vertex 51.6421 -29.56 6
    endloop
  endfacet
  facet normal -0.79315 -0.609026 0
    outer loop
      vertex 51.3926 -29.0249 0
      vertex 51.3023 -28.9073 6
      vertex 51.3023 -28.9073 0
    endloop
  endfacet
  facet normal -0.79315 -0.609026 0
    outer loop
      vertex 51.3023 -28.9073 6
      vertex 51.3926 -29.0249 0
      vertex 51.3926 -29.0249 6
    endloop
  endfacet
  facet normal 0.536832 -0.843689 0
    outer loop
      vertex 49.0249 -28.6074 0
      vertex 49.15 -28.5278 6
      vertex 49.0249 -28.6074 6
    endloop
  endfacet
  facet normal 0.536832 -0.843689 0
    outer loop
      vertex 49.15 -28.5278 6
      vertex 49.0249 -28.6074 0
      vertex 49.15 -28.5278 0
    endloop
  endfacet
  facet normal 0.300809 -0.953685 0
    outer loop
      vertex 49.4186 -28.4025 0
      vertex 49.56 -28.3579 6
      vertex 49.4186 -28.4025 6
    endloop
  endfacet
  facet normal 0.300809 -0.953685 0
    outer loop
      vertex 49.56 -28.3579 6
      vertex 49.4186 -28.4025 0
      vertex 49.56 -28.3579 0
    endloop
  endfacet
  facet normal 0.216431 -0.976298 0
    outer loop
      vertex 49.56 -28.3579 0
      vertex 49.7048 -28.3258 6
      vertex 49.56 -28.3579 6
    endloop
  endfacet
  facet normal 0.216431 -0.976298 0
    outer loop
      vertex 49.7048 -28.3258 6
      vertex 49.56 -28.3579 0
      vertex 49.7048 -28.3258 0
    endloop
  endfacet
  facet normal 0.923853 0.382749 0
    outer loop
      vertex 48.4593 -30.7185 6
      vertex 48.4025 -30.5814 0
      vertex 48.4025 -30.5814 6
    endloop
  endfacet
  facet normal 0.923853 0.382749 0
    outer loop
      vertex 48.4025 -30.5814 0
      vertex 48.4593 -30.7185 6
      vertex 48.4593 -30.7185 0
    endloop
  endfacet
  facet normal -0.843689 -0.536832 0
    outer loop
      vertex 51.4722 -29.15 0
      vertex 51.3926 -29.0249 6
      vertex 51.3926 -29.0249 0
    endloop
  endfacet
  facet normal -0.843689 -0.536832 0
    outer loop
      vertex 51.3926 -29.0249 6
      vertex 51.4722 -29.15 0
      vertex 51.4722 -29.15 6
    endloop
  endfacet
  facet normal -0.953685 0.300809 0
    outer loop
      vertex 51.5975 -30.5814 0
      vertex 51.6421 -30.44 6
      vertex 51.6421 -30.44 0
    endloop
  endfacet
  facet normal -0.953685 0.300809 0
    outer loop
      vertex 51.6421 -30.44 6
      vertex 51.5975 -30.5814 0
      vertex 51.5975 -30.5814 6
    endloop
  endfacet
  facet normal -0.675419 -0.737434 0
    outer loop
      vertex 51.0927 -28.6977 0
      vertex 51.2021 -28.7979 6
      vertex 51.0927 -28.6977 6
    endloop
  endfacet
  facet normal -0.675419 -0.737434 -0
    outer loop
      vertex 51.2021 -28.7979 6
      vertex 51.0927 -28.6977 0
      vertex 51.2021 -28.7979 0
    endloop
  endfacet
  facet normal -0.536832 -0.843689 0
    outer loop
      vertex 50.85 -28.5278 0
      vertex 50.9751 -28.6074 6
      vertex 50.85 -28.5278 6
    endloop
  endfacet
  facet normal -0.536832 -0.843689 -0
    outer loop
      vertex 50.9751 -28.6074 6
      vertex 50.85 -28.5278 0
      vertex 50.9751 -28.6074 0
    endloop
  endfacet
  facet normal -0.99904 0.0438175 0
    outer loop
      vertex 51.6935 -30.1482 0
      vertex 51.7 -30 6
      vertex 51.7 -30 0
    endloop
  endfacet
  facet normal -0.99904 0.0438175 0
    outer loop
      vertex 51.7 -30 6
      vertex 51.6935 -30.1482 0
      vertex 51.6935 -30.1482 6
    endloop
  endfacet
  facet normal 0.216431 0.976298 -0
    outer loop
      vertex 49.7048 -31.6742 0
      vertex 49.56 -31.6421 6
      vertex 49.7048 -31.6742 6
    endloop
  endfacet
  facet normal 0.216431 0.976298 0
    outer loop
      vertex 49.56 -31.6421 6
      vertex 49.7048 -31.6742 0
      vertex 49.56 -31.6421 0
    endloop
  endfacet
  facet normal -0.609026 -0.79315 0
    outer loop
      vertex 50.9751 -28.6074 0
      vertex 51.0927 -28.6977 6
      vertex 50.9751 -28.6074 6
    endloop
  endfacet
  facet normal -0.609026 -0.79315 -0
    outer loop
      vertex 51.0927 -28.6977 6
      vertex 50.9751 -28.6074 0
      vertex 51.0927 -28.6977 0
    endloop
  endfacet
  facet normal 0.953685 0.300809 0
    outer loop
      vertex 48.4025 -30.5814 6
      vertex 48.3579 -30.44 0
      vertex 48.3579 -30.44 6
    endloop
  endfacet
  facet normal 0.953685 0.300809 0
    outer loop
      vertex 48.3579 -30.44 0
      vertex 48.4025 -30.5814 6
      vertex 48.4025 -30.5814 0
    endloop
  endfacet
  facet normal 0.609026 -0.79315 0
    outer loop
      vertex 48.9073 -28.6977 0
      vertex 49.0249 -28.6074 6
      vertex 48.9073 -28.6977 6
    endloop
  endfacet
  facet normal 0.609026 -0.79315 0
    outer loop
      vertex 49.0249 -28.6074 6
      vertex 48.9073 -28.6977 0
      vertex 49.0249 -28.6074 0
    endloop
  endfacet
  facet normal -0.216431 0.976298 0
    outer loop
      vertex 50.44 -31.6421 0
      vertex 50.2952 -31.6742 6
      vertex 50.44 -31.6421 6
    endloop
  endfacet
  facet normal -0.216431 0.976298 0
    outer loop
      vertex 50.2952 -31.6742 6
      vertex 50.44 -31.6421 0
      vertex 50.2952 -31.6742 0
    endloop
  endfacet
  facet normal 0.382749 0.923853 -0
    outer loop
      vertex 49.4186 -31.5975 0
      vertex 49.2815 -31.5407 6
      vertex 49.4186 -31.5975 6
    endloop
  endfacet
  facet normal 0.382749 0.923853 0
    outer loop
      vertex 49.2815 -31.5407 6
      vertex 49.4186 -31.5975 0
      vertex 49.2815 -31.5407 0
    endloop
  endfacet
  facet normal -0.46199 0.886885 0
    outer loop
      vertex 50.85 -31.4722 0
      vertex 50.7185 -31.5407 6
      vertex 50.85 -31.4722 6
    endloop
  endfacet
  facet normal -0.46199 0.886885 0
    outer loop
      vertex 50.7185 -31.5407 6
      vertex 50.85 -31.4722 0
      vertex 50.7185 -31.5407 0
    endloop
  endfacet
  facet normal 0.0438175 -0.99904 0
    outer loop
      vertex 49.8518 -28.3065 0
      vertex 50 -28.3 6
      vertex 49.8518 -28.3065 6
    endloop
  endfacet
  facet normal 0.0438175 -0.99904 0
    outer loop
      vertex 50 -28.3 6
      vertex 49.8518 -28.3065 0
      vertex 50 -28.3 0
    endloop
  endfacet
  facet normal 0.536832 0.843689 -0
    outer loop
      vertex 49.15 -31.4722 0
      vertex 49.0249 -31.3926 6
      vertex 49.15 -31.4722 6
    endloop
  endfacet
  facet normal 0.536832 0.843689 0
    outer loop
      vertex 49.0249 -31.3926 6
      vertex 49.15 -31.4722 0
      vertex 49.0249 -31.3926 0
    endloop
  endfacet
  facet normal -0.0438175 0.99904 0
    outer loop
      vertex 50.1482 -31.6935 0
      vertex 50 -31.7 6
      vertex 50.1482 -31.6935 6
    endloop
  endfacet
  facet normal -0.0438175 0.99904 0
    outer loop
      vertex 50 -31.7 6
      vertex 50.1482 -31.6935 0
      vertex 50 -31.7 0
    endloop
  endfacet
  facet normal 0.886885 0.46199 0
    outer loop
      vertex 48.5278 -30.85 6
      vertex 48.4593 -30.7185 0
      vertex 48.4593 -30.7185 6
    endloop
  endfacet
  facet normal 0.886885 0.46199 0
    outer loop
      vertex 48.4593 -30.7185 0
      vertex 48.5278 -30.85 6
      vertex 48.5278 -30.85 0
    endloop
  endfacet
  facet normal -0.46199 -0.886885 0
    outer loop
      vertex 50.7185 -28.4593 0
      vertex 50.85 -28.5278 6
      vertex 50.7185 -28.4593 6
    endloop
  endfacet
  facet normal -0.46199 -0.886885 -0
    outer loop
      vertex 50.85 -28.5278 6
      vertex 50.7185 -28.4593 0
      vertex 50.85 -28.5278 0
    endloop
  endfacet
  facet normal -0.675419 0.737434 0
    outer loop
      vertex 51.2021 -31.2021 0
      vertex 51.0927 -31.3023 6
      vertex 51.2021 -31.2021 6
    endloop
  endfacet
  facet normal -0.675419 0.737434 0
    outer loop
      vertex 51.0927 -31.3023 6
      vertex 51.2021 -31.2021 0
      vertex 51.0927 -31.3023 0
    endloop
  endfacet
  facet normal -0.536832 0.843689 0
    outer loop
      vertex 50.9751 -31.3926 0
      vertex 50.85 -31.4722 6
      vertex 50.9751 -31.3926 6
    endloop
  endfacet
  facet normal -0.536832 0.843689 0
    outer loop
      vertex 50.85 -31.4722 6
      vertex 50.9751 -31.3926 0
      vertex 50.85 -31.4722 0
    endloop
  endfacet
  facet normal -0.79315 0.609026 0
    outer loop
      vertex 51.3023 -31.0927 0
      vertex 51.3926 -30.9751 6
      vertex 51.3926 -30.9751 0
    endloop
  endfacet
  facet normal -0.79315 0.609026 0
    outer loop
      vertex 51.3926 -30.9751 6
      vertex 51.3023 -31.0927 0
      vertex 51.3023 -31.0927 6
    endloop
  endfacet
  facet normal -0.609026 0.79315 0
    outer loop
      vertex 51.0927 -31.3023 0
      vertex 50.9751 -31.3926 6
      vertex 51.0927 -31.3023 6
    endloop
  endfacet
  facet normal -0.609026 0.79315 0
    outer loop
      vertex 50.9751 -31.3926 6
      vertex 51.0927 -31.3023 0
      vertex 50.9751 -31.3926 0
    endloop
  endfacet
  facet normal -0.923853 -0.382749 0
    outer loop
      vertex 51.5975 -29.4186 0
      vertex 51.5407 -29.2815 6
      vertex 51.5407 -29.2815 0
    endloop
  endfacet
  facet normal -0.923853 -0.382749 0
    outer loop
      vertex 51.5407 -29.2815 6
      vertex 51.5975 -29.4186 0
      vertex 51.5975 -29.4186 6
    endloop
  endfacet
  facet normal -0.737434 -0.675419 0
    outer loop
      vertex 51.3023 -28.9073 0
      vertex 51.2021 -28.7979 6
      vertex 51.2021 -28.7979 0
    endloop
  endfacet
  facet normal -0.737434 -0.675419 0
    outer loop
      vertex 51.2021 -28.7979 6
      vertex 51.3023 -28.9073 0
      vertex 51.3023 -28.9073 6
    endloop
  endfacet
  facet normal 0.923853 -0.382749 0
    outer loop
      vertex 48.4025 -29.4186 6
      vertex 48.4593 -29.2815 0
      vertex 48.4593 -29.2815 6
    endloop
  endfacet
  facet normal 0.923853 -0.382749 0
    outer loop
      vertex 48.4593 -29.2815 0
      vertex 48.4025 -29.4186 6
      vertex 48.4025 -29.4186 0
    endloop
  endfacet
  facet normal -0.382749 0.923853 0
    outer loop
      vertex 50.7185 -31.5407 0
      vertex 50.5814 -31.5975 6
      vertex 50.7185 -31.5407 6
    endloop
  endfacet
  facet normal -0.382749 0.923853 0
    outer loop
      vertex 50.5814 -31.5975 6
      vertex 50.7185 -31.5407 0
      vertex 50.5814 -31.5975 0
    endloop
  endfacet
  facet normal -0.886885 -0.46199 0
    outer loop
      vertex 51.5407 -29.2815 0
      vertex 51.4722 -29.15 6
      vertex 51.4722 -29.15 0
    endloop
  endfacet
  facet normal -0.886885 -0.46199 0
    outer loop
      vertex 51.4722 -29.15 6
      vertex 51.5407 -29.2815 0
      vertex 51.5407 -29.2815 6
    endloop
  endfacet
  facet normal 0.675419 -0.737434 0
    outer loop
      vertex 48.7979 -28.7979 0
      vertex 48.9073 -28.6977 6
      vertex 48.7979 -28.7979 6
    endloop
  endfacet
  facet normal 0.675419 -0.737434 0
    outer loop
      vertex 48.9073 -28.6977 6
      vertex 48.7979 -28.7979 0
      vertex 48.9073 -28.6977 0
    endloop
  endfacet
  facet normal 0.675419 0.737434 -0
    outer loop
      vertex 48.9073 -31.3023 0
      vertex 48.7979 -31.2021 6
      vertex 48.9073 -31.3023 6
    endloop
  endfacet
  facet normal 0.675419 0.737434 0
    outer loop
      vertex 48.7979 -31.2021 6
      vertex 48.9073 -31.3023 0
      vertex 48.7979 -31.2021 0
    endloop
  endfacet
  facet normal -0.130175 -0.991491 0
    outer loop
      vertex 50.1482 -28.3065 0
      vertex 50.2952 -28.3258 6
      vertex 50.1482 -28.3065 6
    endloop
  endfacet
  facet normal -0.130175 -0.991491 -0
    outer loop
      vertex 50.2952 -28.3258 6
      vertex 50.1482 -28.3065 0
      vertex 50.2952 -28.3258 0
    endloop
  endfacet
  facet normal 0.46199 -0.886885 0
    outer loop
      vertex 49.15 -28.5278 0
      vertex 49.2815 -28.4593 6
      vertex 49.15 -28.5278 6
    endloop
  endfacet
  facet normal 0.46199 -0.886885 0
    outer loop
      vertex 49.2815 -28.4593 6
      vertex 49.15 -28.5278 0
      vertex 49.2815 -28.4593 0
    endloop
  endfacet
  facet normal 0.382749 -0.923853 0
    outer loop
      vertex 49.2815 -28.4593 0
      vertex 49.4186 -28.4025 6
      vertex 49.2815 -28.4593 6
    endloop
  endfacet
  facet normal 0.382749 -0.923853 0
    outer loop
      vertex 49.4186 -28.4025 6
      vertex 49.2815 -28.4593 0
      vertex 49.4186 -28.4025 0
    endloop
  endfacet
  facet normal 0.991491 -0.130175 0
    outer loop
      vertex 48.3065 -29.8518 6
      vertex 48.3258 -29.7048 0
      vertex 48.3258 -29.7048 6
    endloop
  endfacet
  facet normal 0.991491 -0.130175 0
    outer loop
      vertex 48.3258 -29.7048 0
      vertex 48.3065 -29.8518 6
      vertex 48.3065 -29.8518 0
    endloop
  endfacet
  facet normal 0.976298 -0.216431 0
    outer loop
      vertex 48.3258 -29.7048 6
      vertex 48.3579 -29.56 0
      vertex 48.3579 -29.56 6
    endloop
  endfacet
  facet normal 0.976298 -0.216431 0
    outer loop
      vertex 48.3579 -29.56 0
      vertex 48.3258 -29.7048 6
      vertex 48.3258 -29.7048 0
    endloop
  endfacet
  facet normal -0.923853 0.382749 0
    outer loop
      vertex 51.5407 -30.7185 0
      vertex 51.5975 -30.5814 6
      vertex 51.5975 -30.5814 0
    endloop
  endfacet
  facet normal -0.923853 0.382749 0
    outer loop
      vertex 51.5975 -30.5814 6
      vertex 51.5407 -30.7185 0
      vertex 51.5407 -30.7185 6
    endloop
  endfacet
  facet normal -0.216431 -0.976298 0
    outer loop
      vertex 50.2952 -28.3258 0
      vertex 50.44 -28.3579 6
      vertex 50.2952 -28.3258 6
    endloop
  endfacet
  facet normal -0.216431 -0.976298 -0
    outer loop
      vertex 50.44 -28.3579 6
      vertex 50.2952 -28.3258 0
      vertex 50.44 -28.3579 0
    endloop
  endfacet
  facet normal 0.79315 -0.609026 0
    outer loop
      vertex 48.6074 -29.0249 6
      vertex 48.6977 -28.9073 0
      vertex 48.6977 -28.9073 6
    endloop
  endfacet
  facet normal 0.79315 -0.609026 0
    outer loop
      vertex 48.6977 -28.9073 0
      vertex 48.6074 -29.0249 6
      vertex 48.6074 -29.0249 0
    endloop
  endfacet
  facet normal 0.99904 0.0438175 0
    outer loop
      vertex 48.3065 -30.1482 6
      vertex 48.3 -30 0
      vertex 48.3 -30 6
    endloop
  endfacet
  facet normal 0.99904 0.0438175 0
    outer loop
      vertex 48.3 -30 0
      vertex 48.3065 -30.1482 6
      vertex 48.3065 -30.1482 0
    endloop
  endfacet
  facet normal 0.46199 0.886885 -0
    outer loop
      vertex 49.2815 -31.5407 0
      vertex 49.15 -31.4722 6
      vertex 49.2815 -31.5407 6
    endloop
  endfacet
  facet normal 0.46199 0.886885 0
    outer loop
      vertex 49.15 -31.4722 6
      vertex 49.2815 -31.5407 0
      vertex 49.15 -31.4722 0
    endloop
  endfacet
  facet normal -0.0438175 -0.99904 0
    outer loop
      vertex 50 -28.3 0
      vertex 50.1482 -28.3065 6
      vertex 50 -28.3 6
    endloop
  endfacet
  facet normal -0.0438175 -0.99904 -0
    outer loop
      vertex 50.1482 -28.3065 6
      vertex 50 -28.3 0
      vertex 50.1482 -28.3065 0
    endloop
  endfacet
  facet normal -0.976298 0.216431 0
    outer loop
      vertex 51.6421 -30.44 0
      vertex 51.6742 -30.2952 6
      vertex 51.6742 -30.2952 0
    endloop
  endfacet
  facet normal -0.976298 0.216431 0
    outer loop
      vertex 51.6742 -30.2952 6
      vertex 51.6421 -30.44 0
      vertex 51.6421 -30.44 6
    endloop
  endfacet
  facet normal 0.737434 0.675419 0
    outer loop
      vertex 48.7979 -31.2021 6
      vertex 48.6977 -31.0927 0
      vertex 48.6977 -31.0927 6
    endloop
  endfacet
  facet normal 0.737434 0.675419 0
    outer loop
      vertex 48.6977 -31.0927 0
      vertex 48.7979 -31.2021 6
      vertex 48.7979 -31.2021 0
    endloop
  endfacet
  facet normal 0.976298 0.216431 0
    outer loop
      vertex 48.3579 -30.44 6
      vertex 48.3258 -30.2952 0
      vertex 48.3258 -30.2952 6
    endloop
  endfacet
  facet normal 0.976298 0.216431 0
    outer loop
      vertex 48.3258 -30.2952 0
      vertex 48.3579 -30.44 6
      vertex 48.3579 -30.44 0
    endloop
  endfacet
  facet normal -0.886885 0.46199 0
    outer loop
      vertex 51.4722 -30.85 0
      vertex 51.5407 -30.7185 6
      vertex 51.5407 -30.7185 0
    endloop
  endfacet
  facet normal -0.886885 0.46199 0
    outer loop
      vertex 51.5407 -30.7185 6
      vertex 51.4722 -30.85 0
      vertex 51.4722 -30.85 6
    endloop
  endfacet
  facet normal -0.382749 -0.923853 0
    outer loop
      vertex 50.5814 -28.4025 0
      vertex 50.7185 -28.4593 6
      vertex 50.5814 -28.4025 6
    endloop
  endfacet
  facet normal -0.382749 -0.923853 -0
    outer loop
      vertex 50.7185 -28.4593 6
      vertex 50.5814 -28.4025 0
      vertex 50.7185 -28.4593 0
    endloop
  endfacet
  facet normal -0.300809 -0.953685 0
    outer loop
      vertex 50.44 -28.3579 0
      vertex 50.5814 -28.4025 6
      vertex 50.44 -28.3579 6
    endloop
  endfacet
  facet normal -0.300809 -0.953685 -0
    outer loop
      vertex 50.5814 -28.4025 6
      vertex 50.44 -28.3579 0
      vertex 50.5814 -28.4025 0
    endloop
  endfacet
  facet normal 0.737434 -0.675419 0
    outer loop
      vertex 48.6977 -28.9073 6
      vertex 48.7979 -28.7979 0
      vertex 48.7979 -28.7979 6
    endloop
  endfacet
  facet normal 0.737434 -0.675419 0
    outer loop
      vertex 48.7979 -28.7979 0
      vertex 48.6977 -28.9073 6
      vertex 48.6977 -28.9073 0
    endloop
  endfacet
  facet normal 0.130175 -0.991491 0
    outer loop
      vertex 49.7048 -28.3258 0
      vertex 49.8518 -28.3065 6
      vertex 49.7048 -28.3258 6
    endloop
  endfacet
  facet normal 0.130175 -0.991491 0
    outer loop
      vertex 49.8518 -28.3065 6
      vertex 49.7048 -28.3258 0
      vertex 49.8518 -28.3065 0
    endloop
  endfacet
  facet normal 0.609026 0.79315 -0
    outer loop
      vertex 49.0249 -31.3926 0
      vertex 48.9073 -31.3023 6
      vertex 49.0249 -31.3926 6
    endloop
  endfacet
  facet normal 0.609026 0.79315 0
    outer loop
      vertex 48.9073 -31.3023 6
      vertex 49.0249 -31.3926 0
      vertex 48.9073 -31.3023 0
    endloop
  endfacet
  facet normal -0.843689 0.536832 0
    outer loop
      vertex 51.3926 -30.9751 0
      vertex 51.4722 -30.85 6
      vertex 51.4722 -30.85 0
    endloop
  endfacet
  facet normal -0.843689 0.536832 0
    outer loop
      vertex 51.4722 -30.85 6
      vertex 51.3926 -30.9751 0
      vertex 51.3926 -30.9751 6
    endloop
  endfacet
  facet normal 0.300809 0.953685 -0
    outer loop
      vertex 49.56 -31.6421 0
      vertex 49.4186 -31.5975 6
      vertex 49.56 -31.6421 6
    endloop
  endfacet
  facet normal 0.300809 0.953685 0
    outer loop
      vertex 49.4186 -31.5975 6
      vertex 49.56 -31.6421 0
      vertex 49.4186 -31.5975 0
    endloop
  endfacet
  facet normal 0.991491 0.130175 0
    outer loop
      vertex 48.3258 -30.2952 6
      vertex 48.3065 -30.1482 0
      vertex 48.3065 -30.1482 6
    endloop
  endfacet
  facet normal 0.991491 0.130175 0
    outer loop
      vertex 48.3065 -30.1482 0
      vertex 48.3258 -30.2952 6
      vertex 48.3258 -30.2952 0
    endloop
  endfacet
  facet normal 0.843689 0.536832 0
    outer loop
      vertex 48.6074 -30.9751 6
      vertex 48.5278 -30.85 0
      vertex 48.5278 -30.85 6
    endloop
  endfacet
  facet normal 0.843689 0.536832 0
    outer loop
      vertex 48.5278 -30.85 0
      vertex 48.6074 -30.9751 6
      vertex 48.6074 -30.9751 0
    endloop
  endfacet
  facet normal 0.99904 -0.0438175 0
    outer loop
      vertex 48.3 -30 6
      vertex 48.3065 -29.8518 0
      vertex 48.3065 -29.8518 6
    endloop
  endfacet
  facet normal 0.99904 -0.0438175 0
    outer loop
      vertex 48.3065 -29.8518 0
      vertex 48.3 -30 6
      vertex 48.3 -30 0
    endloop
  endfacet
  facet normal 0.886885 -0.46199 0
    outer loop
      vertex 48.4593 -29.2815 6
      vertex 48.5278 -29.15 0
      vertex 48.5278 -29.15 6
    endloop
  endfacet
  facet normal 0.886885 -0.46199 0
    outer loop
      vertex 48.5278 -29.15 0
      vertex 48.4593 -29.2815 6
      vertex 48.4593 -29.2815 0
    endloop
  endfacet
  facet normal -0.991491 0.130175 0
    outer loop
      vertex 51.6742 -30.2952 0
      vertex 51.6935 -30.1482 6
      vertex 51.6935 -30.1482 0
    endloop
  endfacet
  facet normal -0.991491 0.130175 0
    outer loop
      vertex 51.6935 -30.1482 6
      vertex 51.6742 -30.2952 0
      vertex 51.6742 -30.2952 6
    endloop
  endfacet
  facet normal -0.737434 0.675419 0
    outer loop
      vertex 51.2021 -31.2021 0
      vertex 51.3023 -31.0927 6
      vertex 51.3023 -31.0927 0
    endloop
  endfacet
  facet normal -0.737434 0.675419 0
    outer loop
      vertex 51.3023 -31.0927 6
      vertex 51.2021 -31.2021 0
      vertex 51.2021 -31.2021 6
    endloop
  endfacet
  facet normal 0.0438175 0.99904 -0
    outer loop
      vertex 50 -31.7 0
      vertex 49.8518 -31.6935 6
      vertex 50 -31.7 6
    endloop
  endfacet
  facet normal 0.0438175 0.99904 0
    outer loop
      vertex 49.8518 -31.6935 6
      vertex 50 -31.7 0
      vertex 49.8518 -31.6935 0
    endloop
  endfacet
  facet normal 0.130175 0.991491 -0
    outer loop
      vertex 49.8518 -31.6935 0
      vertex 49.7048 -31.6742 6
      vertex 49.8518 -31.6935 6
    endloop
  endfacet
  facet normal 0.130175 0.991491 0
    outer loop
      vertex 49.7048 -31.6742 6
      vertex 49.8518 -31.6935 0
      vertex 49.7048 -31.6742 0
    endloop
  endfacet
  facet normal 0.843689 -0.536832 0
    outer loop
      vertex 48.5278 -29.15 6
      vertex 48.6074 -29.0249 0
      vertex 48.6074 -29.0249 6
    endloop
  endfacet
  facet normal 0.843689 -0.536832 0
    outer loop
      vertex 48.6074 -29.0249 0
      vertex 48.5278 -29.15 6
      vertex 48.5278 -29.15 0
    endloop
  endfacet
  facet normal -0.991491 -0.130175 0
    outer loop
      vertex 51.6935 30.1482 0
      vertex 51.6742 30.2952 6
      vertex 51.6742 30.2952 0
    endloop
  endfacet
  facet normal -0.991491 -0.130175 0
    outer loop
      vertex 51.6742 30.2952 6
      vertex 51.6935 30.1482 0
      vertex 51.6935 30.1482 6
    endloop
  endfacet
  facet normal -0.99904 -0.0438175 0
    outer loop
      vertex 51.7 30 0
      vertex 51.6935 30.1482 6
      vertex 51.6935 30.1482 0
    endloop
  endfacet
  facet normal -0.99904 -0.0438175 0
    outer loop
      vertex 51.6935 30.1482 6
      vertex 51.7 30 0
      vertex 51.7 30 6
    endloop
  endfacet
  facet normal -0.976298 -0.216431 0
    outer loop
      vertex 51.6742 30.2952 0
      vertex 51.6421 30.44 6
      vertex 51.6421 30.44 0
    endloop
  endfacet
  facet normal -0.976298 -0.216431 0
    outer loop
      vertex 51.6421 30.44 6
      vertex 51.6742 30.2952 0
      vertex 51.6742 30.2952 6
    endloop
  endfacet
  facet normal 0.216431 -0.976298 0
    outer loop
      vertex 49.56 31.6421 0
      vertex 49.7048 31.6742 6
      vertex 49.56 31.6421 6
    endloop
  endfacet
  facet normal 0.216431 -0.976298 0
    outer loop
      vertex 49.7048 31.6742 6
      vertex 49.56 31.6421 0
      vertex 49.7048 31.6742 0
    endloop
  endfacet
  facet normal -0.843689 -0.536832 0
    outer loop
      vertex 51.4722 30.85 0
      vertex 51.3926 30.9751 6
      vertex 51.3926 30.9751 0
    endloop
  endfacet
  facet normal -0.843689 -0.536832 0
    outer loop
      vertex 51.3926 30.9751 6
      vertex 51.4722 30.85 0
      vertex 51.4722 30.85 6
    endloop
  endfacet
  facet normal 0.976298 0.216431 0
    outer loop
      vertex 48.3579 29.56 6
      vertex 48.3258 29.7048 0
      vertex 48.3258 29.7048 6
    endloop
  endfacet
  facet normal 0.976298 0.216431 0
    outer loop
      vertex 48.3258 29.7048 0
      vertex 48.3579 29.56 6
      vertex 48.3579 29.56 0
    endloop
  endfacet
  facet normal -0.737434 -0.675419 0
    outer loop
      vertex 51.3023 31.0927 0
      vertex 51.2021 31.2021 6
      vertex 51.2021 31.2021 0
    endloop
  endfacet
  facet normal -0.737434 -0.675419 0
    outer loop
      vertex 51.2021 31.2021 6
      vertex 51.3023 31.0927 0
      vertex 51.3023 31.0927 6
    endloop
  endfacet
  facet normal -0.99904 0.0438175 0
    outer loop
      vertex 51.6935 29.8518 0
      vertex 51.7 30 6
      vertex 51.7 30 0
    endloop
  endfacet
  facet normal -0.99904 0.0438175 0
    outer loop
      vertex 51.7 30 6
      vertex 51.6935 29.8518 0
      vertex 51.6935 29.8518 6
    endloop
  endfacet
  facet normal -0.675419 0.737434 0
    outer loop
      vertex 51.2021 28.7979 0
      vertex 51.0927 28.6977 6
      vertex 51.2021 28.7979 6
    endloop
  endfacet
  facet normal -0.675419 0.737434 0
    outer loop
      vertex 51.0927 28.6977 6
      vertex 51.2021 28.7979 0
      vertex 51.0927 28.6977 0
    endloop
  endfacet
  facet normal 0.79315 -0.609026 0
    outer loop
      vertex 48.6074 30.9751 6
      vertex 48.6977 31.0927 0
      vertex 48.6977 31.0927 6
    endloop
  endfacet
  facet normal 0.79315 -0.609026 0
    outer loop
      vertex 48.6977 31.0927 0
      vertex 48.6074 30.9751 6
      vertex 48.6074 30.9751 0
    endloop
  endfacet
  facet normal -0.382749 0.923853 0
    outer loop
      vertex 50.7185 28.4593 0
      vertex 50.5814 28.4025 6
      vertex 50.7185 28.4593 6
    endloop
  endfacet
  facet normal -0.382749 0.923853 0
    outer loop
      vertex 50.5814 28.4025 6
      vertex 50.7185 28.4593 0
      vertex 50.5814 28.4025 0
    endloop
  endfacet
  facet normal -0.953685 -0.300809 0
    outer loop
      vertex 51.6421 30.44 0
      vertex 51.5975 30.5814 6
      vertex 51.5975 30.5814 0
    endloop
  endfacet
  facet normal -0.953685 -0.300809 0
    outer loop
      vertex 51.5975 30.5814 6
      vertex 51.6421 30.44 0
      vertex 51.6421 30.44 6
    endloop
  endfacet
  facet normal -0.130175 0.991491 0
    outer loop
      vertex 50.2952 28.3258 0
      vertex 50.1482 28.3065 6
      vertex 50.2952 28.3258 6
    endloop
  endfacet
  facet normal -0.130175 0.991491 0
    outer loop
      vertex 50.1482 28.3065 6
      vertex 50.2952 28.3258 0
      vertex 50.1482 28.3065 0
    endloop
  endfacet
  facet normal 0.976298 -0.216431 0
    outer loop
      vertex 48.3258 30.2952 6
      vertex 48.3579 30.44 0
      vertex 48.3579 30.44 6
    endloop
  endfacet
  facet normal 0.976298 -0.216431 0
    outer loop
      vertex 48.3579 30.44 0
      vertex 48.3258 30.2952 6
      vertex 48.3258 30.2952 0
    endloop
  endfacet
  facet normal 0.609026 -0.79315 0
    outer loop
      vertex 48.9073 31.3023 0
      vertex 49.0249 31.3926 6
      vertex 48.9073 31.3023 6
    endloop
  endfacet
  facet normal 0.609026 -0.79315 0
    outer loop
      vertex 49.0249 31.3926 6
      vertex 48.9073 31.3023 0
      vertex 49.0249 31.3926 0
    endloop
  endfacet
  facet normal 0.0438175 -0.99904 0
    outer loop
      vertex 49.8518 31.6935 0
      vertex 50 31.7 6
      vertex 49.8518 31.6935 6
    endloop
  endfacet
  facet normal 0.0438175 -0.99904 0
    outer loop
      vertex 50 31.7 6
      vertex 49.8518 31.6935 0
      vertex 50 31.7 0
    endloop
  endfacet
  facet normal 0.609026 0.79315 -0
    outer loop
      vertex 49.0249 28.6074 0
      vertex 48.9073 28.6977 6
      vertex 49.0249 28.6074 6
    endloop
  endfacet
  facet normal 0.609026 0.79315 0
    outer loop
      vertex 48.9073 28.6977 6
      vertex 49.0249 28.6074 0
      vertex 48.9073 28.6977 0
    endloop
  endfacet
  facet normal 0.953685 0.300809 0
    outer loop
      vertex 48.4025 29.4186 6
      vertex 48.3579 29.56 0
      vertex 48.3579 29.56 6
    endloop
  endfacet
  facet normal 0.953685 0.300809 0
    outer loop
      vertex 48.3579 29.56 0
      vertex 48.4025 29.4186 6
      vertex 48.4025 29.4186 0
    endloop
  endfacet
  facet normal 0.382749 -0.923853 0
    outer loop
      vertex 49.2815 31.5407 0
      vertex 49.4186 31.5975 6
      vertex 49.2815 31.5407 6
    endloop
  endfacet
  facet normal 0.382749 -0.923853 0
    outer loop
      vertex 49.4186 31.5975 6
      vertex 49.2815 31.5407 0
      vertex 49.4186 31.5975 0
    endloop
  endfacet
  facet normal 0.99904 -0.0438175 0
    outer loop
      vertex 48.3 30 6
      vertex 48.3065 30.1482 0
      vertex 48.3065 30.1482 6
    endloop
  endfacet
  facet normal 0.99904 -0.0438175 0
    outer loop
      vertex 48.3065 30.1482 0
      vertex 48.3 30 6
      vertex 48.3 30 0
    endloop
  endfacet
  facet normal -0.300809 -0.953685 0
    outer loop
      vertex 50.44 31.6421 0
      vertex 50.5814 31.5975 6
      vertex 50.44 31.6421 6
    endloop
  endfacet
  facet normal -0.300809 -0.953685 -0
    outer loop
      vertex 50.5814 31.5975 6
      vertex 50.44 31.6421 0
      vertex 50.5814 31.5975 0
    endloop
  endfacet
  facet normal 0.300809 -0.953685 0
    outer loop
      vertex 49.4186 31.5975 0
      vertex 49.56 31.6421 6
      vertex 49.4186 31.5975 6
    endloop
  endfacet
  facet normal 0.300809 -0.953685 0
    outer loop
      vertex 49.56 31.6421 6
      vertex 49.4186 31.5975 0
      vertex 49.56 31.6421 0
    endloop
  endfacet
  facet normal -0.923853 -0.382749 0
    outer loop
      vertex 51.5975 30.5814 0
      vertex 51.5407 30.7185 6
      vertex 51.5407 30.7185 0
    endloop
  endfacet
  facet normal -0.923853 -0.382749 0
    outer loop
      vertex 51.5407 30.7185 6
      vertex 51.5975 30.5814 0
      vertex 51.5975 30.5814 6
    endloop
  endfacet
  facet normal -0.300809 0.953685 0
    outer loop
      vertex 50.5814 28.4025 0
      vertex 50.44 28.3579 6
      vertex 50.5814 28.4025 6
    endloop
  endfacet
  facet normal -0.300809 0.953685 0
    outer loop
      vertex 50.44 28.3579 6
      vertex 50.5814 28.4025 0
      vertex 50.44 28.3579 0
    endloop
  endfacet
  facet normal -0.216431 0.976298 0
    outer loop
      vertex 50.44 28.3579 0
      vertex 50.2952 28.3258 6
      vertex 50.44 28.3579 6
    endloop
  endfacet
  facet normal -0.216431 0.976298 0
    outer loop
      vertex 50.2952 28.3258 6
      vertex 50.44 28.3579 0
      vertex 50.2952 28.3258 0
    endloop
  endfacet
  facet normal -0.609026 -0.79315 0
    outer loop
      vertex 50.9751 31.3926 0
      vertex 51.0927 31.3023 6
      vertex 50.9751 31.3926 6
    endloop
  endfacet
  facet normal -0.609026 -0.79315 -0
    outer loop
      vertex 51.0927 31.3023 6
      vertex 50.9751 31.3926 0
      vertex 51.0927 31.3023 0
    endloop
  endfacet
  facet normal 0.46199 0.886885 -0
    outer loop
      vertex 49.2815 28.4593 0
      vertex 49.15 28.5278 6
      vertex 49.2815 28.4593 6
    endloop
  endfacet
  facet normal 0.46199 0.886885 0
    outer loop
      vertex 49.15 28.5278 6
      vertex 49.2815 28.4593 0
      vertex 49.15 28.5278 0
    endloop
  endfacet
  facet normal -0.0438175 -0.99904 0
    outer loop
      vertex 50 31.7 0
      vertex 50.1482 31.6935 6
      vertex 50 31.7 6
    endloop
  endfacet
  facet normal -0.0438175 -0.99904 -0
    outer loop
      vertex 50.1482 31.6935 6
      vertex 50 31.7 0
      vertex 50.1482 31.6935 0
    endloop
  endfacet
  facet normal 0.536832 -0.843689 0
    outer loop
      vertex 49.0249 31.3926 0
      vertex 49.15 31.4722 6
      vertex 49.0249 31.3926 6
    endloop
  endfacet
  facet normal 0.536832 -0.843689 0
    outer loop
      vertex 49.15 31.4722 6
      vertex 49.0249 31.3926 0
      vertex 49.15 31.4722 0
    endloop
  endfacet
  facet normal -0.130175 -0.991491 0
    outer loop
      vertex 50.1482 31.6935 0
      vertex 50.2952 31.6742 6
      vertex 50.1482 31.6935 6
    endloop
  endfacet
  facet normal -0.130175 -0.991491 -0
    outer loop
      vertex 50.2952 31.6742 6
      vertex 50.1482 31.6935 0
      vertex 50.2952 31.6742 0
    endloop
  endfacet
  facet normal -0.79315 0.609026 0
    outer loop
      vertex 51.3023 28.9073 0
      vertex 51.3926 29.0249 6
      vertex 51.3926 29.0249 0
    endloop
  endfacet
  facet normal -0.79315 0.609026 0
    outer loop
      vertex 51.3926 29.0249 6
      vertex 51.3023 28.9073 0
      vertex 51.3023 28.9073 6
    endloop
  endfacet
  facet normal -0.991491 0.130175 0
    outer loop
      vertex 51.6742 29.7048 0
      vertex 51.6935 29.8518 6
      vertex 51.6935 29.8518 0
    endloop
  endfacet
  facet normal -0.991491 0.130175 0
    outer loop
      vertex 51.6935 29.8518 6
      vertex 51.6742 29.7048 0
      vertex 51.6742 29.7048 6
    endloop
  endfacet
  facet normal -0.382749 -0.923853 0
    outer loop
      vertex 50.5814 31.5975 0
      vertex 50.7185 31.5407 6
      vertex 50.5814 31.5975 6
    endloop
  endfacet
  facet normal -0.382749 -0.923853 -0
    outer loop
      vertex 50.7185 31.5407 6
      vertex 50.5814 31.5975 0
      vertex 50.7185 31.5407 0
    endloop
  endfacet
  facet normal 0.675419 -0.737434 0
    outer loop
      vertex 48.7979 31.2021 0
      vertex 48.9073 31.3023 6
      vertex 48.7979 31.2021 6
    endloop
  endfacet
  facet normal 0.675419 -0.737434 0
    outer loop
      vertex 48.9073 31.3023 6
      vertex 48.7979 31.2021 0
      vertex 48.9073 31.3023 0
    endloop
  endfacet
  facet normal 0.843689 -0.536832 0
    outer loop
      vertex 48.5278 30.85 6
      vertex 48.6074 30.9751 0
      vertex 48.6074 30.9751 6
    endloop
  endfacet
  facet normal 0.843689 -0.536832 0
    outer loop
      vertex 48.6074 30.9751 0
      vertex 48.5278 30.85 6
      vertex 48.5278 30.85 0
    endloop
  endfacet
  facet normal 0.382749 0.923853 -0
    outer loop
      vertex 49.4186 28.4025 0
      vertex 49.2815 28.4593 6
      vertex 49.4186 28.4025 6
    endloop
  endfacet
  facet normal 0.382749 0.923853 0
    outer loop
      vertex 49.2815 28.4593 6
      vertex 49.4186 28.4025 0
      vertex 49.2815 28.4593 0
    endloop
  endfacet
  facet normal -0.46199 0.886885 0
    outer loop
      vertex 50.85 28.5278 0
      vertex 50.7185 28.4593 6
      vertex 50.85 28.5278 6
    endloop
  endfacet
  facet normal -0.46199 0.886885 0
    outer loop
      vertex 50.7185 28.4593 6
      vertex 50.85 28.5278 0
      vertex 50.7185 28.4593 0
    endloop
  endfacet
  facet normal 0.300809 0.953685 -0
    outer loop
      vertex 49.56 28.3579 0
      vertex 49.4186 28.4025 6
      vertex 49.56 28.3579 6
    endloop
  endfacet
  facet normal 0.300809 0.953685 0
    outer loop
      vertex 49.4186 28.4025 6
      vertex 49.56 28.3579 0
      vertex 49.4186 28.4025 0
    endloop
  endfacet
  facet normal -0.976298 0.216431 0
    outer loop
      vertex 51.6421 29.56 0
      vertex 51.6742 29.7048 6
      vertex 51.6742 29.7048 0
    endloop
  endfacet
  facet normal -0.976298 0.216431 0
    outer loop
      vertex 51.6742 29.7048 6
      vertex 51.6421 29.56 0
      vertex 51.6421 29.56 6
    endloop
  endfacet
  facet normal -0.953685 0.300809 0
    outer loop
      vertex 51.5975 29.4186 0
      vertex 51.6421 29.56 6
      vertex 51.6421 29.56 0
    endloop
  endfacet
  facet normal -0.953685 0.300809 0
    outer loop
      vertex 51.6421 29.56 6
      vertex 51.5975 29.4186 0
      vertex 51.5975 29.4186 6
    endloop
  endfacet
  facet normal -0.886885 -0.46199 0
    outer loop
      vertex 51.5407 30.7185 0
      vertex 51.4722 30.85 6
      vertex 51.4722 30.85 0
    endloop
  endfacet
  facet normal -0.886885 -0.46199 0
    outer loop
      vertex 51.4722 30.85 6
      vertex 51.5407 30.7185 0
      vertex 51.5407 30.7185 6
    endloop
  endfacet
  facet normal -0.0438175 0.99904 0
    outer loop
      vertex 50.1482 28.3065 0
      vertex 50 28.3 6
      vertex 50.1482 28.3065 6
    endloop
  endfacet
  facet normal -0.0438175 0.99904 0
    outer loop
      vertex 50 28.3 6
      vertex 50.1482 28.3065 0
      vertex 50 28.3 0
    endloop
  endfacet
  facet normal 0.130175 -0.991491 0
    outer loop
      vertex 49.7048 31.6742 0
      vertex 49.8518 31.6935 6
      vertex 49.7048 31.6742 6
    endloop
  endfacet
  facet normal 0.130175 -0.991491 0
    outer loop
      vertex 49.8518 31.6935 6
      vertex 49.7048 31.6742 0
      vertex 49.8518 31.6935 0
    endloop
  endfacet
  facet normal -0.886885 0.46199 0
    outer loop
      vertex 51.4722 29.15 0
      vertex 51.5407 29.2815 6
      vertex 51.5407 29.2815 0
    endloop
  endfacet
  facet normal -0.886885 0.46199 0
    outer loop
      vertex 51.5407 29.2815 6
      vertex 51.4722 29.15 0
      vertex 51.4722 29.15 6
    endloop
  endfacet
  facet normal 0.216431 0.976298 -0
    outer loop
      vertex 49.7048 28.3258 0
      vertex 49.56 28.3579 6
      vertex 49.7048 28.3258 6
    endloop
  endfacet
  facet normal 0.216431 0.976298 0
    outer loop
      vertex 49.56 28.3579 6
      vertex 49.7048 28.3258 0
      vertex 49.56 28.3579 0
    endloop
  endfacet
  facet normal 0.953685 -0.300809 0
    outer loop
      vertex 48.3579 30.44 6
      vertex 48.4025 30.5814 0
      vertex 48.4025 30.5814 6
    endloop
  endfacet
  facet normal 0.953685 -0.300809 0
    outer loop
      vertex 48.4025 30.5814 0
      vertex 48.3579 30.44 6
      vertex 48.3579 30.44 0
    endloop
  endfacet
  facet normal -0.923853 0.382749 0
    outer loop
      vertex 51.5407 29.2815 0
      vertex 51.5975 29.4186 6
      vertex 51.5975 29.4186 0
    endloop
  endfacet
  facet normal -0.923853 0.382749 0
    outer loop
      vertex 51.5975 29.4186 6
      vertex 51.5407 29.2815 0
      vertex 51.5407 29.2815 6
    endloop
  endfacet
  facet normal 0.886885 -0.46199 0
    outer loop
      vertex 48.4593 30.7185 6
      vertex 48.5278 30.85 0
      vertex 48.5278 30.85 6
    endloop
  endfacet
  facet normal 0.886885 -0.46199 0
    outer loop
      vertex 48.5278 30.85 0
      vertex 48.4593 30.7185 6
      vertex 48.4593 30.7185 0
    endloop
  endfacet
  facet normal 0.46199 -0.886885 0
    outer loop
      vertex 49.15 31.4722 0
      vertex 49.2815 31.5407 6
      vertex 49.15 31.4722 6
    endloop
  endfacet
  facet normal 0.46199 -0.886885 0
    outer loop
      vertex 49.2815 31.5407 6
      vertex 49.15 31.4722 0
      vertex 49.2815 31.5407 0
    endloop
  endfacet
  facet normal 0.843689 0.536832 0
    outer loop
      vertex 48.6074 29.0249 6
      vertex 48.5278 29.15 0
      vertex 48.5278 29.15 6
    endloop
  endfacet
  facet normal 0.843689 0.536832 0
    outer loop
      vertex 48.5278 29.15 0
      vertex 48.6074 29.0249 6
      vertex 48.6074 29.0249 0
    endloop
  endfacet
  facet normal 0.991491 -0.130175 0
    outer loop
      vertex 48.3065 30.1482 6
      vertex 48.3258 30.2952 0
      vertex 48.3258 30.2952 6
    endloop
  endfacet
  facet normal 0.991491 -0.130175 0
    outer loop
      vertex 48.3258 30.2952 0
      vertex 48.3065 30.1482 6
      vertex 48.3065 30.1482 0
    endloop
  endfacet
  facet normal 0.737434 -0.675419 0
    outer loop
      vertex 48.6977 31.0927 6
      vertex 48.7979 31.2021 0
      vertex 48.7979 31.2021 6
    endloop
  endfacet
  facet normal 0.737434 -0.675419 0
    outer loop
      vertex 48.7979 31.2021 0
      vertex 48.6977 31.0927 6
      vertex 48.6977 31.0927 0
    endloop
  endfacet
  facet normal 0.886885 0.46199 0
    outer loop
      vertex 48.5278 29.15 6
      vertex 48.4593 29.2815 0
      vertex 48.4593 29.2815 6
    endloop
  endfacet
  facet normal 0.886885 0.46199 0
    outer loop
      vertex 48.4593 29.2815 0
      vertex 48.5278 29.15 6
      vertex 48.5278 29.15 0
    endloop
  endfacet
  facet normal 0.991491 0.130175 0
    outer loop
      vertex 48.3258 29.7048 6
      vertex 48.3065 29.8518 0
      vertex 48.3065 29.8518 6
    endloop
  endfacet
  facet normal 0.991491 0.130175 0
    outer loop
      vertex 48.3065 29.8518 0
      vertex 48.3258 29.7048 6
      vertex 48.3258 29.7048 0
    endloop
  endfacet
  facet normal 0.0438175 0.99904 -0
    outer loop
      vertex 50 28.3 0
      vertex 49.8518 28.3065 6
      vertex 50 28.3 6
    endloop
  endfacet
  facet normal 0.0438175 0.99904 0
    outer loop
      vertex 49.8518 28.3065 6
      vertex 50 28.3 0
      vertex 49.8518 28.3065 0
    endloop
  endfacet
  facet normal 0.675419 0.737434 -0
    outer loop
      vertex 48.9073 28.6977 0
      vertex 48.7979 28.7979 6
      vertex 48.9073 28.6977 6
    endloop
  endfacet
  facet normal 0.675419 0.737434 0
    outer loop
      vertex 48.7979 28.7979 6
      vertex 48.9073 28.6977 0
      vertex 48.7979 28.7979 0
    endloop
  endfacet
  facet normal -0.46199 -0.886885 0
    outer loop
      vertex 50.7185 31.5407 0
      vertex 50.85 31.4722 6
      vertex 50.7185 31.5407 6
    endloop
  endfacet
  facet normal -0.46199 -0.886885 -0
    outer loop
      vertex 50.85 31.4722 6
      vertex 50.7185 31.5407 0
      vertex 50.85 31.4722 0
    endloop
  endfacet
  facet normal -0.536832 0.843689 0
    outer loop
      vertex 50.9751 28.6074 0
      vertex 50.85 28.5278 6
      vertex 50.9751 28.6074 6
    endloop
  endfacet
  facet normal -0.536832 0.843689 0
    outer loop
      vertex 50.85 28.5278 6
      vertex 50.9751 28.6074 0
      vertex 50.85 28.5278 0
    endloop
  endfacet
  facet normal 0.923853 0.382749 0
    outer loop
      vertex 48.4593 29.2815 6
      vertex 48.4025 29.4186 0
      vertex 48.4025 29.4186 6
    endloop
  endfacet
  facet normal 0.923853 0.382749 0
    outer loop
      vertex 48.4025 29.4186 0
      vertex 48.4593 29.2815 6
      vertex 48.4593 29.2815 0
    endloop
  endfacet
  facet normal -0.79315 -0.609026 0
    outer loop
      vertex 51.3926 30.9751 0
      vertex 51.3023 31.0927 6
      vertex 51.3023 31.0927 0
    endloop
  endfacet
  facet normal -0.79315 -0.609026 0
    outer loop
      vertex 51.3023 31.0927 6
      vertex 51.3926 30.9751 0
      vertex 51.3926 30.9751 6
    endloop
  endfacet
  facet normal -0.675419 -0.737434 0
    outer loop
      vertex 51.0927 31.3023 0
      vertex 51.2021 31.2021 6
      vertex 51.0927 31.3023 6
    endloop
  endfacet
  facet normal -0.675419 -0.737434 -0
    outer loop
      vertex 51.2021 31.2021 6
      vertex 51.0927 31.3023 0
      vertex 51.2021 31.2021 0
    endloop
  endfacet
  facet normal 0.923853 -0.382749 0
    outer loop
      vertex 48.4025 30.5814 6
      vertex 48.4593 30.7185 0
      vertex 48.4593 30.7185 6
    endloop
  endfacet
  facet normal 0.923853 -0.382749 0
    outer loop
      vertex 48.4593 30.7185 0
      vertex 48.4025 30.5814 6
      vertex 48.4025 30.5814 0
    endloop
  endfacet
  facet normal -0.536832 -0.843689 0
    outer loop
      vertex 50.85 31.4722 0
      vertex 50.9751 31.3926 6
      vertex 50.85 31.4722 6
    endloop
  endfacet
  facet normal -0.536832 -0.843689 -0
    outer loop
      vertex 50.9751 31.3926 6
      vertex 50.85 31.4722 0
      vertex 50.9751 31.3926 0
    endloop
  endfacet
  facet normal 0.737434 0.675419 0
    outer loop
      vertex 48.7979 28.7979 6
      vertex 48.6977 28.9073 0
      vertex 48.6977 28.9073 6
    endloop
  endfacet
  facet normal 0.737434 0.675419 0
    outer loop
      vertex 48.6977 28.9073 0
      vertex 48.7979 28.7979 6
      vertex 48.7979 28.7979 0
    endloop
  endfacet
  facet normal 0.79315 0.609026 0
    outer loop
      vertex 48.6977 28.9073 6
      vertex 48.6074 29.0249 0
      vertex 48.6074 29.0249 6
    endloop
  endfacet
  facet normal 0.79315 0.609026 0
    outer loop
      vertex 48.6074 29.0249 0
      vertex 48.6977 28.9073 6
      vertex 48.6977 28.9073 0
    endloop
  endfacet
  facet normal -0.609026 0.79315 0
    outer loop
      vertex 51.0927 28.6977 0
      vertex 50.9751 28.6074 6
      vertex 51.0927 28.6977 6
    endloop
  endfacet
  facet normal -0.609026 0.79315 0
    outer loop
      vertex 50.9751 28.6074 6
      vertex 51.0927 28.6977 0
      vertex 50.9751 28.6074 0
    endloop
  endfacet
  facet normal 0.99904 0.0438175 0
    outer loop
      vertex 48.3065 29.8518 6
      vertex 48.3 30 0
      vertex 48.3 30 6
    endloop
  endfacet
  facet normal 0.99904 0.0438175 0
    outer loop
      vertex 48.3 30 0
      vertex 48.3065 29.8518 6
      vertex 48.3065 29.8518 0
    endloop
  endfacet
  facet normal -0.843689 0.536832 0
    outer loop
      vertex 51.3926 29.0249 0
      vertex 51.4722 29.15 6
      vertex 51.4722 29.15 0
    endloop
  endfacet
  facet normal -0.843689 0.536832 0
    outer loop
      vertex 51.4722 29.15 6
      vertex 51.3926 29.0249 0
      vertex 51.3926 29.0249 6
    endloop
  endfacet
  facet normal -0.737434 0.675419 0
    outer loop
      vertex 51.2021 28.7979 0
      vertex 51.3023 28.9073 6
      vertex 51.3023 28.9073 0
    endloop
  endfacet
  facet normal -0.737434 0.675419 0
    outer loop
      vertex 51.3023 28.9073 6
      vertex 51.2021 28.7979 0
      vertex 51.2021 28.7979 6
    endloop
  endfacet
  facet normal 0.536832 0.843689 -0
    outer loop
      vertex 49.15 28.5278 0
      vertex 49.0249 28.6074 6
      vertex 49.15 28.5278 6
    endloop
  endfacet
  facet normal 0.536832 0.843689 0
    outer loop
      vertex 49.0249 28.6074 6
      vertex 49.15 28.5278 0
      vertex 49.0249 28.6074 0
    endloop
  endfacet
  facet normal -0.216431 -0.976298 0
    outer loop
      vertex 50.2952 31.6742 0
      vertex 50.44 31.6421 6
      vertex 50.2952 31.6742 6
    endloop
  endfacet
  facet normal -0.216431 -0.976298 -0
    outer loop
      vertex 50.44 31.6421 6
      vertex 50.2952 31.6742 0
      vertex 50.44 31.6421 0
    endloop
  endfacet
  facet normal 0.130175 0.991491 -0
    outer loop
      vertex 49.8518 28.3065 0
      vertex 49.7048 28.3258 6
      vertex 49.8518 28.3065 6
    endloop
  endfacet
  facet normal 0.130175 0.991491 0
    outer loop
      vertex 49.7048 28.3258 6
      vertex 49.8518 28.3065 0
      vertex 49.7048 28.3258 0
    endloop
  endfacet
  facet normal 0.887001 -0.461768 0
    outer loop
      vertex 58.9282 -36 6
      vertex 59.2505 -35.3809 0
      vertex 59.2505 -35.3809 6
    endloop
  endfacet
  facet normal 0.887001 -0.461768 0
    outer loop
      vertex 59.2505 -35.3809 0
      vertex 58.9282 -36 6
      vertex 58.9282 -36 0
    endloop
  endfacet
  facet normal -0.923902 0.38263 0
    outer loop
      vertex -59.5175 34.7362 0
      vertex -59.2505 35.3809 6
      vertex -59.2505 35.3809 0
    endloop
  endfacet
  facet normal -0.923902 0.38263 0
    outer loop
      vertex -59.2505 35.3809 6
      vertex -59.5175 34.7362 0
      vertex -59.5175 34.7362 6
    endloop
  endfacet
  facet normal -0.737309 -0.675556 0
    outer loop
      vertex -57.6569 -37.6569 0
      vertex -58.1284 -37.1423 6
      vertex -58.1284 -37.1423 0
    endloop
  endfacet
  facet normal -0.737309 -0.675556 0
    outer loop
      vertex -58.1284 -37.1423 6
      vertex -57.6569 -37.6569 0
      vertex -57.6569 -37.6569 6
    endloop
  endfacet
  facet normal -0.793401 -0.608699 0
    outer loop
      vertex -58.1284 -37.1423 0
      vertex -58.5532 -36.5886 6
      vertex -58.5532 -36.5886 0
    endloop
  endfacet
  facet normal -0.793401 -0.608699 0
    outer loop
      vertex -58.5532 -36.5886 6
      vertex -58.1284 -37.1423 0
      vertex -58.1284 -37.1423 6
    endloop
  endfacet
  facet normal 0.976285 -0.21649 0
    outer loop
      vertex 59.7274 -34.0706 6
      vertex 59.8785 -33.3892 0
      vertex 59.8785 -33.3892 6
    endloop
  endfacet
  facet normal 0.976285 -0.21649 0
    outer loop
      vertex 59.8785 -33.3892 0
      vertex 59.7274 -34.0706 6
      vertex 59.7274 -34.0706 0
    endloop
  endfacet
  facet normal 0.999051 -0.0435616 0
    outer loop
      vertex 59.9696 -32.6972 6
      vertex 60 -32 0
      vertex 60 -32 6
    endloop
  endfacet
  facet normal 0.999051 -0.0435616 0
    outer loop
      vertex 60 -32 0
      vertex 59.9696 -32.6972 6
      vertex 59.9696 -32.6972 0
    endloop
  endfacet
  facet normal -0.300754 -0.953702 0
    outer loop
      vertex -54.7362 -39.5175 0
      vertex -54.0706 -39.7274 6
      vertex -54.7362 -39.5175 6
    endloop
  endfacet
  facet normal -0.300754 -0.953702 -0
    outer loop
      vertex -54.0706 -39.7274 6
      vertex -54.7362 -39.5175 0
      vertex -54.0706 -39.7274 0
    endloop
  endfacet
  facet normal -0.675556 -0.737309 0
    outer loop
      vertex -57.6569 -37.6569 0
      vertex -57.1423 -38.1284 6
      vertex -57.6569 -37.6569 6
    endloop
  endfacet
  facet normal -0.675556 -0.737309 -0
    outer loop
      vertex -57.1423 -38.1284 6
      vertex -57.6569 -37.6569 0
      vertex -57.1423 -38.1284 0
    endloop
  endfacet
  facet normal -0.976285 -0.21649 0
    outer loop
      vertex -59.7274 -34.0706 0
      vertex -59.8785 -33.3892 6
      vertex -59.8785 -33.3892 0
    endloop
  endfacet
  facet normal -0.976285 -0.21649 0
    outer loop
      vertex -59.8785 -33.3892 6
      vertex -59.7274 -34.0706 0
      vertex -59.7274 -34.0706 6
    endloop
  endfacet
  facet normal 0.923902 0.38263 0
    outer loop
      vertex 59.5175 34.7362 6
      vertex 59.2505 35.3809 0
      vertex 59.2505 35.3809 6
    endloop
  endfacet
  facet normal 0.923902 0.38263 0
    outer loop
      vertex 59.2505 35.3809 0
      vertex 59.5175 34.7362 6
      vertex 59.5175 34.7362 0
    endloop
  endfacet
  facet normal -0.887001 -0.461768 0
    outer loop
      vertex -58.9282 -36 0
      vertex -59.2505 -35.3809 6
      vertex -59.2505 -35.3809 0
    endloop
  endfacet
  facet normal -0.887001 -0.461768 0
    outer loop
      vertex -59.2505 -35.3809 6
      vertex -58.9282 -36 0
      vertex -58.9282 -36 6
    endloop
  endfacet
  facet normal 0.999051 0.0435616 0
    outer loop
      vertex 60 32 6
      vertex 59.9696 32.6972 0
      vertex 59.9696 32.6972 6
    endloop
  endfacet
  facet normal 0.999051 0.0435616 0
    outer loop
      vertex 59.9696 32.6972 0
      vertex 60 32 6
      vertex 60 32 0
    endloop
  endfacet
  facet normal -0.737309 0.675556 0
    outer loop
      vertex -58.1284 37.1423 0
      vertex -57.6569 37.6569 6
      vertex -57.6569 37.6569 0
    endloop
  endfacet
  facet normal -0.737309 0.675556 0
    outer loop
      vertex -57.6569 37.6569 6
      vertex -58.1284 37.1423 0
      vertex -58.1284 37.1423 6
    endloop
  endfacet
  facet normal 1 -0 0
    outer loop
      vertex 60 -32 6
      vertex 60 32 0
      vertex 60 32 6
    endloop
  endfacet
  facet normal 1 0 0
    outer loop
      vertex 60 32 0
      vertex 60 -32 6
      vertex 60 -32 0
    endloop
  endfacet
  facet normal -0.793401 0.608699 0
    outer loop
      vertex -58.5532 36.5886 0
      vertex -58.1284 37.1423 6
      vertex -58.1284 37.1423 0
    endloop
  endfacet
  facet normal -0.793401 0.608699 0
    outer loop
      vertex -58.1284 37.1423 6
      vertex -58.5532 36.5886 0
      vertex -58.5532 36.5886 6
    endloop
  endfacet
  facet normal 0 1 -0
    outer loop
      vertex 52 40 0
      vertex -52 40 6
      vertex 52 40 6
    endloop
  endfacet
  facet normal 0 1 0
    outer loop
      vertex -52 40 6
      vertex 52 40 0
      vertex -52 40 0
    endloop
  endfacet
  facet normal 0 -1 0
    outer loop
      vertex -52 -40 0
      vertex 52 -40 6
      vertex -52 -40 6
    endloop
  endfacet
  facet normal 0 -1 -0
    outer loop
      vertex 52 -40 6
      vertex -52 -40 0
      vertex 52 -40 0
    endloop
  endfacet
  facet normal 0.53732 -0.843378 0
    outer loop
      vertex 56 -38.9282 0
      vertex 56.5886 -38.5532 6
      vertex 56 -38.9282 6
    endloop
  endfacet
  facet normal 0.53732 -0.843378 0
    outer loop
      vertex 56.5886 -38.5532 6
      vertex 56 -38.9282 0
      vertex 56.5886 -38.5532 0
    endloop
  endfacet
  facet normal -0.21649 0.976285 0
    outer loop
      vertex -53.3892 39.8785 0
      vertex -54.0706 39.7274 6
      vertex -53.3892 39.8785 6
    endloop
  endfacet
  facet normal -0.21649 0.976285 0
    outer loop
      vertex -54.0706 39.7274 6
      vertex -53.3892 39.8785 0
      vertex -54.0706 39.7274 0
    endloop
  endfacet
  facet normal -0.999051 0.0435616 0
    outer loop
      vertex -60 32 0
      vertex -59.9696 32.6972 6
      vertex -59.9696 32.6972 0
    endloop
  endfacet
  facet normal -0.999051 0.0435616 0
    outer loop
      vertex -59.9696 32.6972 6
      vertex -60 32 0
      vertex -60 32 6
    endloop
  endfacet
  facet normal 0.675556 -0.737309 0
    outer loop
      vertex 57.1423 -38.1284 0
      vertex 57.6569 -37.6569 6
      vertex 57.1423 -38.1284 6
    endloop
  endfacet
  facet normal 0.675556 -0.737309 0
    outer loop
      vertex 57.6569 -37.6569 6
      vertex 57.1423 -38.1284 0
      vertex 57.6569 -37.6569 0
    endloop
  endfacet
  facet normal 0.608699 -0.793401 0
    outer loop
      vertex 56.5886 -38.5532 0
      vertex 57.1423 -38.1284 6
      vertex 56.5886 -38.5532 6
    endloop
  endfacet
  facet normal 0.608699 -0.793401 0
    outer loop
      vertex 57.1423 -38.1284 6
      vertex 56.5886 -38.5532 0
      vertex 57.1423 -38.1284 0
    endloop
  endfacet
  facet normal -0.991446 -0.130521 0
    outer loop
      vertex -59.8785 -33.3892 0
      vertex -59.9696 -32.6972 6
      vertex -59.9696 -32.6972 0
    endloop
  endfacet
  facet normal -0.991446 -0.130521 0
    outer loop
      vertex -59.9696 -32.6972 6
      vertex -59.8785 -33.3892 0
      vertex -59.8785 -33.3892 6
    endloop
  endfacet
  facet normal 0.991446 -0.130521 0
    outer loop
      vertex 59.8785 -33.3892 6
      vertex 59.9696 -32.6972 0
      vertex 59.9696 -32.6972 6
    endloop
  endfacet
  facet normal 0.991446 -0.130521 0
    outer loop
      vertex 59.9696 -32.6972 0
      vertex 59.8785 -33.3892 6
      vertex 59.8785 -33.3892 0
    endloop
  endfacet
  facet normal 0.793401 -0.608699 0
    outer loop
      vertex 58.1284 -37.1423 6
      vertex 58.5532 -36.5886 0
      vertex 58.5532 -36.5886 6
    endloop
  endfacet
  facet normal 0.793401 -0.608699 0
    outer loop
      vertex 58.5532 -36.5886 0
      vertex 58.1284 -37.1423 6
      vertex 58.1284 -37.1423 0
    endloop
  endfacet
  facet normal 0.953702 0.300754 0
    outer loop
      vertex 59.7274 34.0706 6
      vertex 59.5175 34.7362 0
      vertex 59.5175 34.7362 6
    endloop
  endfacet
  facet normal 0.953702 0.300754 0
    outer loop
      vertex 59.5175 34.7362 0
      vertex 59.7274 34.0706 6
      vertex 59.7274 34.0706 0
    endloop
  endfacet
  facet normal -0.999051 -0.0435616 0
    outer loop
      vertex -59.9696 -32.6972 0
      vertex -60 -32 6
      vertex -60 -32 0
    endloop
  endfacet
  facet normal -0.999051 -0.0435616 0
    outer loop
      vertex -60 -32 6
      vertex -59.9696 -32.6972 0
      vertex -59.9696 -32.6972 6
    endloop
  endfacet
  facet normal 0.0435616 -0.999051 0
    outer loop
      vertex 52 -40 0
      vertex 52.6972 -39.9696 6
      vertex 52 -40 6
    endloop
  endfacet
  facet normal 0.0435616 -0.999051 0
    outer loop
      vertex 52.6972 -39.9696 6
      vertex 52 -40 0
      vertex 52.6972 -39.9696 0
    endloop
  endfacet
  facet normal -0.843378 0.53732 0
    outer loop
      vertex -58.9282 36 0
      vertex -58.5532 36.5886 6
      vertex -58.5532 36.5886 0
    endloop
  endfacet
  facet normal -0.843378 0.53732 0
    outer loop
      vertex -58.5532 36.5886 6
      vertex -58.9282 36 0
      vertex -58.9282 36 6
    endloop
  endfacet
  facet normal 0.300754 -0.953702 0
    outer loop
      vertex 54.0706 -39.7274 0
      vertex 54.7362 -39.5175 6
      vertex 54.0706 -39.7274 6
    endloop
  endfacet
  facet normal 0.300754 -0.953702 0
    outer loop
      vertex 54.7362 -39.5175 6
      vertex 54.0706 -39.7274 0
      vertex 54.7362 -39.5175 0
    endloop
  endfacet
  facet normal -1 0 0
    outer loop
      vertex -60 -32 0
      vertex -60 32 6
      vertex -60 32 0
    endloop
  endfacet
  facet normal -1 -0 0
    outer loop
      vertex -60 32 6
      vertex -60 -32 0
      vertex -60 -32 6
    endloop
  endfacet
  facet normal -0.976285 0.21649 0
    outer loop
      vertex -59.8785 33.3892 0
      vertex -59.7274 34.0706 6
      vertex -59.7274 34.0706 0
    endloop
  endfacet
  facet normal -0.976285 0.21649 0
    outer loop
      vertex -59.7274 34.0706 6
      vertex -59.8785 33.3892 0
      vertex -59.8785 33.3892 6
    endloop
  endfacet
  facet normal -0.130521 -0.991446 0
    outer loop
      vertex -53.3892 -39.8785 0
      vertex -52.6972 -39.9696 6
      vertex -53.3892 -39.8785 6
    endloop
  endfacet
  facet normal -0.130521 -0.991446 -0
    outer loop
      vertex -52.6972 -39.9696 6
      vertex -53.3892 -39.8785 0
      vertex -52.6972 -39.9696 0
    endloop
  endfacet
  facet normal -0 0 1
    outer loop
      vertex -48.6074 29.0249 6
      vertex -15.25 21.25 6
      vertex -48.5278 29.15 6
    endloop
  endfacet
  facet normal 0 0 1
    outer loop
      vertex -16 0 6
      vertex -48.3065 -29.8518 6
      vertex -48.3 -30 6
    endloop
  endfacet
  facet normal -0 0 1
    outer loop
      vertex -48.6977 28.9073 6
      vertex -15.25 21.25 6
      vertex -48.6074 29.0249 6
    endloop
  endfacet
  facet normal 0 0 1
    outer loop
      vertex -16 0 6
      vertex -48.3258 -29.7048 6
      vertex -48.3065 -29.8518 6
    endloop
  endfacet
  facet normal -0 0 1
    outer loop
      vertex -48.7979 28.7979 6
      vertex -15.25 21.25 6
      vertex -48.6977 28.9073 6
    endloop
  endfacet
  facet normal 0 0 1
    outer loop
      vertex -16 0 6
      vertex -48.3579 -29.56 6
      vertex -48.3258 -29.7048 6
    endloop
  endfacet
  facet normal 0 0 1
    outer loop
      vertex -15.25 21.25 6
      vertex -48.7979 28.7979 6
      vertex -15.25 4.79069 6
    endloop
  endfacet
  facet normal 0 0 1
    outer loop
      vertex -16 0 6
      vertex -48.4025 -29.4186 6
      vertex -48.3579 -29.56 6
    endloop
  endfacet
  facet normal -0 0 1
    outer loop
      vertex -48.9073 28.6977 6
      vertex -15.25 4.79069 6
      vertex -48.7979 28.7979 6
    endloop
  endfacet
  facet normal 0 0 1
    outer loop
      vertex -16 0 6
      vertex -48.4593 -29.2815 6
      vertex -48.4025 -29.4186 6
    endloop
  endfacet
  facet normal -0 0 1
    outer loop
      vertex -49.0249 28.6074 6
      vertex -15.25 4.79069 6
      vertex -48.9073 28.6977 6
    endloop
  endfacet
  facet normal 0 0 1
    outer loop
      vertex -16 0 6
      vertex -48.5278 -29.15 6
      vertex -48.4593 -29.2815 6
    endloop
  endfacet
  facet normal 0 0 1
    outer loop
      vertex -15.25 4.79069 6
      vertex -49.0249 28.6074 6
      vertex -15.4548 4.1411 6
    endloop
  endfacet
  facet normal 0 0 1
    outer loop
      vertex -16 0 6
      vertex -48.6074 -29.0249 6
      vertex -48.5278 -29.15 6
    endloop
  endfacet
  facet normal -0 0 1
    outer loop
      vertex -49.15 28.5278 6
      vertex -15.4548 4.1411 6
      vertex -49.0249 28.6074 6
    endloop
  endfacet
  facet normal 0 0 1
    outer loop
      vertex -16 0 6
      vertex -48.6977 -28.9073 6
      vertex -48.6074 -29.0249 6
    endloop
  endfacet
  facet normal 0 0 1
    outer loop
      vertex -15.4548 4.1411 6
      vertex -49.15 28.5278 6
      vertex -15.7569 2.77837 6
    endloop
  endfacet
  facet normal 0 0 1
    outer loop
      vertex -16 0 6
      vertex -48.7979 -28.7979 6
      vertex -48.6977 -28.9073 6
    endloop
  endfacet
  facet normal -0 0 1
    outer loop
      vertex -49.2815 28.4593 6
      vertex -15.7569 2.77837 6
      vertex -49.15 28.5278 6
    endloop
  endfacet
  facet normal 0 0 1
    outer loop
      vertex -16 0 6
      vertex -48.9073 -28.6977 6
      vertex -48.7979 -28.7979 6
    endloop
  endfacet
  facet normal -0 0 1
    outer loop
      vertex -49.4186 28.4025 6
      vertex -15.7569 2.77837 6
      vertex -49.2815 28.4593 6
    endloop
  endfacet
  facet normal 0 0 1
    outer loop
      vertex -16 0 6
      vertex -49.0249 -28.6074 6
      vertex -48.9073 -28.6977 6
    endloop
  endfacet
  facet normal 0 0 1
    outer loop
      vertex -15.7569 2.77837 6
      vertex -49.4186 28.4025 6
      vertex -15.9391 1.39449 6
    endloop
  endfacet
  facet normal 0 0 1
    outer loop
      vertex -16 0 6
      vertex -49.15 -28.5278 6
      vertex -49.0249 -28.6074 6
    endloop
  endfacet
  facet normal -0 0 1
    outer loop
      vertex -49.56 28.3579 6
      vertex -15.9391 1.39449 6
      vertex -49.4186 28.4025 6
    endloop
  endfacet
  facet normal 0 0 1
    outer loop
      vertex -16 0 6
      vertex -49.2815 -28.4593 6
      vertex -49.15 -28.5278 6
    endloop
  endfacet
  facet normal 0 0 1
    outer loop
      vertex -15.9391 1.39449 6
      vertex -49.56 28.3579 6
      vertex -16 0 6
    endloop
  endfacet
  facet normal 0 0 1
    outer loop
      vertex -16 0 6
      vertex -49.4186 -28.4025 6
      vertex -49.2815 -28.4593 6
    endloop
  endfacet
  facet normal -0 0 1
    outer loop
      vertex -49.7048 28.3258 6
      vertex -16 0 6
      vertex -49.56 28.3579 6
    endloop
  endfacet
  facet normal 0 0 1
    outer loop
      vertex -16 0 6
      vertex -49.56 -28.3579 6
      vertex -49.4186 -28.4025 6
    endloop
  endfacet
  facet normal 0 0 1
    outer loop
      vertex -49.7048 -28.3258 6
      vertex -16 0 6
      vertex -49.7048 28.3258 6
    endloop
  endfacet
  facet normal 0 0 1
    outer loop
      vertex -16 0 6
      vertex -49.7048 -28.3258 6
      vertex -49.56 -28.3579 6
    endloop
  endfacet
  facet normal -0 0 1
    outer loop
      vertex -49.8518 28.3065 6
      vertex -49.7048 -28.3258 6
      vertex -49.7048 28.3258 6
    endloop
  endfacet
  facet normal 0 0 1
    outer loop
      vertex -49.8518 28.3065 6
      vertex -49.8518 -28.3065 6
      vertex -49.7048 -28.3258 6
    endloop
  endfacet
  facet normal -0 0 1
    outer loop
      vertex -50 28.3 6
      vertex -49.8518 -28.3065 6
      vertex -49.8518 28.3065 6
    endloop
  endfacet
  facet normal 0 0 1
    outer loop
      vertex -50 28.3 6
      vertex -50 -28.3 6
      vertex -49.8518 -28.3065 6
    endloop
  endfacet
  facet normal 0 0 1
    outer loop
      vertex -50.1482 28.3065 6
      vertex -50 -28.3 6
      vertex -50 28.3 6
    endloop
  endfacet
  facet normal 0 0 1
    outer loop
      vertex -50.1482 28.3065 6
      vertex -50.1482 -28.3065 6
      vertex -50 -28.3 6
    endloop
  endfacet
  facet normal 0 0 1
    outer loop
      vertex -50.2952 28.3258 6
      vertex -50.1482 -28.3065 6
      vertex -50.1482 28.3065 6
    endloop
  endfacet
  facet normal 0 0 1
    outer loop
      vertex -50.2952 28.3258 6
      vertex -50.2952 -28.3258 6
      vertex -50.1482 -28.3065 6
    endloop
  endfacet
  facet normal 0 0 1
    outer loop
      vertex -50.44 28.3579 6
      vertex -50.2952 -28.3258 6
      vertex -50.2952 28.3258 6
    endloop
  endfacet
  facet normal 0 0 1
    outer loop
      vertex -50.44 28.3579 6
      vertex -50.44 -28.3579 6
      vertex -50.2952 -28.3258 6
    endloop
  endfacet
  facet normal 0 0 1
    outer loop
      vertex -50.5814 28.4025 6
      vertex -50.44 -28.3579 6
      vertex -50.44 28.3579 6
    endloop
  endfacet
  facet normal 0 0 1
    outer loop
      vertex -50.5814 28.4025 6
      vertex -50.5814 -28.4025 6
      vertex -50.44 -28.3579 6
    endloop
  endfacet
  facet normal 0 0 1
    outer loop
      vertex -50.7185 28.4593 6
      vertex -50.5814 -28.4025 6
      vertex -50.5814 28.4025 6
    endloop
  endfacet
  facet normal 0 0 1
    outer loop
      vertex -50.7185 28.4593 6
      vertex -50.7185 -28.4593 6
      vertex -50.5814 -28.4025 6
    endloop
  endfacet
  facet normal 0 0 1
    outer loop
      vertex -50.85 28.5278 6
      vertex -50.7185 -28.4593 6
      vertex -50.7185 28.4593 6
    endloop
  endfacet
  facet normal 0 0 1
    outer loop
      vertex -50.85 28.5278 6
      vertex -50.85 -28.5278 6
      vertex -50.7185 -28.4593 6
    endloop
  endfacet
  facet normal 0 0 1
    outer loop
      vertex -60 32 6
      vertex -50.85 28.5278 6
      vertex -50.9751 28.6074 6
    endloop
  endfacet
  facet normal 0 0 1
    outer loop
      vertex -50.85 28.5278 6
      vertex -60 32 6
      vertex -50.85 -28.5278 6
    endloop
  endfacet
  facet normal 0 0 1
    outer loop
      vertex -60 32 6
      vertex -50.9751 28.6074 6
      vertex -51.0927 28.6977 6
    endloop
  endfacet
  facet normal 0 0 1
    outer loop
      vertex -60 -32 6
      vertex -50.85 -28.5278 6
      vertex -60 32 6
    endloop
  endfacet
  facet normal 0 0 1
    outer loop
      vertex -60 32 6
      vertex -51.0927 28.6977 6
      vertex -51.2021 28.7979 6
    endloop
  endfacet
  facet normal 0 0 1
    outer loop
      vertex -50.85 -28.5278 6
      vertex -60 -32 6
      vertex -50.9751 -28.6074 6
    endloop
  endfacet
  facet normal 0 0 1
    outer loop
      vertex -60 32 6
      vertex -51.2021 28.7979 6
      vertex -51.3023 28.9073 6
    endloop
  endfacet
  facet normal 0 0 1
    outer loop
      vertex -50.9751 -28.6074 6
      vertex -60 -32 6
      vertex -51.0927 -28.6977 6
    endloop
  endfacet
  facet normal 0 0 1
    outer loop
      vertex -60 32 6
      vertex -51.3023 28.9073 6
      vertex -51.3926 29.0249 6
    endloop
  endfacet
  facet normal 0 0 1
    outer loop
      vertex -51.0927 -28.6977 6
      vertex -60 -32 6
      vertex -51.2021 -28.7979 6
    endloop
  endfacet
  facet normal 0 0 1
    outer loop
      vertex -60 32 6
      vertex -51.3926 29.0249 6
      vertex -51.4722 29.15 6
    endloop
  endfacet
  facet normal 0 0 1
    outer loop
      vertex -51.2021 -28.7979 6
      vertex -60 -32 6
      vertex -51.3023 -28.9073 6
    endloop
  endfacet
  facet normal 0 0 1
    outer loop
      vertex -60 32 6
      vertex -51.4722 29.15 6
      vertex -51.5407 29.2815 6
    endloop
  endfacet
  facet normal 0 0 1
    outer loop
      vertex -51.3023 -28.9073 6
      vertex -60 -32 6
      vertex -51.3926 -29.0249 6
    endloop
  endfacet
  facet normal 0 0 1
    outer loop
      vertex -60 32 6
      vertex -51.5407 29.2815 6
      vertex -51.5975 29.4186 6
    endloop
  endfacet
  facet normal 0 0 1
    outer loop
      vertex -51.3926 -29.0249 6
      vertex -60 -32 6
      vertex -51.4722 -29.15 6
    endloop
  endfacet
  facet normal 0 0 1
    outer loop
      vertex -60 32 6
      vertex -51.5975 29.4186 6
      vertex -51.6421 29.56 6
    endloop
  endfacet
  facet normal 0 0 1
    outer loop
      vertex -51.4722 -29.15 6
      vertex -60 -32 6
      vertex -51.5407 -29.2815 6
    endloop
  endfacet
  facet normal 0 0 1
    outer loop
      vertex -60 32 6
      vertex -51.6421 29.56 6
      vertex -51.6742 29.7048 6
    endloop
  endfacet
  facet normal 0 0 1
    outer loop
      vertex -51.5407 -29.2815 6
      vertex -60 -32 6
      vertex -51.5975 -29.4186 6
    endloop
  endfacet
  facet normal 0 0 1
    outer loop
      vertex -60 32 6
      vertex -51.6742 29.7048 6
      vertex -51.6935 29.8518 6
    endloop
  endfacet
  facet normal 0 0 1
    outer loop
      vertex -51.5975 -29.4186 6
      vertex -60 -32 6
      vertex -51.6421 -29.56 6
    endloop
  endfacet
  facet normal 0 0 1
    outer loop
      vertex -60 32 6
      vertex -51.6935 29.8518 6
      vertex -51.7 30 6
    endloop
  endfacet
  facet normal 0 0 1
    outer loop
      vertex -51.6421 -29.56 6
      vertex -60 -32 6
      vertex -51.6742 -29.7048 6
    endloop
  endfacet
  facet normal 0 0 1
    outer loop
      vertex -48.3 -30 6
      vertex -15.25 -4.79069 6
      vertex -15.4548 -4.1411 6
    endloop
  endfacet
  facet normal -0 0 1
    outer loop
      vertex 10.2846 -12.2567 6
      vertex 10.95 -20.95 6
      vertex 10.95 -11.647 6
    endloop
  endfacet
  facet normal -0 0 1
    outer loop
      vertex 9.17722 -13.1064 6
      vertex 10.95 -20.95 6
      vertex 10.2846 -12.2567 6
    endloop
  endfacet
  facet normal -0 0 1
    outer loop
      vertex 8 -13.8564 6
      vertex 10.95 -20.95 6
      vertex 9.17722 -13.1064 6
    endloop
  endfacet
  facet normal -0 0 1
    outer loop
      vertex 6.76189 -14.5009 6
      vertex 10.95 -20.95 6
      vertex 8 -13.8564 6
    endloop
  endfacet
  facet normal 0 0 1
    outer loop
      vertex 5 -20.95 6
      vertex 6.76189 -14.5009 6
      vertex 5.47232 -15.0351 6
    endloop
  endfacet
  facet normal 0 0 1
    outer loop
      vertex 6.76189 -14.5009 6
      vertex 5 -20.95 6
      vertex 10.95 -20.95 6
    endloop
  endfacet
  facet normal -0 0 1
    outer loop
      vertex 2.77837 -15.7569 6
      vertex 5 -20.95 6
      vertex 4.1411 -15.4548 6
    endloop
  endfacet
  facet normal -0 0 1
    outer loop
      vertex 4.1411 -15.4548 6
      vertex 5 -20.95 6
      vertex 5.47232 -15.0351 6
    endloop
  endfacet
  facet normal 0 0 1
    outer loop
      vertex 51.6421 29.56 6
      vertex 60 32 6
      vertex 51.6742 29.7048 6
    endloop
  endfacet
  facet normal 0 0 1
    outer loop
      vertex 60 -32 6
      vertex 51.6935 -29.8518 6
      vertex 51.7 -30 6
    endloop
  endfacet
  facet normal 0 0 1
    outer loop
      vertex 51.5975 29.4186 6
      vertex 60 32 6
      vertex 51.6421 29.56 6
    endloop
  endfacet
  facet normal 0 0 1
    outer loop
      vertex 60 -32 6
      vertex 51.6742 -29.7048 6
      vertex 51.6935 -29.8518 6
    endloop
  endfacet
  facet normal 0 0 1
    outer loop
      vertex 51.5407 29.2815 6
      vertex 60 32 6
      vertex 51.5975 29.4186 6
    endloop
  endfacet
  facet normal 0 0 1
    outer loop
      vertex 60 -32 6
      vertex 51.6421 -29.56 6
      vertex 51.6742 -29.7048 6
    endloop
  endfacet
  facet normal 0 0 1
    outer loop
      vertex 51.4722 29.15 6
      vertex 60 32 6
      vertex 51.5407 29.2815 6
    endloop
  endfacet
  facet normal 0 0 1
    outer loop
      vertex 60 -32 6
      vertex 51.5975 -29.4186 6
      vertex 51.6421 -29.56 6
    endloop
  endfacet
  facet normal 0 0 1
    outer loop
      vertex 51.3926 29.0249 6
      vertex 60 32 6
      vertex 51.4722 29.15 6
    endloop
  endfacet
  facet normal 0 0 1
    outer loop
      vertex 60 -32 6
      vertex 51.5407 -29.2815 6
      vertex 51.5975 -29.4186 6
    endloop
  endfacet
  facet normal 0 0 1
    outer loop
      vertex 51.3023 28.9073 6
      vertex 60 32 6
      vertex 51.3926 29.0249 6
    endloop
  endfacet
  facet normal 0 0 1
    outer loop
      vertex 60 -32 6
      vertex 51.4722 -29.15 6
      vertex 51.5407 -29.2815 6
    endloop
  endfacet
  facet normal 0 0 1
    outer loop
      vertex 51.2021 28.7979 6
      vertex 60 32 6
      vertex 51.3023 28.9073 6
    endloop
  endfacet
  facet normal 0 0 1
    outer loop
      vertex 60 -32 6
      vertex 51.3926 -29.0249 6
      vertex 51.4722 -29.15 6
    endloop
  endfacet
  facet normal 0 0 1
    outer loop
      vertex 51.0927 28.6977 6
      vertex 60 32 6
      vertex 51.2021 28.7979 6
    endloop
  endfacet
  facet normal 0 0 1
    outer loop
      vertex 60 -32 6
      vertex 51.3023 -28.9073 6
      vertex 51.3926 -29.0249 6
    endloop
  endfacet
  facet normal 0 0 1
    outer loop
      vertex 50.9751 28.6074 6
      vertex 60 32 6
      vertex 51.0927 28.6977 6
    endloop
  endfacet
  facet normal 0 0 1
    outer loop
      vertex 60 -32 6
      vertex 51.2021 -28.7979 6
      vertex 51.3023 -28.9073 6
    endloop
  endfacet
  facet normal 0 0 1
    outer loop
      vertex 50.85 28.5278 6
      vertex 60 32 6
      vertex 50.9751 28.6074 6
    endloop
  endfacet
  facet normal 0 0 1
    outer loop
      vertex 60 -32 6
      vertex 51.0927 -28.6977 6
      vertex 51.2021 -28.7979 6
    endloop
  endfacet
  facet normal 0 0 1
    outer loop
      vertex 60 32 6
      vertex 50.85 28.5278 6
      vertex 60 -32 6
    endloop
  endfacet
  facet normal 0 0 1
    outer loop
      vertex 60 -32 6
      vertex 50.9751 -28.6074 6
      vertex 51.0927 -28.6977 6
    endloop
  endfacet
  facet normal -0 0 1
    outer loop
      vertex 50.85 -28.5278 6
      vertex 60 -32 6
      vertex 50.85 28.5278 6
    endloop
  endfacet
  facet normal 0 0 1
    outer loop
      vertex 60 -32 6
      vertex 50.85 -28.5278 6
      vertex 50.9751 -28.6074 6
    endloop
  endfacet
  facet normal -0 0 1
    outer loop
      vertex 50.7185 28.4593 6
      vertex 50.85 -28.5278 6
      vertex 50.85 28.5278 6
    endloop
  endfacet
  facet normal 0 0 1
    outer loop
      vertex 50.7185 28.4593 6
      vertex 50.7185 -28.4593 6
      vertex 50.85 -28.5278 6
    endloop
  endfacet
  facet normal -0 0 1
    outer loop
      vertex 50.5814 28.4025 6
      vertex 50.7185 -28.4593 6
      vertex 50.7185 28.4593 6
    endloop
  endfacet
  facet normal 0 0 1
    outer loop
      vertex 50.5814 28.4025 6
      vertex 50.5814 -28.4025 6
      vertex 50.7185 -28.4593 6
    endloop
  endfacet
  facet normal -0 0 1
    outer loop
      vertex 50.44 28.3579 6
      vertex 50.5814 -28.4025 6
      vertex 50.5814 28.4025 6
    endloop
  endfacet
  facet normal 0 0 1
    outer loop
      vertex 50.44 28.3579 6
      vertex 50.44 -28.3579 6
      vertex 50.5814 -28.4025 6
    endloop
  endfacet
  facet normal -0 0 1
    outer loop
      vertex 50.2952 28.3258 6
      vertex 50.44 -28.3579 6
      vertex 50.44 28.3579 6
    endloop
  endfacet
  facet normal 0 0 1
    outer loop
      vertex 50.2952 28.3258 6
      vertex 50.2952 -28.3258 6
      vertex 50.44 -28.3579 6
    endloop
  endfacet
  facet normal -0 0 1
    outer loop
      vertex 50.1482 28.3065 6
      vertex 50.2952 -28.3258 6
      vertex 50.2952 28.3258 6
    endloop
  endfacet
  facet normal 0 0 1
    outer loop
      vertex 50.1482 28.3065 6
      vertex 50.1482 -28.3065 6
      vertex 50.2952 -28.3258 6
    endloop
  endfacet
  facet normal -0 0 1
    outer loop
      vertex 50 28.3 6
      vertex 50.1482 -28.3065 6
      vertex 50.1482 28.3065 6
    endloop
  endfacet
  facet normal 0 0 1
    outer loop
      vertex 50 28.3 6
      vertex 50 -28.3 6
      vertex 50.1482 -28.3065 6
    endloop
  endfacet
  facet normal 0 0 1
    outer loop
      vertex 49.8518 28.3065 6
      vertex 50 -28.3 6
      vertex 50 28.3 6
    endloop
  endfacet
  facet normal 0 0 1
    outer loop
      vertex 49.8518 28.3065 6
      vertex 49.8518 -28.3065 6
      vertex 50 -28.3 6
    endloop
  endfacet
  facet normal 0 0 1
    outer loop
      vertex 49.7048 28.3258 6
      vertex 49.8518 -28.3065 6
      vertex 49.8518 28.3065 6
    endloop
  endfacet
  facet normal 0 0 1
    outer loop
      vertex 49.7048 28.3258 6
      vertex 49.7048 -28.3258 6
      vertex 49.8518 -28.3065 6
    endloop
  endfacet
  facet normal 0 0 1
    outer loop
      vertex 16 0 6
      vertex 49.7048 28.3258 6
      vertex 49.56 28.3579 6
    endloop
  endfacet
  facet normal 0 0 1
    outer loop
      vertex 49.7048 28.3258 6
      vertex 16 0 6
      vertex 49.7048 -28.3258 6
    endloop
  endfacet
  facet normal 0 0 1
    outer loop
      vertex 15.9391 1.39449 6
      vertex 49.56 28.3579 6
      vertex 49.4186 28.4025 6
    endloop
  endfacet
  facet normal 0 0 1
    outer loop
      vertex 49.7048 -28.3258 6
      vertex 16 0 6
      vertex 49.56 -28.3579 6
    endloop
  endfacet
  facet normal 0 0 1
    outer loop
      vertex 15.7569 2.77837 6
      vertex 49.4186 28.4025 6
      vertex 49.2815 28.4593 6
    endloop
  endfacet
  facet normal -0 0 1
    outer loop
      vertex 15.9391 -1.39449 6
      vertex 49.56 -28.3579 6
      vertex 16 0 6
    endloop
  endfacet
  facet normal 0 0 1
    outer loop
      vertex 15.7569 2.77837 6
      vertex 49.2815 28.4593 6
      vertex 49.15 28.5278 6
    endloop
  endfacet
  facet normal 0 0 1
    outer loop
      vertex 49.56 -28.3579 6
      vertex 15.9391 -1.39449 6
      vertex 49.4186 -28.4025 6
    endloop
  endfacet
  facet normal 0 0 1
    outer loop
      vertex 15.4548 4.1411 6
      vertex 49.15 28.5278 6
      vertex 49.0249 28.6074 6
    endloop
  endfacet
  facet normal -0 0 1
    outer loop
      vertex 15.7569 -2.77837 6
      vertex 49.4186 -28.4025 6
      vertex 15.9391 -1.39449 6
    endloop
  endfacet
  facet normal 0 0 1
    outer loop
      vertex 15.25 4.79069 6
      vertex 49.0249 28.6074 6
      vertex 48.9073 28.6977 6
    endloop
  endfacet
  facet normal 0 0 1
    outer loop
      vertex 49.4186 -28.4025 6
      vertex 15.7569 -2.77837 6
      vertex 49.2815 -28.4593 6
    endloop
  endfacet
  facet normal 0 0 1
    outer loop
      vertex 15.25 4.79069 6
      vertex 48.9073 28.6977 6
      vertex 48.7979 28.7979 6
    endloop
  endfacet
  facet normal 0 0 1
    outer loop
      vertex 49.2815 -28.4593 6
      vertex 15.7569 -2.77837 6
      vertex 49.15 -28.5278 6
    endloop
  endfacet
  facet normal 0 0 1
    outer loop
      vertex 15.25 21.25 6
      vertex 48.7979 28.7979 6
      vertex 48.6977 28.9073 6
    endloop
  endfacet
  facet normal -0 0 1
    outer loop
      vertex 15.4548 -4.1411 6
      vertex 49.15 -28.5278 6
      vertex 15.7569 -2.77837 6
    endloop
  endfacet
  facet normal 0 0 1
    outer loop
      vertex 15.25 21.25 6
      vertex 48.6977 28.9073 6
      vertex 48.6074 29.0249 6
    endloop
  endfacet
  facet normal 0 0 1
    outer loop
      vertex 49.15 -28.5278 6
      vertex 15.4548 -4.1411 6
      vertex 49.0249 -28.6074 6
    endloop
  endfacet
  facet normal 0 0 1
    outer loop
      vertex 15.25 21.25 6
      vertex 48.6074 29.0249 6
      vertex 48.5278 29.15 6
    endloop
  endfacet
  facet normal -0 0 1
    outer loop
      vertex 15.25 -4.79069 6
      vertex 49.0249 -28.6074 6
      vertex 15.4548 -4.1411 6
    endloop
  endfacet
  facet normal 0 0 1
    outer loop
      vertex 15.25 21.25 6
      vertex 48.5278 29.15 6
      vertex 48.4593 29.2815 6
    endloop
  endfacet
  facet normal 0 0 1
    outer loop
      vertex 49.0249 -28.6074 6
      vertex 15.25 -4.79069 6
      vertex 48.9073 -28.6977 6
    endloop
  endfacet
  facet normal 0 0 1
    outer loop
      vertex 15.2348 21.5986 6
      vertex 48.4593 29.2815 6
      vertex 48.4025 29.4186 6
    endloop
  endfacet
  facet normal 0 0 1
    outer loop
      vertex 48.9073 -28.6977 6
      vertex 15.25 -4.79069 6
      vertex 48.7979 -28.7979 6
    endloop
  endfacet
  facet normal 0 0 1
    outer loop
      vertex 15.1892 21.9446 6
      vertex 48.4025 29.4186 6
      vertex 48.3579 29.56 6
    endloop
  endfacet
  facet normal -0 0 1
    outer loop
      vertex 15.25 -21.25 6
      vertex 48.7979 -28.7979 6
      vertex 15.25 -4.79069 6
    endloop
  endfacet
  facet normal 0 0 1
    outer loop
      vertex 15.1892 21.9446 6
      vertex 48.3579 29.56 6
      vertex 48.3258 29.7048 6
    endloop
  endfacet
  facet normal 0 0 1
    outer loop
      vertex 48.7979 -28.7979 6
      vertex 15.25 -21.25 6
      vertex 48.6977 -28.9073 6
    endloop
  endfacet
  facet normal 0 0 1
    outer loop
      vertex 15.1137 22.2853 6
      vertex 48.3258 29.7048 6
      vertex 48.3065 29.8518 6
    endloop
  endfacet
  facet normal 0 0 1
    outer loop
      vertex 48.6977 -28.9073 6
      vertex 15.25 -21.25 6
      vertex 48.6074 -29.0249 6
    endloop
  endfacet
  facet normal 0 0 1
    outer loop
      vertex 15.0088 22.6181 6
      vertex 48.3065 29.8518 6
      vertex 48.3 30 6
    endloop
  endfacet
  facet normal 0 0 1
    outer loop
      vertex 48.6074 -29.0249 6
      vertex 15.25 -21.25 6
      vertex 48.5278 -29.15 6
    endloop
  endfacet
  facet normal 0 0 1
    outer loop
      vertex 51.5975 30.5814 6
      vertex 60 32 6
      vertex 59.9696 32.6972 6
    endloop
  endfacet
  facet normal 0 0 1
    outer loop
      vertex 51.6935 29.8518 6
      vertex 60 32 6
      vertex 51.7 30 6
    endloop
  endfacet
  facet normal 0 0 1
    outer loop
      vertex 51.5407 30.7185 6
      vertex 59.9696 32.6972 6
      vertex 59.8785 33.3892 6
    endloop
  endfacet
  facet normal 0 0 1
    outer loop
      vertex 51.6742 29.7048 6
      vertex 60 32 6
      vertex 51.6935 29.8518 6
    endloop
  endfacet
  facet normal 0 0 1
    outer loop
      vertex 51.5407 30.7185 6
      vertex 59.8785 33.3892 6
      vertex 59.7274 34.0706 6
    endloop
  endfacet
  facet normal -0 0 1
    outer loop
      vertex 51.6935 -30.1482 6
      vertex 60 -32 6
      vertex 51.7 -30 6
    endloop
  endfacet
  facet normal 0 0 1
    outer loop
      vertex 51.4722 30.85 6
      vertex 59.7274 34.0706 6
      vertex 59.5175 34.7362 6
    endloop
  endfacet
  facet normal -0 0 1
    outer loop
      vertex 51.6742 -30.2952 6
      vertex 60 -32 6
      vertex 51.6935 -30.1482 6
    endloop
  endfacet
  facet normal 0 0 1
    outer loop
      vertex 51.4722 30.85 6
      vertex 59.5175 34.7362 6
      vertex 59.2505 35.3809 6
    endloop
  endfacet
  facet normal -0 0 1
    outer loop
      vertex 51.6421 -30.44 6
      vertex 60 -32 6
      vertex 51.6742 -30.2952 6
    endloop
  endfacet
  facet normal 0 0 1
    outer loop
      vertex 51.3926 30.9751 6
      vertex 59.2505 35.3809 6
      vertex 58.9282 36 6
    endloop
  endfacet
  facet normal -0 0 1
    outer loop
      vertex 51.5975 -30.5814 6
      vertex 60 -32 6
      vertex 51.6421 -30.44 6
    endloop
  endfacet
  facet normal 0 0 1
    outer loop
      vertex 51.3023 31.0927 6
      vertex 58.9282 36 6
      vertex 58.5532 36.5886 6
    endloop
  endfacet
  facet normal 0 0 1
    outer loop
      vertex 60 -32 6
      vertex 51.5975 -30.5814 6
      vertex 59.9696 -32.6972 6
    endloop
  endfacet
  facet normal 0 0 1
    outer loop
      vertex 51.3023 31.0927 6
      vertex 58.5532 36.5886 6
      vertex 58.1284 37.1423 6
    endloop
  endfacet
  facet normal -0 0 1
    outer loop
      vertex 51.5407 -30.7185 6
      vertex 59.9696 -32.6972 6
      vertex 51.5975 -30.5814 6
    endloop
  endfacet
  facet normal 0 0 1
    outer loop
      vertex 51.2021 31.2021 6
      vertex 58.1284 37.1423 6
      vertex 57.6569 37.6569 6
    endloop
  endfacet
  facet normal 0 0 1
    outer loop
      vertex 59.9696 -32.6972 6
      vertex 51.5407 -30.7185 6
      vertex 59.8785 -33.3892 6
    endloop
  endfacet
  facet normal 0 0 1
    outer loop
      vertex 51.2021 31.2021 6
      vertex 57.6569 37.6569 6
      vertex 57.1423 38.1284 6
    endloop
  endfacet
  facet normal 0 0 1
    outer loop
      vertex 59.8785 -33.3892 6
      vertex 51.5407 -30.7185 6
      vertex 59.7274 -34.0706 6
    endloop
  endfacet
  facet normal 0 0 1
    outer loop
      vertex 51.0927 31.3023 6
      vertex 57.1423 38.1284 6
      vertex 56.5886 38.5532 6
    endloop
  endfacet
  facet normal -0 0 1
    outer loop
      vertex 51.4722 -30.85 6
      vertex 59.7274 -34.0706 6
      vertex 51.5407 -30.7185 6
    endloop
  endfacet
  facet normal 0 0 1
    outer loop
      vertex 51.0927 31.3023 6
      vertex 56.5886 38.5532 6
      vertex 56 38.9282 6
    endloop
  endfacet
  facet normal 0 0 1
    outer loop
      vertex 59.7274 -34.0706 6
      vertex 51.4722 -30.85 6
      vertex 59.5175 -34.7362 6
    endloop
  endfacet
  facet normal 0 0 1
    outer loop
      vertex 50.9751 31.3926 6
      vertex 56 38.9282 6
      vertex 55.3809 39.2505 6
    endloop
  endfacet
  facet normal 0 0 1
    outer loop
      vertex 59.5175 -34.7362 6
      vertex 51.4722 -30.85 6
      vertex 59.2505 -35.3809 6
    endloop
  endfacet
  facet normal 0 0 1
    outer loop
      vertex 50.9751 31.3926 6
      vertex 55.3809 39.2505 6
      vertex 54.7362 39.5175 6
    endloop
  endfacet
  facet normal -0 0 1
    outer loop
      vertex 51.3926 -30.9751 6
      vertex 59.2505 -35.3809 6
      vertex 51.4722 -30.85 6
    endloop
  endfacet
  facet normal 0 0 1
    outer loop
      vertex 50.85 31.4722 6
      vertex 54.7362 39.5175 6
      vertex 54.0706 39.7274 6
    endloop
  endfacet
  facet normal 0 0 1
    outer loop
      vertex 59.2505 -35.3809 6
      vertex 51.3926 -30.9751 6
      vertex 58.9282 -36 6
    endloop
  endfacet
  facet normal 0 0 1
    outer loop
      vertex 50.7185 31.5407 6
      vertex 54.0706 39.7274 6
      vertex 53.3892 39.8785 6
    endloop
  endfacet
  facet normal -0 0 1
    outer loop
      vertex 51.3023 -31.0927 6
      vertex 58.9282 -36 6
      vertex 51.3926 -30.9751 6
    endloop
  endfacet
  facet normal 0 0 1
    outer loop
      vertex 50.7185 31.5407 6
      vertex 53.3892 39.8785 6
      vertex 52.6972 39.9696 6
    endloop
  endfacet
  facet normal 0 0 1
    outer loop
      vertex 58.9282 -36 6
      vertex 51.3023 -31.0927 6
      vertex 58.5532 -36.5886 6
    endloop
  endfacet
  facet normal 0 0 1
    outer loop
      vertex 50.5814 31.5975 6
      vertex 52.6972 39.9696 6
      vertex 52 40 6
    endloop
  endfacet
  facet normal 0 0 1
    outer loop
      vertex 58.5532 -36.5886 6
      vertex 51.3023 -31.0927 6
      vertex 58.1284 -37.1423 6
    endloop
  endfacet
  facet normal -0 0 1
    outer loop
      vertex 51.2021 -31.2021 6
      vertex 58.1284 -37.1423 6
      vertex 51.3023 -31.0927 6
    endloop
  endfacet
  facet normal 0 0 1
    outer loop
      vertex 60 32 6
      vertex 51.6935 30.1482 6
      vertex 51.7 30 6
    endloop
  endfacet
  facet normal 0 0 1
    outer loop
      vertex 60 32 6
      vertex 51.6742 30.2952 6
      vertex 51.6935 30.1482 6
    endloop
  endfacet
  facet normal 0 0 1
    outer loop
      vertex 60 32 6
      vertex 51.6421 30.44 6
      vertex 51.6742 30.2952 6
    endloop
  endfacet
  facet normal 0 0 1
    outer loop
      vertex 60 32 6
      vertex 51.5975 30.5814 6
      vertex 51.6421 30.44 6
    endloop
  endfacet
  facet normal 0 0 1
    outer loop
      vertex 59.9696 32.6972 6
      vertex 51.5407 30.7185 6
      vertex 51.5975 30.5814 6
    endloop
  endfacet
  facet normal 0 0 1
    outer loop
      vertex 59.7274 34.0706 6
      vertex 51.4722 30.85 6
      vertex 51.5407 30.7185 6
    endloop
  endfacet
  facet normal 0 0 1
    outer loop
      vertex 59.2505 35.3809 6
      vertex 51.3926 30.9751 6
      vertex 51.4722 30.85 6
    endloop
  endfacet
  facet normal 0 0 1
    outer loop
      vertex 58.9282 36 6
      vertex 51.3023 31.0927 6
      vertex 51.3926 30.9751 6
    endloop
  endfacet
  facet normal 0 0 1
    outer loop
      vertex 58.1284 37.1423 6
      vertex 51.2021 31.2021 6
      vertex 51.3023 31.0927 6
    endloop
  endfacet
  facet normal 0 0 1
    outer loop
      vertex 57.1423 38.1284 6
      vertex 51.0927 31.3023 6
      vertex 51.2021 31.2021 6
    endloop
  endfacet
  facet normal 0 0 1
    outer loop
      vertex 56 38.9282 6
      vertex 50.9751 31.3926 6
      vertex 51.0927 31.3023 6
    endloop
  endfacet
  facet normal 0 0 1
    outer loop
      vertex 54.7362 39.5175 6
      vertex 50.85 31.4722 6
      vertex 50.9751 31.3926 6
    endloop
  endfacet
  facet normal 0 0 1
    outer loop
      vertex 54.0706 39.7274 6
      vertex 50.7185 31.5407 6
      vertex 50.85 31.4722 6
    endloop
  endfacet
  facet normal 0 0 1
    outer loop
      vertex 52.6972 39.9696 6
      vertex 50.5814 31.5975 6
      vertex 50.7185 31.5407 6
    endloop
  endfacet
  facet normal 0 0 1
    outer loop
      vertex 52 40 6
      vertex 50.44 31.6421 6
      vertex 50.5814 31.5975 6
    endloop
  endfacet
  facet normal 0 0 1
    outer loop
      vertex 52 40 6
      vertex 50.2952 31.6742 6
      vertex 50.44 31.6421 6
    endloop
  endfacet
  facet normal 0 0 1
    outer loop
      vertex 52 40 6
      vertex 50.1482 31.6935 6
      vertex 50.2952 31.6742 6
    endloop
  endfacet
  facet normal 0 0 1
    outer loop
      vertex 52 40 6
      vertex 50 31.7 6
      vertex 50.1482 31.6935 6
    endloop
  endfacet
  facet normal 0 0 1
    outer loop
      vertex 52 40 6
      vertex 49.8518 31.6935 6
      vertex 50 31.7 6
    endloop
  endfacet
  facet normal 0 0 1
    outer loop
      vertex 52 40 6
      vertex 49.7048 31.6742 6
      vertex 49.8518 31.6935 6
    endloop
  endfacet
  facet normal 0 0 1
    outer loop
      vertex 52 40 6
      vertex 49.56 31.6421 6
      vertex 49.7048 31.6742 6
    endloop
  endfacet
  facet normal 0 0 1
    outer loop
      vertex 52 40 6
      vertex 49.4186 31.5975 6
      vertex 49.56 31.6421 6
    endloop
  endfacet
  facet normal 0 0 1
    outer loop
      vertex 52 40 6
      vertex 49.2815 31.5407 6
      vertex 49.4186 31.5975 6
    endloop
  endfacet
  facet normal 0 0 1
    outer loop
      vertex 52 40 6
      vertex 49.15 31.4722 6
      vertex 49.2815 31.5407 6
    endloop
  endfacet
  facet normal 0 0 1
    outer loop
      vertex 52 40 6
      vertex 49.0249 31.3926 6
      vertex 49.15 31.4722 6
    endloop
  endfacet
  facet normal 0 0 1
    outer loop
      vertex 52 40 6
      vertex 48.9073 31.3023 6
      vertex 49.0249 31.3926 6
    endloop
  endfacet
  facet normal 0 0 1
    outer loop
      vertex 52 40 6
      vertex 48.7979 31.2021 6
      vertex 48.9073 31.3023 6
    endloop
  endfacet
  facet normal 0 0 1
    outer loop
      vertex 52 40 6
      vertex 48.6977 31.0927 6
      vertex 48.7979 31.2021 6
    endloop
  endfacet
  facet normal 0 0 1
    outer loop
      vertex 52 40 6
      vertex 48.6074 30.9751 6
      vertex 48.6977 31.0927 6
    endloop
  endfacet
  facet normal 0 0 1
    outer loop
      vertex 52 40 6
      vertex 48.5278 30.85 6
      vertex 48.6074 30.9751 6
    endloop
  endfacet
  facet normal 0 0 1
    outer loop
      vertex 13.5443 24.5266 6
      vertex 48.5278 30.85 6
      vertex 52 40 6
    endloop
  endfacet
  facet normal 0 -0 1
    outer loop
      vertex 13.8211 24.3142 6
      vertex 48.5278 30.85 6
      vertex 13.5443 24.5266 6
    endloop
  endfacet
  facet normal 0 0 1
    outer loop
      vertex 48.5278 -29.15 6
      vertex 15.25 -21.25 6
      vertex 48.4593 -29.2815 6
    endloop
  endfacet
  facet normal 0 0 1
    outer loop
      vertex 14.8752 22.9405 6
      vertex 48.3 30 6
      vertex 48.3065 30.1482 6
    endloop
  endfacet
  facet normal 0 0 1
    outer loop
      vertex 14.7141 23.25 6
      vertex 48.3065 30.1482 6
      vertex 48.3258 30.2952 6
    endloop
  endfacet
  facet normal 0 0 1
    outer loop
      vertex 14.5266 23.5443 6
      vertex 48.3258 30.2952 6
      vertex 48.3579 30.44 6
    endloop
  endfacet
  facet normal 0 0 1
    outer loop
      vertex 14.3142 23.8211 6
      vertex 48.3579 30.44 6
      vertex 48.4025 30.5814 6
    endloop
  endfacet
  facet normal 0 0 1
    outer loop
      vertex 48.5278 30.85 6
      vertex 13.8211 24.3142 6
      vertex 48.4593 30.7185 6
    endloop
  endfacet
  facet normal 0 0 1
    outer loop
      vertex 49.56 28.3579 6
      vertex 15.9391 1.39449 6
      vertex 16 0 6
    endloop
  endfacet
  facet normal 0 0 1
    outer loop
      vertex 49.4186 28.4025 6
      vertex 15.7569 2.77837 6
      vertex 15.9391 1.39449 6
    endloop
  endfacet
  facet normal 0 0 1
    outer loop
      vertex 49.15 28.5278 6
      vertex 15.4548 4.1411 6
      vertex 15.7569 2.77837 6
    endloop
  endfacet
  facet normal 0 0 1
    outer loop
      vertex 48.7979 28.7979 6
      vertex 15.25 21.25 6
      vertex 15.25 4.79069 6
    endloop
  endfacet
  facet normal 0 0 1
    outer loop
      vertex 48.4593 29.2815 6
      vertex 15.2348 21.5986 6
      vertex 15.25 21.25 6
    endloop
  endfacet
  facet normal 0 0 1
    outer loop
      vertex 48.4025 29.4186 6
      vertex 15.1892 21.9446 6
      vertex 15.2348 21.5986 6
    endloop
  endfacet
  facet normal 0 0 1
    outer loop
      vertex 48.3258 29.7048 6
      vertex 15.1137 22.2853 6
      vertex 15.1892 21.9446 6
    endloop
  endfacet
  facet normal 0 0 1
    outer loop
      vertex 48.3065 29.8518 6
      vertex 15.0088 22.6181 6
      vertex 15.1137 22.2853 6
    endloop
  endfacet
  facet normal 0 0 1
    outer loop
      vertex 48.3 30 6
      vertex 14.8752 22.9405 6
      vertex 15.0088 22.6181 6
    endloop
  endfacet
  facet normal 0 0 1
    outer loop
      vertex 48.3065 30.1482 6
      vertex 14.7141 23.25 6
      vertex 14.8752 22.9405 6
    endloop
  endfacet
  facet normal 0 0 1
    outer loop
      vertex 48.3258 30.2952 6
      vertex 14.5266 23.5443 6
      vertex 14.7141 23.25 6
    endloop
  endfacet
  facet normal 0 0 1
    outer loop
      vertex 48.3579 30.44 6
      vertex 14.3142 23.8211 6
      vertex 14.5266 23.5443 6
    endloop
  endfacet
  facet normal 0 0 1
    outer loop
      vertex 48.4025 30.5814 6
      vertex 14.0784 24.0784 6
      vertex 14.3142 23.8211 6
    endloop
  endfacet
  facet normal 0 0 1
    outer loop
      vertex 48.4593 30.7185 6
      vertex 14.0784 24.0784 6
      vertex 48.4025 30.5814 6
    endloop
  endfacet
  facet normal 0 -0 1
    outer loop
      vertex 14.0784 24.0784 6
      vertex 48.4593 30.7185 6
      vertex 13.8211 24.3142 6
    endloop
  endfacet
  facet normal 0 0 1
    outer loop
      vertex 52 40 6
      vertex 13.25 24.7141 6
      vertex 13.5443 24.5266 6
    endloop
  endfacet
  facet normal 0 0 1
    outer loop
      vertex 52 40 6
      vertex 12.9405 24.8752 6
      vertex 13.25 24.7141 6
    endloop
  endfacet
  facet normal 0 0 1
    outer loop
      vertex 52 40 6
      vertex 12.6181 25.0088 6
      vertex 12.9405 24.8752 6
    endloop
  endfacet
  facet normal 0 0 1
    outer loop
      vertex 52 40 6
      vertex 12.2853 25.1137 6
      vertex 12.6181 25.0088 6
    endloop
  endfacet
  facet normal 0 0 1
    outer loop
      vertex 52 40 6
      vertex 11.9446 25.1892 6
      vertex 12.2853 25.1137 6
    endloop
  endfacet
  facet normal 0 0 1
    outer loop
      vertex 52 40 6
      vertex 11.5986 25.2348 6
      vertex 11.9446 25.1892 6
    endloop
  endfacet
  facet normal 0 0 1
    outer loop
      vertex 52 40 6
      vertex 11.25 25.25 6
      vertex 11.5986 25.2348 6
    endloop
  endfacet
  facet normal 0 0 1
    outer loop
      vertex 52 40 6
      vertex 5 25.25 6
      vertex 11.25 25.25 6
    endloop
  endfacet
  facet normal 0 0 1
    outer loop
      vertex -5 20.95 6
      vertex 5 20.95 6
      vertex 5 25.25 6
    endloop
  endfacet
  facet normal 0 0 1
    outer loop
      vertex 5 20.95 6
      vertex 2.77837 15.7569 6
      vertex 4.1411 15.4548 6
    endloop
  endfacet
  facet normal 0 0 1
    outer loop
      vertex 5 20.95 6
      vertex 1.39449 15.9391 6
      vertex 2.77837 15.7569 6
    endloop
  endfacet
  facet normal 0 0 1
    outer loop
      vertex 5 20.95 6
      vertex 0 16 6
      vertex 1.39449 15.9391 6
    endloop
  endfacet
  facet normal 0 0 1
    outer loop
      vertex 5 20.95 6
      vertex -5 20.95 6
      vertex 0 16 6
    endloop
  endfacet
  facet normal 0 0 1
    outer loop
      vertex 0 16 6
      vertex -5 20.95 6
      vertex -1.39449 15.9391 6
    endloop
  endfacet
  facet normal 0 0 1
    outer loop
      vertex -1.39449 15.9391 6
      vertex -5 20.95 6
      vertex -2.77837 15.7569 6
    endloop
  endfacet
  facet normal 0 0 1
    outer loop
      vertex -5 20.95 6
      vertex 5 25.25 6
      vertex -5 25.25 6
    endloop
  endfacet
  facet normal 0 0 1
    outer loop
      vertex 52 40 6
      vertex -5 25.25 6
      vertex 5 25.25 6
    endloop
  endfacet
  facet normal -0 0 1
    outer loop
      vertex -52 40 6
      vertex -5 25.25 6
      vertex 52 40 6
    endloop
  endfacet
  facet normal 0 0 1
    outer loop
      vertex -5 25.25 6
      vertex -52 40 6
      vertex -11.25 25.25 6
    endloop
  endfacet
  facet normal 0 0 1
    outer loop
      vertex -11.25 25.25 6
      vertex -52 40 6
      vertex -11.5986 25.2348 6
    endloop
  endfacet
  facet normal 0 0 1
    outer loop
      vertex -11.5986 25.2348 6
      vertex -52 40 6
      vertex -11.9446 25.1892 6
    endloop
  endfacet
  facet normal -0 0 1
    outer loop
      vertex -48.3579 29.56 6
      vertex -15.1892 21.9446 6
      vertex -48.3258 29.7048 6
    endloop
  endfacet
  facet normal -0 0 1
    outer loop
      vertex -48.4025 29.4186 6
      vertex -15.1892 21.9446 6
      vertex -48.3579 29.56 6
    endloop
  endfacet
  facet normal 0 0 1
    outer loop
      vertex -15.1892 21.9446 6
      vertex -48.4025 29.4186 6
      vertex -15.2348 21.5986 6
    endloop
  endfacet
  facet normal -0 0 1
    outer loop
      vertex -48.4593 29.2815 6
      vertex -15.2348 21.5986 6
      vertex -48.4025 29.4186 6
    endloop
  endfacet
  facet normal 0 0 1
    outer loop
      vertex -15.2348 21.5986 6
      vertex -48.4593 29.2815 6
      vertex -15.25 21.25 6
    endloop
  endfacet
  facet normal 0 0 1
    outer loop
      vertex -15.1137 22.2853 6
      vertex -48.3258 29.7048 6
      vertex -15.1892 21.9446 6
    endloop
  endfacet
  facet normal -0 0 1
    outer loop
      vertex -48.3258 29.7048 6
      vertex -15.1137 22.2853 6
      vertex -48.3065 29.8518 6
    endloop
  endfacet
  facet normal 0 0 1
    outer loop
      vertex -15.0088 22.6181 6
      vertex -48.3065 29.8518 6
      vertex -15.1137 22.2853 6
    endloop
  endfacet
  facet normal -0 0 1
    outer loop
      vertex -48.3065 29.8518 6
      vertex -15.0088 22.6181 6
      vertex -48.3 30 6
    endloop
  endfacet
  facet normal 0 0 1
    outer loop
      vertex -14.8752 22.9405 6
      vertex -48.3 30 6
      vertex -15.0088 22.6181 6
    endloop
  endfacet
  facet normal 0 0 1
    outer loop
      vertex -48.3065 30.1482 6
      vertex -14.8752 22.9405 6
      vertex -14.7141 23.25 6
    endloop
  endfacet
  facet normal 0 0 1
    outer loop
      vertex -48.3258 30.2952 6
      vertex -14.7141 23.25 6
      vertex -14.5266 23.5443 6
    endloop
  endfacet
  facet normal 0 0 1
    outer loop
      vertex -48.3579 30.44 6
      vertex -14.5266 23.5443 6
      vertex -14.3142 23.8211 6
    endloop
  endfacet
  facet normal 0 0 1
    outer loop
      vertex -48.4025 30.5814 6
      vertex -14.3142 23.8211 6
      vertex -14.0784 24.0784 6
    endloop
  endfacet
  facet normal 0 0 1
    outer loop
      vertex -48.4593 30.7185 6
      vertex -14.0784 24.0784 6
      vertex -13.8211 24.3142 6
    endloop
  endfacet
  facet normal 0 0 1
    outer loop
      vertex -48.5278 30.85 6
      vertex -13.8211 24.3142 6
      vertex -13.5443 24.5266 6
    endloop
  endfacet
  facet normal 0 0 1
    outer loop
      vertex -52 40 6
      vertex -13.5443 24.5266 6
      vertex -13.25 24.7141 6
    endloop
  endfacet
  facet normal 0 0 1
    outer loop
      vertex -52 40 6
      vertex -13.25 24.7141 6
      vertex -12.9405 24.8752 6
    endloop
  endfacet
  facet normal 0 0 1
    outer loop
      vertex -52 40 6
      vertex -12.9405 24.8752 6
      vertex -12.6181 25.0088 6
    endloop
  endfacet
  facet normal 0 0 1
    outer loop
      vertex -52 40 6
      vertex -12.6181 25.0088 6
      vertex -12.2853 25.1137 6
    endloop
  endfacet
  facet normal 0 0 1
    outer loop
      vertex -11.9446 25.1892 6
      vertex -52 40 6
      vertex -12.2853 25.1137 6
    endloop
  endfacet
  facet normal 0 0 1
    outer loop
      vertex -14.8752 22.9405 6
      vertex -48.3065 30.1482 6
      vertex -48.3 30 6
    endloop
  endfacet
  facet normal 0 0 1
    outer loop
      vertex -14.7141 23.25 6
      vertex -48.3258 30.2952 6
      vertex -48.3065 30.1482 6
    endloop
  endfacet
  facet normal 0 0 1
    outer loop
      vertex -14.5266 23.5443 6
      vertex -48.3579 30.44 6
      vertex -48.3258 30.2952 6
    endloop
  endfacet
  facet normal 0 0 1
    outer loop
      vertex -14.3142 23.8211 6
      vertex -48.4025 30.5814 6
      vertex -48.3579 30.44 6
    endloop
  endfacet
  facet normal 0 0 1
    outer loop
      vertex -14.0784 24.0784 6
      vertex -48.4593 30.7185 6
      vertex -48.4025 30.5814 6
    endloop
  endfacet
  facet normal 0 0 1
    outer loop
      vertex -13.5443 24.5266 6
      vertex -52 40 6
      vertex -48.5278 30.85 6
    endloop
  endfacet
  facet normal 0 0 1
    outer loop
      vertex -13.8211 24.3142 6
      vertex -48.5278 30.85 6
      vertex -48.4593 30.7185 6
    endloop
  endfacet
  facet normal 0 0 1
    outer loop
      vertex -48.5278 30.85 6
      vertex -52 40 6
      vertex -48.6074 30.9751 6
    endloop
  endfacet
  facet normal 0 0 1
    outer loop
      vertex -48.6074 30.9751 6
      vertex -52 40 6
      vertex -48.6977 31.0927 6
    endloop
  endfacet
  facet normal 0 0 1
    outer loop
      vertex -48.6977 31.0927 6
      vertex -52 40 6
      vertex -48.7979 31.2021 6
    endloop
  endfacet
  facet normal 0 0 1
    outer loop
      vertex -48.7979 31.2021 6
      vertex -52 40 6
      vertex -48.9073 31.3023 6
    endloop
  endfacet
  facet normal 0 0 1
    outer loop
      vertex -48.9073 31.3023 6
      vertex -52 40 6
      vertex -49.0249 31.3926 6
    endloop
  endfacet
  facet normal 0 0 1
    outer loop
      vertex -49.0249 31.3926 6
      vertex -52 40 6
      vertex -49.15 31.4722 6
    endloop
  endfacet
  facet normal 0 0 1
    outer loop
      vertex -49.15 31.4722 6
      vertex -52 40 6
      vertex -49.2815 31.5407 6
    endloop
  endfacet
  facet normal 0 0 1
    outer loop
      vertex -49.2815 31.5407 6
      vertex -52 40 6
      vertex -49.4186 31.5975 6
    endloop
  endfacet
  facet normal 0 0 1
    outer loop
      vertex -49.4186 31.5975 6
      vertex -52 40 6
      vertex -49.56 31.6421 6
    endloop
  endfacet
  facet normal 0 0 1
    outer loop
      vertex -49.56 31.6421 6
      vertex -52 40 6
      vertex -49.7048 31.6742 6
    endloop
  endfacet
  facet normal 0 0 1
    outer loop
      vertex -49.7048 31.6742 6
      vertex -52 40 6
      vertex -49.8518 31.6935 6
    endloop
  endfacet
  facet normal 0 0 1
    outer loop
      vertex -49.8518 31.6935 6
      vertex -52 40 6
      vertex -50 31.7 6
    endloop
  endfacet
  facet normal -0 0 1
    outer loop
      vertex -58.1284 37.1423 6
      vertex -51.2021 31.2021 6
      vertex -57.6569 37.6569 6
    endloop
  endfacet
  facet normal -0 0 1
    outer loop
      vertex -57.6569 37.6569 6
      vertex -51.2021 31.2021 6
      vertex -57.1423 38.1284 6
    endloop
  endfacet
  facet normal 0 0 1
    outer loop
      vertex -51.0927 31.3023 6
      vertex -57.1423 38.1284 6
      vertex -51.2021 31.2021 6
    endloop
  endfacet
  facet normal -0 0 1
    outer loop
      vertex -57.1423 38.1284 6
      vertex -51.0927 31.3023 6
      vertex -56.5886 38.5532 6
    endloop
  endfacet
  facet normal -0 0 1
    outer loop
      vertex -56.5886 38.5532 6
      vertex -51.0927 31.3023 6
      vertex -56 38.9282 6
    endloop
  endfacet
  facet normal 0 0 1
    outer loop
      vertex -50.9751 31.3926 6
      vertex -56 38.9282 6
      vertex -51.0927 31.3023 6
    endloop
  endfacet
  facet normal -0 0 1
    outer loop
      vertex -56 38.9282 6
      vertex -50.9751 31.3926 6
      vertex -55.3809 39.2505 6
    endloop
  endfacet
  facet normal -0 0 1
    outer loop
      vertex -55.3809 39.2505 6
      vertex -50.9751 31.3926 6
      vertex -54.7362 39.5175 6
    endloop
  endfacet
  facet normal 0 0 1
    outer loop
      vertex -50.85 31.4722 6
      vertex -54.7362 39.5175 6
      vertex -50.9751 31.3926 6
    endloop
  endfacet
  facet normal -0 0 1
    outer loop
      vertex -54.7362 39.5175 6
      vertex -50.85 31.4722 6
      vertex -54.0706 39.7274 6
    endloop
  endfacet
  facet normal 0 0 1
    outer loop
      vertex -50.7185 31.5407 6
      vertex -54.0706 39.7274 6
      vertex -50.85 31.4722 6
    endloop
  endfacet
  facet normal -0 0 1
    outer loop
      vertex -54.0706 39.7274 6
      vertex -50.7185 31.5407 6
      vertex -53.3892 39.8785 6
    endloop
  endfacet
  facet normal -0 0 1
    outer loop
      vertex -53.3892 39.8785 6
      vertex -50.7185 31.5407 6
      vertex -52.6972 39.9696 6
    endloop
  endfacet
  facet normal 0 0 1
    outer loop
      vertex -50.5814 31.5975 6
      vertex -52.6972 39.9696 6
      vertex -50.7185 31.5407 6
    endloop
  endfacet
  facet normal -0 0 1
    outer loop
      vertex -52.6972 39.9696 6
      vertex -50.5814 31.5975 6
      vertex -52 40 6
    endloop
  endfacet
  facet normal 0 0 1
    outer loop
      vertex -50.44 31.6421 6
      vertex -52 40 6
      vertex -50.5814 31.5975 6
    endloop
  endfacet
  facet normal 0 0 1
    outer loop
      vertex -50.2952 31.6742 6
      vertex -52 40 6
      vertex -50.44 31.6421 6
    endloop
  endfacet
  facet normal 0 0 1
    outer loop
      vertex -50.1482 31.6935 6
      vertex -52 40 6
      vertex -50.2952 31.6742 6
    endloop
  endfacet
  facet normal 0 0 1
    outer loop
      vertex -50 31.7 6
      vertex -52 40 6
      vertex -50.1482 31.6935 6
    endloop
  endfacet
  facet normal 0 0 1
    outer loop
      vertex 58.1284 -37.1423 6
      vertex 51.2021 -31.2021 6
      vertex 57.6569 -37.6569 6
    endloop
  endfacet
  facet normal 0 0 1
    outer loop
      vertex 57.6569 -37.6569 6
      vertex 51.2021 -31.2021 6
      vertex 57.1423 -38.1284 6
    endloop
  endfacet
  facet normal -0 0 1
    outer loop
      vertex 51.0927 -31.3023 6
      vertex 57.1423 -38.1284 6
      vertex 51.2021 -31.2021 6
    endloop
  endfacet
  facet normal 0 0 1
    outer loop
      vertex 57.1423 -38.1284 6
      vertex 51.0927 -31.3023 6
      vertex 56.5886 -38.5532 6
    endloop
  endfacet
  facet normal 0 0 1
    outer loop
      vertex 56.5886 -38.5532 6
      vertex 51.0927 -31.3023 6
      vertex 56 -38.9282 6
    endloop
  endfacet
  facet normal -0 0 1
    outer loop
      vertex 50.9751 -31.3926 6
      vertex 56 -38.9282 6
      vertex 51.0927 -31.3023 6
    endloop
  endfacet
  facet normal 0 0 1
    outer loop
      vertex 56 -38.9282 6
      vertex 50.9751 -31.3926 6
      vertex 55.3809 -39.2505 6
    endloop
  endfacet
  facet normal 0 0 1
    outer loop
      vertex 55.3809 -39.2505 6
      vertex 50.9751 -31.3926 6
      vertex 54.7362 -39.5175 6
    endloop
  endfacet
  facet normal -0 0 1
    outer loop
      vertex 50.85 -31.4722 6
      vertex 54.7362 -39.5175 6
      vertex 50.9751 -31.3926 6
    endloop
  endfacet
  facet normal 0 0 1
    outer loop
      vertex 54.7362 -39.5175 6
      vertex 50.85 -31.4722 6
      vertex 54.0706 -39.7274 6
    endloop
  endfacet
  facet normal -0 0 1
    outer loop
      vertex 50.7185 -31.5407 6
      vertex 54.0706 -39.7274 6
      vertex 50.85 -31.4722 6
    endloop
  endfacet
  facet normal 0 0 1
    outer loop
      vertex 54.0706 -39.7274 6
      vertex 50.7185 -31.5407 6
      vertex 53.3892 -39.8785 6
    endloop
  endfacet
  facet normal 0 0 1
    outer loop
      vertex 53.3892 -39.8785 6
      vertex 50.7185 -31.5407 6
      vertex 52.6972 -39.9696 6
    endloop
  endfacet
  facet normal -0 0 1
    outer loop
      vertex 50.5814 -31.5975 6
      vertex 52.6972 -39.9696 6
      vertex 50.7185 -31.5407 6
    endloop
  endfacet
  facet normal 0 0 1
    outer loop
      vertex 52.6972 -39.9696 6
      vertex 50.5814 -31.5975 6
      vertex 52 -40 6
    endloop
  endfacet
  facet normal -0 0 1
    outer loop
      vertex 50.44 -31.6421 6
      vertex 52 -40 6
      vertex 50.5814 -31.5975 6
    endloop
  endfacet
  facet normal -0 0 1
    outer loop
      vertex 50.2952 -31.6742 6
      vertex 52 -40 6
      vertex 50.44 -31.6421 6
    endloop
  endfacet
  facet normal -0 0 1
    outer loop
      vertex 50.1482 -31.6935 6
      vertex 52 -40 6
      vertex 50.2952 -31.6742 6
    endloop
  endfacet
  facet normal -0 0 1
    outer loop
      vertex 50 -31.7 6
      vertex 52 -40 6
      vertex 50.1482 -31.6935 6
    endloop
  endfacet
  facet normal 0 0 1
    outer loop
      vertex 49.8518 -31.6935 6
      vertex 52 -40 6
      vertex 50 -31.7 6
    endloop
  endfacet
  facet normal 0 0 1
    outer loop
      vertex 49.7048 -31.6742 6
      vertex 52 -40 6
      vertex 49.8518 -31.6935 6
    endloop
  endfacet
  facet normal 0 0 1
    outer loop
      vertex 49.56 -31.6421 6
      vertex 52 -40 6
      vertex 49.7048 -31.6742 6
    endloop
  endfacet
  facet normal 0 0 1
    outer loop
      vertex 49.4186 -31.5975 6
      vertex 52 -40 6
      vertex 49.56 -31.6421 6
    endloop
  endfacet
  facet normal 0 0 1
    outer loop
      vertex 49.2815 -31.5407 6
      vertex 52 -40 6
      vertex 49.4186 -31.5975 6
    endloop
  endfacet
  facet normal 0 0 1
    outer loop
      vertex 49.15 -31.4722 6
      vertex 52 -40 6
      vertex 49.2815 -31.5407 6
    endloop
  endfacet
  facet normal 0 0 1
    outer loop
      vertex 49.0249 -31.3926 6
      vertex 52 -40 6
      vertex 49.15 -31.4722 6
    endloop
  endfacet
  facet normal 0 0 1
    outer loop
      vertex 48.9073 -31.3023 6
      vertex 52 -40 6
      vertex 49.0249 -31.3926 6
    endloop
  endfacet
  facet normal 0 0 1
    outer loop
      vertex 48.7979 -31.2021 6
      vertex 52 -40 6
      vertex 48.9073 -31.3023 6
    endloop
  endfacet
  facet normal 0 0 1
    outer loop
      vertex 48.6977 -31.0927 6
      vertex 52 -40 6
      vertex 48.7979 -31.2021 6
    endloop
  endfacet
  facet normal 0 0 1
    outer loop
      vertex 48.6074 -30.9751 6
      vertex 52 -40 6
      vertex 48.6977 -31.0927 6
    endloop
  endfacet
  facet normal 0 0 1
    outer loop
      vertex 48.5278 -30.85 6
      vertex 52 -40 6
      vertex 48.6074 -30.9751 6
    endloop
  endfacet
  facet normal 0 0 1
    outer loop
      vertex 13.8211 -24.3142 6
      vertex 48.5278 -30.85 6
      vertex 48.4593 -30.7185 6
    endloop
  endfacet
  facet normal 0 0 1
    outer loop
      vertex 14.0784 -24.0784 6
      vertex 48.4593 -30.7185 6
      vertex 48.4025 -30.5814 6
    endloop
  endfacet
  facet normal -0 0 1
    outer loop
      vertex 15.2348 -21.5986 6
      vertex 48.4593 -29.2815 6
      vertex 15.25 -21.25 6
    endloop
  endfacet
  facet normal 0 0 1
    outer loop
      vertex 48.4593 -29.2815 6
      vertex 15.2348 -21.5986 6
      vertex 48.4025 -29.4186 6
    endloop
  endfacet
  facet normal -0 0 1
    outer loop
      vertex 15.1892 -21.9446 6
      vertex 48.4025 -29.4186 6
      vertex 15.2348 -21.5986 6
    endloop
  endfacet
  facet normal 0 0 1
    outer loop
      vertex 48.4025 -29.4186 6
      vertex 15.1892 -21.9446 6
      vertex 48.3579 -29.56 6
    endloop
  endfacet
  facet normal 0 0 1
    outer loop
      vertex 48.3579 -29.56 6
      vertex 15.1892 -21.9446 6
      vertex 48.3258 -29.7048 6
    endloop
  endfacet
  facet normal -0 0 1
    outer loop
      vertex 15.1137 -22.2853 6
      vertex 48.3258 -29.7048 6
      vertex 15.1892 -21.9446 6
    endloop
  endfacet
  facet normal 0 0 1
    outer loop
      vertex 48.3258 -29.7048 6
      vertex 15.1137 -22.2853 6
      vertex 48.3065 -29.8518 6
    endloop
  endfacet
  facet normal -0 0 1
    outer loop
      vertex 15.0088 -22.6181 6
      vertex 48.3065 -29.8518 6
      vertex 15.1137 -22.2853 6
    endloop
  endfacet
  facet normal 0 0 1
    outer loop
      vertex 48.3065 -29.8518 6
      vertex 15.0088 -22.6181 6
      vertex 48.3 -30 6
    endloop
  endfacet
  facet normal -0 0 1
    outer loop
      vertex 14.8752 -22.9405 6
      vertex 48.3 -30 6
      vertex 15.0088 -22.6181 6
    endloop
  endfacet
  facet normal 0 0 1
    outer loop
      vertex 48.3 -30 6
      vertex 14.8752 -22.9405 6
      vertex 48.3065 -30.1482 6
    endloop
  endfacet
  facet normal -0 0 1
    outer loop
      vertex 14.7141 -23.25 6
      vertex 48.3065 -30.1482 6
      vertex 14.8752 -22.9405 6
    endloop
  endfacet
  facet normal 0 0 1
    outer loop
      vertex 48.3065 -30.1482 6
      vertex 14.7141 -23.25 6
      vertex 48.3258 -30.2952 6
    endloop
  endfacet
  facet normal -0 0 1
    outer loop
      vertex 14.5266 -23.5443 6
      vertex 48.3258 -30.2952 6
      vertex 14.7141 -23.25 6
    endloop
  endfacet
  facet normal 0 0 1
    outer loop
      vertex 48.3258 -30.2952 6
      vertex 14.5266 -23.5443 6
      vertex 48.3579 -30.44 6
    endloop
  endfacet
  facet normal -0 0 1
    outer loop
      vertex 14.3142 -23.8211 6
      vertex 48.3579 -30.44 6
      vertex 14.5266 -23.5443 6
    endloop
  endfacet
  facet normal 0 0 1
    outer loop
      vertex 48.3579 -30.44 6
      vertex 14.3142 -23.8211 6
      vertex 48.4025 -30.5814 6
    endloop
  endfacet
  facet normal -0 0 1
    outer loop
      vertex 14.0784 -24.0784 6
      vertex 48.4025 -30.5814 6
      vertex 14.3142 -23.8211 6
    endloop
  endfacet
  facet normal 0 0 1
    outer loop
      vertex 48.4593 -30.7185 6
      vertex 14.0784 -24.0784 6
      vertex 13.8211 -24.3142 6
    endloop
  endfacet
  facet normal 0 0 1
    outer loop
      vertex 48.5278 -30.85 6
      vertex 13.8211 -24.3142 6
      vertex 13.5443 -24.5266 6
    endloop
  endfacet
  facet normal 0 0 1
    outer loop
      vertex 48.5278 -30.85 6
      vertex 13.5443 -24.5266 6
      vertex 52 -40 6
    endloop
  endfacet
  facet normal -0 0 1
    outer loop
      vertex 13.25 -24.7141 6
      vertex 52 -40 6
      vertex 13.5443 -24.5266 6
    endloop
  endfacet
  facet normal -0 0 1
    outer loop
      vertex 12.9405 -24.8752 6
      vertex 52 -40 6
      vertex 13.25 -24.7141 6
    endloop
  endfacet
  facet normal -0 0 1
    outer loop
      vertex 12.6181 -25.0088 6
      vertex 52 -40 6
      vertex 12.9405 -24.8752 6
    endloop
  endfacet
  facet normal -0 0 1
    outer loop
      vertex 12.2853 -25.1137 6
      vertex 52 -40 6
      vertex 12.6181 -25.0088 6
    endloop
  endfacet
  facet normal -0 0 1
    outer loop
      vertex 11.9446 -25.1892 6
      vertex 52 -40 6
      vertex 12.2853 -25.1137 6
    endloop
  endfacet
  facet normal -0 0 1
    outer loop
      vertex 11.5986 -25.2348 6
      vertex 52 -40 6
      vertex 11.9446 -25.1892 6
    endloop
  endfacet
  facet normal -0 0 1
    outer loop
      vertex 11.25 -25.25 6
      vertex 52 -40 6
      vertex 11.5986 -25.2348 6
    endloop
  endfacet
  facet normal -0 0 1
    outer loop
      vertex 5 -25.25 6
      vertex 52 -40 6
      vertex 11.25 -25.25 6
    endloop
  endfacet
  facet normal -0 0 1
    outer loop
      vertex 1.39449 -15.9391 6
      vertex 5 -20.95 6
      vertex 2.77837 -15.7569 6
    endloop
  endfacet
  facet normal -0 0 1
    outer loop
      vertex 0 -16 6
      vertex 5 -20.95 6
      vertex 1.39449 -15.9391 6
    endloop
  endfacet
  facet normal 0 0 1
    outer loop
      vertex -5 -20.95 6
      vertex 5 -20.95 6
      vertex 0 -16 6
    endloop
  endfacet
  facet normal 0 0 1
    outer loop
      vertex -5 -20.95 6
      vertex 0 -16 6
      vertex -1.39449 -15.9391 6
    endloop
  endfacet
  facet normal 0 0 1
    outer loop
      vertex -5 -20.95 6
      vertex -1.39449 -15.9391 6
      vertex -2.77837 -15.7569 6
    endloop
  endfacet
  facet normal 0 0 1
    outer loop
      vertex -5 -20.95 6
      vertex -2.77837 -15.7569 6
      vertex -4.1411 -15.4548 6
    endloop
  endfacet
  facet normal 0 0 1
    outer loop
      vertex 5 -20.95 6
      vertex -5 -20.95 6
      vertex 5 -25.25 6
    endloop
  endfacet
  facet normal 0 0 1
    outer loop
      vertex -5 -25.25 6
      vertex 5 -25.25 6
      vertex -5 -20.95 6
    endloop
  endfacet
  facet normal -0 0 1
    outer loop
      vertex -5 -25.25 6
      vertex 52 -40 6
      vertex 5 -25.25 6
    endloop
  endfacet
  facet normal 0 0 1
    outer loop
      vertex -52 -40 6
      vertex -5 -25.25 6
      vertex -11.25 -25.25 6
    endloop
  endfacet
  facet normal 0 0 1
    outer loop
      vertex -52 -40 6
      vertex -11.25 -25.25 6
      vertex -11.5986 -25.2348 6
    endloop
  endfacet
  facet normal 0 0 1
    outer loop
      vertex -52 -40 6
      vertex -11.5986 -25.2348 6
      vertex -11.9446 -25.1892 6
    endloop
  endfacet
  facet normal 0 0 1
    outer loop
      vertex -52 -40 6
      vertex -11.9446 -25.1892 6
      vertex -12.2853 -25.1137 6
    endloop
  endfacet
  facet normal 0 0 1
    outer loop
      vertex -48.3 -30 6
      vertex -15.4548 -4.1411 6
      vertex -15.7569 -2.77837 6
    endloop
  endfacet
  facet normal 0 0 1
    outer loop
      vertex -48.3 -30 6
      vertex -15.7569 -2.77837 6
      vertex -15.9391 -1.39449 6
    endloop
  endfacet
  facet normal 0 0 1
    outer loop
      vertex -48.3 -30 6
      vertex -15.9391 -1.39449 6
      vertex -16 0 6
    endloop
  endfacet
  facet normal -0 0 1
    outer loop
      vertex -48.5278 29.15 6
      vertex -15.25 21.25 6
      vertex -48.4593 29.2815 6
    endloop
  endfacet
  facet normal 0 0 1
    outer loop
      vertex -15.25 -4.79069 6
      vertex -48.3 -30 6
      vertex -15.25 -21.25 6
    endloop
  endfacet
  facet normal 0 0 1
    outer loop
      vertex -15.25 -21.25 6
      vertex -48.3 -30 6
      vertex -15.2348 -21.5986 6
    endloop
  endfacet
  facet normal 0 0 1
    outer loop
      vertex -15.2348 -21.5986 6
      vertex -48.3 -30 6
      vertex -15.1892 -21.9446 6
    endloop
  endfacet
  facet normal 0 0 1
    outer loop
      vertex -15.1892 -21.9446 6
      vertex -48.3 -30 6
      vertex -15.1137 -22.2853 6
    endloop
  endfacet
  facet normal 0 0 1
    outer loop
      vertex -15.1137 -22.2853 6
      vertex -48.3 -30 6
      vertex -15.0088 -22.6181 6
    endloop
  endfacet
  facet normal 0 0 1
    outer loop
      vertex -15.0088 -22.6181 6
      vertex -48.3 -30 6
      vertex -14.8752 -22.9405 6
    endloop
  endfacet
  facet normal 0 0 1
    outer loop
      vertex -48.3065 -30.1482 6
      vertex -14.8752 -22.9405 6
      vertex -48.3 -30 6
    endloop
  endfacet
  facet normal 0 0 1
    outer loop
      vertex -14.8752 -22.9405 6
      vertex -48.3065 -30.1482 6
      vertex -14.7141 -23.25 6
    endloop
  endfacet
  facet normal 0 0 1
    outer loop
      vertex -48.3258 -30.2952 6
      vertex -14.7141 -23.25 6
      vertex -48.3065 -30.1482 6
    endloop
  endfacet
  facet normal 0 0 1
    outer loop
      vertex -14.7141 -23.25 6
      vertex -48.3258 -30.2952 6
      vertex -14.5266 -23.5443 6
    endloop
  endfacet
  facet normal 0 0 1
    outer loop
      vertex -48.3579 -30.44 6
      vertex -14.5266 -23.5443 6
      vertex -48.3258 -30.2952 6
    endloop
  endfacet
  facet normal 0 0 1
    outer loop
      vertex -14.5266 -23.5443 6
      vertex -48.3579 -30.44 6
      vertex -14.3142 -23.8211 6
    endloop
  endfacet
  facet normal 0 0 1
    outer loop
      vertex -48.4025 -30.5814 6
      vertex -14.3142 -23.8211 6
      vertex -48.3579 -30.44 6
    endloop
  endfacet
  facet normal 0 0 1
    outer loop
      vertex -14.3142 -23.8211 6
      vertex -48.4025 -30.5814 6
      vertex -14.0784 -24.0784 6
    endloop
  endfacet
  facet normal 0 0 1
    outer loop
      vertex -48.4593 -30.7185 6
      vertex -14.0784 -24.0784 6
      vertex -48.4025 -30.5814 6
    endloop
  endfacet
  facet normal 0 0 1
    outer loop
      vertex -14.0784 -24.0784 6
      vertex -48.4593 -30.7185 6
      vertex -13.8211 -24.3142 6
    endloop
  endfacet
  facet normal 0 0 1
    outer loop
      vertex -48.5278 -30.85 6
      vertex -13.8211 -24.3142 6
      vertex -48.4593 -30.7185 6
    endloop
  endfacet
  facet normal 0 0 1
    outer loop
      vertex -13.8211 -24.3142 6
      vertex -48.5278 -30.85 6
      vertex -13.5443 -24.5266 6
    endloop
  endfacet
  facet normal 0 0 1
    outer loop
      vertex -52 -40 6
      vertex -13.5443 -24.5266 6
      vertex -48.5278 -30.85 6
    endloop
  endfacet
  facet normal 0 0 1
    outer loop
      vertex -13.5443 -24.5266 6
      vertex -52 -40 6
      vertex -13.25 -24.7141 6
    endloop
  endfacet
  facet normal 0 0 1
    outer loop
      vertex -13.25 -24.7141 6
      vertex -52 -40 6
      vertex -12.9405 -24.8752 6
    endloop
  endfacet
  facet normal 0 0 1
    outer loop
      vertex -12.9405 -24.8752 6
      vertex -52 -40 6
      vertex -12.6181 -25.0088 6
    endloop
  endfacet
  facet normal 0 0 1
    outer loop
      vertex -12.6181 -25.0088 6
      vertex -52 -40 6
      vertex -12.2853 -25.1137 6
    endloop
  endfacet
  facet normal 0 0 1
    outer loop
      vertex -52 -40 6
      vertex -48.5278 -30.85 6
      vertex -48.6074 -30.9751 6
    endloop
  endfacet
  facet normal 0 0 1
    outer loop
      vertex -52 -40 6
      vertex -48.6074 -30.9751 6
      vertex -48.6977 -31.0927 6
    endloop
  endfacet
  facet normal 0 0 1
    outer loop
      vertex -52 -40 6
      vertex -48.6977 -31.0927 6
      vertex -48.7979 -31.2021 6
    endloop
  endfacet
  facet normal 0 0 1
    outer loop
      vertex -52 -40 6
      vertex -48.7979 -31.2021 6
      vertex -48.9073 -31.3023 6
    endloop
  endfacet
  facet normal 0 0 1
    outer loop
      vertex -52 -40 6
      vertex -48.9073 -31.3023 6
      vertex -49.0249 -31.3926 6
    endloop
  endfacet
  facet normal 0 0 1
    outer loop
      vertex -52 -40 6
      vertex -49.0249 -31.3926 6
      vertex -49.15 -31.4722 6
    endloop
  endfacet
  facet normal 0 0 1
    outer loop
      vertex -52 -40 6
      vertex -49.15 -31.4722 6
      vertex -49.2815 -31.5407 6
    endloop
  endfacet
  facet normal 0 0 1
    outer loop
      vertex -52 -40 6
      vertex -49.2815 -31.5407 6
      vertex -49.4186 -31.5975 6
    endloop
  endfacet
  facet normal 0 0 1
    outer loop
      vertex -52 -40 6
      vertex -49.4186 -31.5975 6
      vertex -49.56 -31.6421 6
    endloop
  endfacet
  facet normal 0 0 1
    outer loop
      vertex -52 -40 6
      vertex -49.56 -31.6421 6
      vertex -49.7048 -31.6742 6
    endloop
  endfacet
  facet normal 0 0 1
    outer loop
      vertex -52 -40 6
      vertex -49.7048 -31.6742 6
      vertex -49.8518 -31.6935 6
    endloop
  endfacet
  facet normal 0 0 1
    outer loop
      vertex -52 -40 6
      vertex -49.8518 -31.6935 6
      vertex -50 -31.7 6
    endloop
  endfacet
  facet normal 0 0 1
    outer loop
      vertex -52 -40 6
      vertex -50 -31.7 6
      vertex -50.1482 -31.6935 6
    endloop
  endfacet
  facet normal 0 0 1
    outer loop
      vertex -5 -25.25 6
      vertex -52 -40 6
      vertex 52 -40 6
    endloop
  endfacet
  facet normal 0 0 1
    outer loop
      vertex -50.2952 -31.6742 6
      vertex -52 -40 6
      vertex -50.1482 -31.6935 6
    endloop
  endfacet
  facet normal 0 0 1
    outer loop
      vertex -50.44 -31.6421 6
      vertex -52 -40 6
      vertex -50.2952 -31.6742 6
    endloop
  endfacet
  facet normal 0 0 1
    outer loop
      vertex -50.5814 -31.5975 6
      vertex -52 -40 6
      vertex -50.44 -31.6421 6
    endloop
  endfacet
  facet normal 0 0 1
    outer loop
      vertex -52.6972 -39.9696 6
      vertex -50.5814 -31.5975 6
      vertex -50.7185 -31.5407 6
    endloop
  endfacet
  facet normal 0 0 1
    outer loop
      vertex -54.0706 -39.7274 6
      vertex -50.7185 -31.5407 6
      vertex -50.85 -31.4722 6
    endloop
  endfacet
  facet normal 0 0 1
    outer loop
      vertex -54.7362 -39.5175 6
      vertex -50.85 -31.4722 6
      vertex -50.9751 -31.3926 6
    endloop
  endfacet
  facet normal 0 0 1
    outer loop
      vertex -56 -38.9282 6
      vertex -50.9751 -31.3926 6
      vertex -51.0927 -31.3023 6
    endloop
  endfacet
  facet normal 0 0 1
    outer loop
      vertex -57.1423 -38.1284 6
      vertex -51.0927 -31.3023 6
      vertex -51.2021 -31.2021 6
    endloop
  endfacet
  facet normal 0 0 1
    outer loop
      vertex -58.1284 -37.1423 6
      vertex -51.2021 -31.2021 6
      vertex -51.3023 -31.0927 6
    endloop
  endfacet
  facet normal 0 0 1
    outer loop
      vertex -58.9282 -36 6
      vertex -51.3023 -31.0927 6
      vertex -51.3926 -30.9751 6
    endloop
  endfacet
  facet normal 0 0 1
    outer loop
      vertex -59.2505 -35.3809 6
      vertex -51.3926 -30.9751 6
      vertex -51.4722 -30.85 6
    endloop
  endfacet
  facet normal 0 0 1
    outer loop
      vertex -59.7274 -34.0706 6
      vertex -51.4722 -30.85 6
      vertex -51.5407 -30.7185 6
    endloop
  endfacet
  facet normal 0 0 1
    outer loop
      vertex -59.9696 -32.6972 6
      vertex -51.5407 -30.7185 6
      vertex -51.5975 -30.5814 6
    endloop
  endfacet
  facet normal 0 0 1
    outer loop
      vertex -60 -32 6
      vertex -51.5975 -30.5814 6
      vertex -51.6421 -30.44 6
    endloop
  endfacet
  facet normal 0 0 1
    outer loop
      vertex -60 -32 6
      vertex -51.6421 -30.44 6
      vertex -51.6742 -30.2952 6
    endloop
  endfacet
  facet normal 0 0 1
    outer loop
      vertex -60 -32 6
      vertex -51.6742 -30.2952 6
      vertex -51.6935 -30.1482 6
    endloop
  endfacet
  facet normal 0 0 1
    outer loop
      vertex -60 -32 6
      vertex -51.6935 -30.1482 6
      vertex -51.7 -30 6
    endloop
  endfacet
  facet normal 0 0 1
    outer loop
      vertex -51.6742 -29.7048 6
      vertex -60 -32 6
      vertex -51.6935 -29.8518 6
    endloop
  endfacet
  facet normal 0 0 1
    outer loop
      vertex -51.2021 31.2021 6
      vertex -58.1284 37.1423 6
      vertex -51.3023 31.0927 6
    endloop
  endfacet
  facet normal 0 0 1
    outer loop
      vertex -51.6935 -29.8518 6
      vertex -60 -32 6
      vertex -51.7 -30 6
    endloop
  endfacet
  facet normal -0 0 1
    outer loop
      vertex -58.5532 36.5886 6
      vertex -51.3023 31.0927 6
      vertex -58.1284 37.1423 6
    endloop
  endfacet
  facet normal 0 0 1
    outer loop
      vertex -51.5975 -30.5814 6
      vertex -60 -32 6
      vertex -59.9696 -32.6972 6
    endloop
  endfacet
  facet normal -0 0 1
    outer loop
      vertex -58.9282 36 6
      vertex -51.3023 31.0927 6
      vertex -58.5532 36.5886 6
    endloop
  endfacet
  facet normal 0 0 1
    outer loop
      vertex -50.5814 -31.5975 6
      vertex -52.6972 -39.9696 6
      vertex -52 -40 6
    endloop
  endfacet
  facet normal 0 0 1
    outer loop
      vertex -51.3023 31.0927 6
      vertex -58.9282 36 6
      vertex -51.3926 30.9751 6
    endloop
  endfacet
  facet normal 0 0 1
    outer loop
      vertex -50.7185 -31.5407 6
      vertex -53.3892 -39.8785 6
      vertex -52.6972 -39.9696 6
    endloop
  endfacet
  facet normal -0 0 1
    outer loop
      vertex -59.2505 35.3809 6
      vertex -51.3926 30.9751 6
      vertex -58.9282 36 6
    endloop
  endfacet
  facet normal 0 0 1
    outer loop
      vertex -50.7185 -31.5407 6
      vertex -54.0706 -39.7274 6
      vertex -53.3892 -39.8785 6
    endloop
  endfacet
  facet normal 0 0 1
    outer loop
      vertex -51.3926 30.9751 6
      vertex -59.2505 35.3809 6
      vertex -51.4722 30.85 6
    endloop
  endfacet
  facet normal 0 0 1
    outer loop
      vertex -50.85 -31.4722 6
      vertex -54.7362 -39.5175 6
      vertex -54.0706 -39.7274 6
    endloop
  endfacet
  facet normal -0 0 1
    outer loop
      vertex -59.5175 34.7362 6
      vertex -51.4722 30.85 6
      vertex -59.2505 35.3809 6
    endloop
  endfacet
  facet normal 0 0 1
    outer loop
      vertex -50.9751 -31.3926 6
      vertex -55.3809 -39.2505 6
      vertex -54.7362 -39.5175 6
    endloop
  endfacet
  facet normal -0 0 1
    outer loop
      vertex -59.7274 34.0706 6
      vertex -51.4722 30.85 6
      vertex -59.5175 34.7362 6
    endloop
  endfacet
  facet normal 0 0 1
    outer loop
      vertex -50.9751 -31.3926 6
      vertex -56 -38.9282 6
      vertex -55.3809 -39.2505 6
    endloop
  endfacet
  facet normal 0 0 1
    outer loop
      vertex -51.4722 30.85 6
      vertex -59.7274 34.0706 6
      vertex -51.5407 30.7185 6
    endloop
  endfacet
  facet normal 0 0 1
    outer loop
      vertex -51.0927 -31.3023 6
      vertex -56.5886 -38.5532 6
      vertex -56 -38.9282 6
    endloop
  endfacet
  facet normal -0 0 1
    outer loop
      vertex -59.8785 33.3892 6
      vertex -51.5407 30.7185 6
      vertex -59.7274 34.0706 6
    endloop
  endfacet
  facet normal 0 0 1
    outer loop
      vertex -51.0927 -31.3023 6
      vertex -57.1423 -38.1284 6
      vertex -56.5886 -38.5532 6
    endloop
  endfacet
  facet normal -0 0 1
    outer loop
      vertex -59.9696 32.6972 6
      vertex -51.5407 30.7185 6
      vertex -59.8785 33.3892 6
    endloop
  endfacet
  facet normal 0 0 1
    outer loop
      vertex -51.2021 -31.2021 6
      vertex -57.6569 -37.6569 6
      vertex -57.1423 -38.1284 6
    endloop
  endfacet
  facet normal 0 0 1
    outer loop
      vertex -51.5407 30.7185 6
      vertex -59.9696 32.6972 6
      vertex -51.5975 30.5814 6
    endloop
  endfacet
  facet normal 0 0 1
    outer loop
      vertex -51.2021 -31.2021 6
      vertex -58.1284 -37.1423 6
      vertex -57.6569 -37.6569 6
    endloop
  endfacet
  facet normal -0 0 1
    outer loop
      vertex -60 32 6
      vertex -51.5975 30.5814 6
      vertex -59.9696 32.6972 6
    endloop
  endfacet
  facet normal 0 0 1
    outer loop
      vertex -51.3023 -31.0927 6
      vertex -58.5532 -36.5886 6
      vertex -58.1284 -37.1423 6
    endloop
  endfacet
  facet normal 0 0 1
    outer loop
      vertex -51.5975 30.5814 6
      vertex -60 32 6
      vertex -51.6421 30.44 6
    endloop
  endfacet
  facet normal 0 0 1
    outer loop
      vertex -51.3023 -31.0927 6
      vertex -58.9282 -36 6
      vertex -58.5532 -36.5886 6
    endloop
  endfacet
  facet normal 0 0 1
    outer loop
      vertex -51.6421 30.44 6
      vertex -60 32 6
      vertex -51.6742 30.2952 6
    endloop
  endfacet
  facet normal 0 0 1
    outer loop
      vertex -51.3926 -30.9751 6
      vertex -59.2505 -35.3809 6
      vertex -58.9282 -36 6
    endloop
  endfacet
  facet normal 0 0 1
    outer loop
      vertex -51.6742 30.2952 6
      vertex -60 32 6
      vertex -51.6935 30.1482 6
    endloop
  endfacet
  facet normal 0 0 1
    outer loop
      vertex -51.4722 -30.85 6
      vertex -59.5175 -34.7362 6
      vertex -59.2505 -35.3809 6
    endloop
  endfacet
  facet normal 0 0 1
    outer loop
      vertex -51.6935 30.1482 6
      vertex -60 32 6
      vertex -51.7 30 6
    endloop
  endfacet
  facet normal 0 0 1
    outer loop
      vertex -51.4722 -30.85 6
      vertex -59.7274 -34.0706 6
      vertex -59.5175 -34.7362 6
    endloop
  endfacet
  facet normal 0 0 1
    outer loop
      vertex -51.5407 -30.7185 6
      vertex -59.8785 -33.3892 6
      vertex -59.7274 -34.0706 6
    endloop
  endfacet
  facet normal 0 0 1
    outer loop
      vertex -51.5407 -30.7185 6
      vertex -59.9696 -32.6972 6
      vertex -59.8785 -33.3892 6
    endloop
  endfacet
  facet normal 0 0 1
    outer loop
      vertex 49.0249 28.6074 6
      vertex 15.25 4.79069 6
      vertex 15.4548 4.1411 6
    endloop
  endfacet
  facet normal 0 0 1
    outer loop
      vertex 10.95 20.95 6
      vertex 10.2846 12.2567 6
      vertex 10.95 11.647 6
    endloop
  endfacet
  facet normal 0 0 1
    outer loop
      vertex 10.95 20.95 6
      vertex 9.17722 13.1064 6
      vertex 10.2846 12.2567 6
    endloop
  endfacet
  facet normal 0 0 1
    outer loop
      vertex 10.95 20.95 6
      vertex 8 13.8564 6
      vertex 9.17722 13.1064 6
    endloop
  endfacet
  facet normal 0 0 1
    outer loop
      vertex 10.95 20.95 6
      vertex 6.76189 14.5009 6
      vertex 8 13.8564 6
    endloop
  endfacet
  facet normal -0 0 1
    outer loop
      vertex 5 20.95 6
      vertex 6.76189 14.5009 6
      vertex 10.95 20.95 6
    endloop
  endfacet
  facet normal 0 0 1
    outer loop
      vertex 6.76189 14.5009 6
      vertex 5 20.95 6
      vertex 5.47232 15.0351 6
    endloop
  endfacet
  facet normal 0 0 1
    outer loop
      vertex 5.47232 15.0351 6
      vertex 5 20.95 6
      vertex 4.1411 15.4548 6
    endloop
  endfacet
  facet normal 0 0 1
    outer loop
      vertex -5.47232 -15.0351 6
      vertex -5 -20.95 6
      vertex -4.1411 -15.4548 6
    endloop
  endfacet
  facet normal 0 0 1
    outer loop
      vertex -6.76189 -14.5009 6
      vertex -5 -20.95 6
      vertex -5.47232 -15.0351 6
    endloop
  endfacet
  facet normal 0 0 1
    outer loop
      vertex -10.95 -20.95 6
      vertex -6.76189 -14.5009 6
      vertex -8 -13.8564 6
    endloop
  endfacet
  facet normal 0 0 1
    outer loop
      vertex -10.95 -20.95 6
      vertex -8 -13.8564 6
      vertex -9.17722 -13.1064 6
    endloop
  endfacet
  facet normal 0 0 1
    outer loop
      vertex -10.95 -20.95 6
      vertex -9.17722 -13.1064 6
      vertex -10.2846 -12.2567 6
    endloop
  endfacet
  facet normal 0 0 1
    outer loop
      vertex -10.95 -20.95 6
      vertex -10.2846 -12.2567 6
      vertex -10.95 -11.647 6
    endloop
  endfacet
  facet normal 0 0 1
    outer loop
      vertex -6.76189 -14.5009 6
      vertex -10.95 -20.95 6
      vertex -5 -20.95 6
    endloop
  endfacet
  facet normal 0 0 1
    outer loop
      vertex -2.77837 15.7569 6
      vertex -5 20.95 6
      vertex -4.1411 15.4548 6
    endloop
  endfacet
  facet normal 0 0 1
    outer loop
      vertex -5 20.95 6
      vertex -5.47232 15.0351 6
      vertex -4.1411 15.4548 6
    endloop
  endfacet
  facet normal 0 0 1
    outer loop
      vertex -5 20.95 6
      vertex -6.76189 14.5009 6
      vertex -5.47232 15.0351 6
    endloop
  endfacet
  facet normal -0 0 1
    outer loop
      vertex -10.95 20.95 6
      vertex -6.76189 14.5009 6
      vertex -5 20.95 6
    endloop
  endfacet
  facet normal 0 0 1
    outer loop
      vertex -6.76189 14.5009 6
      vertex -10.95 20.95 6
      vertex -8 13.8564 6
    endloop
  endfacet
  facet normal 0 0 1
    outer loop
      vertex -8 13.8564 6
      vertex -10.95 20.95 6
      vertex -9.17722 13.1064 6
    endloop
  endfacet
  facet normal 0 0 1
    outer loop
      vertex -9.17722 13.1064 6
      vertex -10.95 20.95 6
      vertex -10.2846 12.2567 6
    endloop
  endfacet
  facet normal 0 0 1
    outer loop
      vertex -10.2846 12.2567 6
      vertex -10.95 20.95 6
      vertex -10.95 11.647 6
    endloop
  endfacet
  facet normal 0 0 -1
    outer loop
      vertex -12.2567 -10.2846 6
      vertex -10.95 -11.647 6
      vertex -11.3137 -11.3137 6
    endloop
  endfacet
  facet normal 0 0 -1
    outer loop
      vertex -10.95 -11.647 6
      vertex -12.2567 -10.2846 6
      vertex -10.95 11.647 6
    endloop
  endfacet
  facet normal 0 0 -1
    outer loop
      vertex -12.2567 10.2846 6
      vertex -10.95 11.647 6
      vertex -12.2567 -10.2846 6
    endloop
  endfacet
  facet normal 0 0 -1
    outer loop
      vertex -10.95 11.647 6
      vertex -12.2567 10.2846 6
      vertex -11.3137 11.3137 6
    endloop
  endfacet
  facet normal 0 0 -1
    outer loop
      vertex -13.1064 -9.17722 6
      vertex -12.2567 10.2846 6
      vertex -12.2567 -10.2846 6
    endloop
  endfacet
  facet normal 0 0 -1
    outer loop
      vertex -13.1064 -9.17722 6
      vertex -13.1064 9.17722 6
      vertex -12.2567 10.2846 6
    endloop
  endfacet
  facet normal 0 0 -1
    outer loop
      vertex -13.8564 -8 6
      vertex -13.1064 9.17722 6
      vertex -13.1064 -9.17722 6
    endloop
  endfacet
  facet normal 0 0 -1
    outer loop
      vertex -13.8564 -8 6
      vertex -13.8564 8 6
      vertex -13.1064 9.17722 6
    endloop
  endfacet
  facet normal 0 0 -1
    outer loop
      vertex -14.5009 -6.76189 6
      vertex -13.8564 8 6
      vertex -13.8564 -8 6
    endloop
  endfacet
  facet normal 0 0 -1
    outer loop
      vertex -14.5009 -6.76189 6
      vertex -14.5009 6.76189 6
      vertex -13.8564 8 6
    endloop
  endfacet
  facet normal 0 0 -1
    outer loop
      vertex -15.25 -4.79069 6
      vertex -14.5009 -6.76189 6
      vertex -15.0351 -5.47232 6
    endloop
  endfacet
  facet normal 0 0 -1
    outer loop
      vertex -14.5009 -6.76189 6
      vertex -15.25 -4.79069 6
      vertex -14.5009 6.76189 6
    endloop
  endfacet
  facet normal 0 0 -1
    outer loop
      vertex -15.25 4.79069 6
      vertex -14.5009 6.76189 6
      vertex -15.25 -4.79069 6
    endloop
  endfacet
  facet normal 0 0 -1
    outer loop
      vertex -14.5009 6.76189 6
      vertex -15.25 4.79069 6
      vertex -15.0351 5.47232 6
    endloop
  endfacet
  facet normal 0 0 -1
    outer loop
      vertex 14.5009 -6.76189 6
      vertex 15.25 -4.79069 6
      vertex 15.0351 -5.47232 6
    endloop
  endfacet
  facet normal -0 0 -1
    outer loop
      vertex 15.25 -4.79069 6
      vertex 14.5009 -6.76189 6
      vertex 15.25 4.79069 6
    endloop
  endfacet
  facet normal 0 0 -1
    outer loop
      vertex 14.5009 6.76189 6
      vertex 15.25 4.79069 6
      vertex 14.5009 -6.76189 6
    endloop
  endfacet
  facet normal 0 0 -1
    outer loop
      vertex 15.25 4.79069 6
      vertex 14.5009 6.76189 6
      vertex 15.0351 5.47232 6
    endloop
  endfacet
  facet normal 0 0 -1
    outer loop
      vertex 13.8564 -8 6
      vertex 14.5009 6.76189 6
      vertex 14.5009 -6.76189 6
    endloop
  endfacet
  facet normal 0 0 -1
    outer loop
      vertex 13.8564 -8 6
      vertex 13.8564 8 6
      vertex 14.5009 6.76189 6
    endloop
  endfacet
  facet normal 0 0 -1
    outer loop
      vertex 13.1064 -9.17722 6
      vertex 13.8564 8 6
      vertex 13.8564 -8 6
    endloop
  endfacet
  facet normal 0 0 -1
    outer loop
      vertex 13.1064 -9.17722 6
      vertex 13.1064 9.17722 6
      vertex 13.8564 8 6
    endloop
  endfacet
  facet normal 0 0 -1
    outer loop
      vertex 12.2567 -10.2846 6
      vertex 13.1064 9.17722 6
      vertex 13.1064 -9.17722 6
    endloop
  endfacet
  facet normal 0 0 -1
    outer loop
      vertex 12.2567 -10.2846 6
      vertex 12.2567 10.2846 6
      vertex 13.1064 9.17722 6
    endloop
  endfacet
  facet normal 0 0 -1
    outer loop
      vertex 10.95 -11.647 6
      vertex 12.2567 -10.2846 6
      vertex 11.3137 -11.3137 6
    endloop
  endfacet
  facet normal -0 0 -1
    outer loop
      vertex 12.2567 -10.2846 6
      vertex 10.95 -11.647 6
      vertex 12.2567 10.2846 6
    endloop
  endfacet
  facet normal 0 0 -1
    outer loop
      vertex 10.95 11.647 6
      vertex 12.2567 10.2846 6
      vertex 10.95 -11.647 6
    endloop
  endfacet
  facet normal 0 0 -1
    outer loop
      vertex 12.2567 10.2846 6
      vertex 10.95 11.647 6
      vertex 11.3137 11.3137 6
    endloop
  endfacet
  facet normal 0.976285 0.21649 0
    outer loop
      vertex 59.8785 33.3892 6
      vertex 59.7274 34.0706 0
      vertex 59.7274 34.0706 6
    endloop
  endfacet
  facet normal 0.976285 0.21649 0
    outer loop
      vertex 59.7274 34.0706 0
      vertex 59.8785 33.3892 6
      vertex 59.8785 33.3892 0
    endloop
  endfacet
  facet normal -0.953702 0.300754 0
    outer loop
      vertex -59.7274 34.0706 0
      vertex -59.5175 34.7362 6
      vertex -59.5175 34.7362 0
    endloop
  endfacet
  facet normal -0.953702 0.300754 0
    outer loop
      vertex -59.5175 34.7362 6
      vertex -59.7274 34.0706 0
      vertex -59.7274 34.0706 6
    endloop
  endfacet
  facet normal 0.843378 -0.53732 0
    outer loop
      vertex 58.5532 -36.5886 6
      vertex 58.9282 -36 0
      vertex 58.9282 -36 6
    endloop
  endfacet
  facet normal 0.843378 -0.53732 0
    outer loop
      vertex 58.9282 -36 0
      vertex 58.5532 -36.5886 6
      vertex 58.5532 -36.5886 0
    endloop
  endfacet
  facet normal -0.608699 0.793401 0
    outer loop
      vertex -56.5886 38.5532 0
      vertex -57.1423 38.1284 6
      vertex -56.5886 38.5532 6
    endloop
  endfacet
  facet normal -0.608699 0.793401 0
    outer loop
      vertex -57.1423 38.1284 6
      vertex -56.5886 38.5532 0
      vertex -57.1423 38.1284 0
    endloop
  endfacet
  facet normal -0.130521 0.991446 0
    outer loop
      vertex -52.6972 39.9696 0
      vertex -53.3892 39.8785 6
      vertex -52.6972 39.9696 6
    endloop
  endfacet
  facet normal -0.130521 0.991446 0
    outer loop
      vertex -53.3892 39.8785 6
      vertex -52.6972 39.9696 0
      vertex -53.3892 39.8785 0
    endloop
  endfacet
  facet normal -0.53732 -0.843378 0
    outer loop
      vertex -56.5886 -38.5532 0
      vertex -56 -38.9282 6
      vertex -56.5886 -38.5532 6
    endloop
  endfacet
  facet normal -0.53732 -0.843378 -0
    outer loop
      vertex -56 -38.9282 6
      vertex -56.5886 -38.5532 0
      vertex -56 -38.9282 0
    endloop
  endfacet
  facet normal 0.737309 -0.675556 0
    outer loop
      vertex 57.6569 -37.6569 6
      vertex 58.1284 -37.1423 0
      vertex 58.1284 -37.1423 6
    endloop
  endfacet
  facet normal 0.737309 -0.675556 0
    outer loop
      vertex 58.1284 -37.1423 0
      vertex 57.6569 -37.6569 6
      vertex 57.6569 -37.6569 0
    endloop
  endfacet
  facet normal 0.53732 0.843378 -0
    outer loop
      vertex 56.5886 38.5532 0
      vertex 56 38.9282 6
      vertex 56.5886 38.5532 6
    endloop
  endfacet
  facet normal 0.53732 0.843378 0
    outer loop
      vertex 56 38.9282 6
      vertex 56.5886 38.5532 0
      vertex 56 38.9282 0
    endloop
  endfacet
  facet normal -0.461768 -0.887001 0
    outer loop
      vertex -56 -38.9282 0
      vertex -55.3809 -39.2505 6
      vertex -56 -38.9282 6
    endloop
  endfacet
  facet normal -0.461768 -0.887001 -0
    outer loop
      vertex -55.3809 -39.2505 6
      vertex -56 -38.9282 0
      vertex -55.3809 -39.2505 0
    endloop
  endfacet
  facet normal 0.608699 0.793401 -0
    outer loop
      vertex 57.1423 38.1284 0
      vertex 56.5886 38.5532 6
      vertex 57.1423 38.1284 6
    endloop
  endfacet
  facet normal 0.608699 0.793401 0
    outer loop
      vertex 56.5886 38.5532 6
      vertex 57.1423 38.1284 0
      vertex 56.5886 38.5532 0
    endloop
  endfacet
  facet normal 0.991446 0.130521 0
    outer loop
      vertex 59.9696 32.6972 6
      vertex 59.8785 33.3892 0
      vertex 59.8785 33.3892 6
    endloop
  endfacet
  facet normal 0.991446 0.130521 0
    outer loop
      vertex 59.8785 33.3892 0
      vertex 59.9696 32.6972 6
      vertex 59.9696 32.6972 0
    endloop
  endfacet
  facet normal -0.991446 0.130521 0
    outer loop
      vertex -59.9696 32.6972 0
      vertex -59.8785 33.3892 6
      vertex -59.8785 33.3892 0
    endloop
  endfacet
  facet normal -0.991446 0.130521 0
    outer loop
      vertex -59.8785 33.3892 6
      vertex -59.9696 32.6972 0
      vertex -59.9696 32.6972 6
    endloop
  endfacet
  facet normal 0.923902 -0.38263 0
    outer loop
      vertex 59.2505 -35.3809 6
      vertex 59.5175 -34.7362 0
      vertex 59.5175 -34.7362 6
    endloop
  endfacet
  facet normal 0.923902 -0.38263 0
    outer loop
      vertex 59.5175 -34.7362 0
      vertex 59.2505 -35.3809 6
      vertex 59.2505 -35.3809 0
    endloop
  endfacet
  facet normal 0.953702 -0.300754 0
    outer loop
      vertex 59.5175 -34.7362 6
      vertex 59.7274 -34.0706 0
      vertex 59.7274 -34.0706 6
    endloop
  endfacet
  facet normal 0.953702 -0.300754 0
    outer loop
      vertex 59.7274 -34.0706 0
      vertex 59.5175 -34.7362 6
      vertex 59.5175 -34.7362 0
    endloop
  endfacet
  facet normal 0.0435616 0.999051 -0
    outer loop
      vertex 52.6972 39.9696 0
      vertex 52 40 6
      vertex 52.6972 39.9696 6
    endloop
  endfacet
  facet normal 0.0435616 0.999051 0
    outer loop
      vertex 52 40 6
      vertex 52.6972 39.9696 0
      vertex 52 40 0
    endloop
  endfacet
  facet normal -0.608699 -0.793401 0
    outer loop
      vertex -57.1423 -38.1284 0
      vertex -56.5886 -38.5532 6
      vertex -57.1423 -38.1284 6
    endloop
  endfacet
  facet normal -0.608699 -0.793401 -0
    outer loop
      vertex -56.5886 -38.5532 6
      vertex -57.1423 -38.1284 0
      vertex -56.5886 -38.5532 0
    endloop
  endfacet
  facet normal -0.675556 0.737309 0
    outer loop
      vertex -57.1423 38.1284 0
      vertex -57.6569 37.6569 6
      vertex -57.1423 38.1284 6
    endloop
  endfacet
  facet normal -0.675556 0.737309 0
    outer loop
      vertex -57.6569 37.6569 6
      vertex -57.1423 38.1284 0
      vertex -57.6569 37.6569 0
    endloop
  endfacet
  facet normal -0.0435616 0.999051 0
    outer loop
      vertex -52 40 0
      vertex -52.6972 39.9696 6
      vertex -52 40 6
    endloop
  endfacet
  facet normal -0.0435616 0.999051 0
    outer loop
      vertex -52.6972 39.9696 6
      vertex -52 40 0
      vertex -52.6972 39.9696 0
    endloop
  endfacet
  facet normal -0.38263 0.923902 0
    outer loop
      vertex -54.7362 39.5175 0
      vertex -55.3809 39.2505 6
      vertex -54.7362 39.5175 6
    endloop
  endfacet
  facet normal -0.38263 0.923902 0
    outer loop
      vertex -55.3809 39.2505 6
      vertex -54.7362 39.5175 0
      vertex -55.3809 39.2505 0
    endloop
  endfacet
  facet normal -0.53732 0.843378 0
    outer loop
      vertex -56 38.9282 0
      vertex -56.5886 38.5532 6
      vertex -56 38.9282 6
    endloop
  endfacet
  facet normal -0.53732 0.843378 0
    outer loop
      vertex -56.5886 38.5532 6
      vertex -56 38.9282 0
      vertex -56.5886 38.5532 0
    endloop
  endfacet
  facet normal -0.887001 0.461768 0
    outer loop
      vertex -59.2505 35.3809 0
      vertex -58.9282 36 6
      vertex -58.9282 36 0
    endloop
  endfacet
  facet normal -0.887001 0.461768 0
    outer loop
      vertex -58.9282 36 6
      vertex -59.2505 35.3809 0
      vertex -59.2505 35.3809 6
    endloop
  endfacet
  facet normal 0.130521 0.991446 -0
    outer loop
      vertex 53.3892 39.8785 0
      vertex 52.6972 39.9696 6
      vertex 53.3892 39.8785 6
    endloop
  endfacet
  facet normal 0.130521 0.991446 0
    outer loop
      vertex 52.6972 39.9696 6
      vertex 53.3892 39.8785 0
      vertex 52.6972 39.9696 0
    endloop
  endfacet
  facet normal 0.461768 -0.887001 0
    outer loop
      vertex 55.3809 -39.2505 0
      vertex 56 -38.9282 6
      vertex 55.3809 -39.2505 6
    endloop
  endfacet
  facet normal 0.461768 -0.887001 0
    outer loop
      vertex 56 -38.9282 6
      vertex 55.3809 -39.2505 0
      vertex 56 -38.9282 0
    endloop
  endfacet
  facet normal -0.0435616 -0.999051 0
    outer loop
      vertex -52.6972 -39.9696 0
      vertex -52 -40 6
      vertex -52.6972 -39.9696 6
    endloop
  endfacet
  facet normal -0.0435616 -0.999051 -0
    outer loop
      vertex -52 -40 6
      vertex -52.6972 -39.9696 0
      vertex -52 -40 0
    endloop
  endfacet
  facet normal -0.843378 -0.53732 0
    outer loop
      vertex -58.5532 -36.5886 0
      vertex -58.9282 -36 6
      vertex -58.9282 -36 0
    endloop
  endfacet
  facet normal -0.843378 -0.53732 0
    outer loop
      vertex -58.9282 -36 6
      vertex -58.5532 -36.5886 0
      vertex -58.5532 -36.5886 6
    endloop
  endfacet
  facet normal 0.737309 0.675556 0
    outer loop
      vertex 58.1284 37.1423 6
      vertex 57.6569 37.6569 0
      vertex 57.6569 37.6569 6
    endloop
  endfacet
  facet normal 0.737309 0.675556 0
    outer loop
      vertex 57.6569 37.6569 0
      vertex 58.1284 37.1423 6
      vertex 58.1284 37.1423 0
    endloop
  endfacet
  facet normal -0.38263 -0.923902 0
    outer loop
      vertex -55.3809 -39.2505 0
      vertex -54.7362 -39.5175 6
      vertex -55.3809 -39.2505 6
    endloop
  endfacet
  facet normal -0.38263 -0.923902 -0
    outer loop
      vertex -54.7362 -39.5175 6
      vertex -55.3809 -39.2505 0
      vertex -54.7362 -39.5175 0
    endloop
  endfacet
  facet normal -0.300754 0.953702 0
    outer loop
      vertex -54.0706 39.7274 0
      vertex -54.7362 39.5175 6
      vertex -54.0706 39.7274 6
    endloop
  endfacet
  facet normal -0.300754 0.953702 0
    outer loop
      vertex -54.7362 39.5175 6
      vertex -54.0706 39.7274 0
      vertex -54.7362 39.5175 0
    endloop
  endfacet
  facet normal 0.793401 0.608699 0
    outer loop
      vertex 58.5532 36.5886 6
      vertex 58.1284 37.1423 0
      vertex 58.1284 37.1423 6
    endloop
  endfacet
  facet normal 0.793401 0.608699 0
    outer loop
      vertex 58.1284 37.1423 0
      vertex 58.5532 36.5886 6
      vertex 58.5532 36.5886 0
    endloop
  endfacet
  facet normal 0.843378 0.53732 0
    outer loop
      vertex 58.9282 36 6
      vertex 58.5532 36.5886 0
      vertex 58.5532 36.5886 6
    endloop
  endfacet
  facet normal 0.843378 0.53732 0
    outer loop
      vertex 58.5532 36.5886 0
      vertex 58.9282 36 6
      vertex 58.9282 36 0
    endloop
  endfacet
  facet normal -0 0 -1
    outer loop
      vertex -13.8564 -8 0
      vertex -48.6074 -29.0249 0
      vertex -14.5009 -6.76189 0
    endloop
  endfacet
  facet normal 0 0 -1
    outer loop
      vertex -16 0 0
      vertex -48.3065 29.8518 0
      vertex -48.3 30 0
    endloop
  endfacet
  facet normal 0 0 -1
    outer loop
      vertex -48.6977 -28.9073 0
      vertex -14.5009 -6.76189 0
      vertex -48.6074 -29.0249 0
    endloop
  endfacet
  facet normal 0 0 -1
    outer loop
      vertex -16 0 0
      vertex -48.3258 29.7048 0
      vertex -48.3065 29.8518 0
    endloop
  endfacet
  facet normal 0 0 -1
    outer loop
      vertex -48.7979 -28.7979 0
      vertex -14.5009 -6.76189 0
      vertex -48.6977 -28.9073 0
    endloop
  endfacet
  facet normal 0 0 -1
    outer loop
      vertex -16 0 0
      vertex -48.3579 29.56 0
      vertex -48.3258 29.7048 0
    endloop
  endfacet
  facet normal -0 0 -1
    outer loop
      vertex -14.5009 -6.76189 0
      vertex -48.7979 -28.7979 0
      vertex -15.0351 -5.47232 0
    endloop
  endfacet
  facet normal 0 0 -1
    outer loop
      vertex -16 0 0
      vertex -48.4025 29.4186 0
      vertex -48.3579 29.56 0
    endloop
  endfacet
  facet normal 0 0 -1
    outer loop
      vertex -48.9073 -28.6977 0
      vertex -15.0351 -5.47232 0
      vertex -48.7979 -28.7979 0
    endloop
  endfacet
  facet normal 0 0 -1
    outer loop
      vertex -16 0 0
      vertex -48.4593 29.2815 0
      vertex -48.4025 29.4186 0
    endloop
  endfacet
  facet normal -0 0 -1
    outer loop
      vertex -15.0351 -5.47232 0
      vertex -48.9073 -28.6977 0
      vertex -15.4548 -4.1411 0
    endloop
  endfacet
  facet normal 0 0 -1
    outer loop
      vertex -16 0 0
      vertex -48.5278 29.15 0
      vertex -48.4593 29.2815 0
    endloop
  endfacet
  facet normal 0 0 -1
    outer loop
      vertex -49.0249 -28.6074 0
      vertex -15.4548 -4.1411 0
      vertex -48.9073 -28.6977 0
    endloop
  endfacet
  facet normal 0 0 -1
    outer loop
      vertex -16 0 0
      vertex -48.6074 29.0249 0
      vertex -48.5278 29.15 0
    endloop
  endfacet
  facet normal 0 0 -1
    outer loop
      vertex -49.15 -28.5278 0
      vertex -15.4548 -4.1411 0
      vertex -49.0249 -28.6074 0
    endloop
  endfacet
  facet normal 0 0 -1
    outer loop
      vertex -16 0 0
      vertex -48.6977 28.9073 0
      vertex -48.6074 29.0249 0
    endloop
  endfacet
  facet normal -0 0 -1
    outer loop
      vertex -15.4548 -4.1411 0
      vertex -49.15 -28.5278 0
      vertex -15.7569 -2.77837 0
    endloop
  endfacet
  facet normal 0 0 -1
    outer loop
      vertex -16 0 0
      vertex -48.7979 28.7979 0
      vertex -48.6977 28.9073 0
    endloop
  endfacet
  facet normal 0 0 -1
    outer loop
      vertex -49.2815 -28.4593 0
      vertex -15.7569 -2.77837 0
      vertex -49.15 -28.5278 0
    endloop
  endfacet
  facet normal 0 0 -1
    outer loop
      vertex -16 0 0
      vertex -48.9073 28.6977 0
      vertex -48.7979 28.7979 0
    endloop
  endfacet
  facet normal 0 0 -1
    outer loop
      vertex -49.4186 -28.4025 0
      vertex -15.7569 -2.77837 0
      vertex -49.2815 -28.4593 0
    endloop
  endfacet
  facet normal 0 0 -1
    outer loop
      vertex -16 0 0
      vertex -49.0249 28.6074 0
      vertex -48.9073 28.6977 0
    endloop
  endfacet
  facet normal -0 0 -1
    outer loop
      vertex -15.7569 -2.77837 0
      vertex -49.4186 -28.4025 0
      vertex -15.9391 -1.39449 0
    endloop
  endfacet
  facet normal 0 0 -1
    outer loop
      vertex -16 0 0
      vertex -49.15 28.5278 0
      vertex -49.0249 28.6074 0
    endloop
  endfacet
  facet normal 0 0 -1
    outer loop
      vertex -49.56 -28.3579 0
      vertex -15.9391 -1.39449 0
      vertex -49.4186 -28.4025 0
    endloop
  endfacet
  facet normal 0 0 -1
    outer loop
      vertex -16 0 0
      vertex -49.2815 28.4593 0
      vertex -49.15 28.5278 0
    endloop
  endfacet
  facet normal -0 0 -1
    outer loop
      vertex -15.9391 -1.39449 0
      vertex -49.56 -28.3579 0
      vertex -16 0 0
    endloop
  endfacet
  facet normal 0 0 -1
    outer loop
      vertex -16 0 0
      vertex -49.4186 28.4025 0
      vertex -49.2815 28.4593 0
    endloop
  endfacet
  facet normal 0 0 -1
    outer loop
      vertex -49.7048 -28.3258 0
      vertex -16 0 0
      vertex -49.56 -28.3579 0
    endloop
  endfacet
  facet normal 0 0 -1
    outer loop
      vertex -16 0 0
      vertex -49.56 28.3579 0
      vertex -49.4186 28.4025 0
    endloop
  endfacet
  facet normal 0 0 -1
    outer loop
      vertex -49.7048 28.3258 0
      vertex -16 0 0
      vertex -49.7048 -28.3258 0
    endloop
  endfacet
  facet normal 0 0 -1
    outer loop
      vertex -16 0 0
      vertex -49.7048 28.3258 0
      vertex -49.56 28.3579 0
    endloop
  endfacet
  facet normal 0 0 -1
    outer loop
      vertex -49.8518 -28.3065 0
      vertex -49.7048 28.3258 0
      vertex -49.7048 -28.3258 0
    endloop
  endfacet
  facet normal 0 0 -1
    outer loop
      vertex -49.8518 -28.3065 0
      vertex -49.8518 28.3065 0
      vertex -49.7048 28.3258 0
    endloop
  endfacet
  facet normal 0 0 -1
    outer loop
      vertex -50 -28.3 0
      vertex -49.8518 28.3065 0
      vertex -49.8518 -28.3065 0
    endloop
  endfacet
  facet normal 0 0 -1
    outer loop
      vertex -50 -28.3 0
      vertex -50 28.3 0
      vertex -49.8518 28.3065 0
    endloop
  endfacet
  facet normal 0 0 -1
    outer loop
      vertex -50.1482 -28.3065 0
      vertex -50 28.3 0
      vertex -50 -28.3 0
    endloop
  endfacet
  facet normal 0 0 -1
    outer loop
      vertex -50.1482 -28.3065 0
      vertex -50.1482 28.3065 0
      vertex -50 28.3 0
    endloop
  endfacet
  facet normal 0 0 -1
    outer loop
      vertex -50.2952 -28.3258 0
      vertex -50.1482 28.3065 0
      vertex -50.1482 -28.3065 0
    endloop
  endfacet
  facet normal 0 0 -1
    outer loop
      vertex -50.2952 -28.3258 0
      vertex -50.2952 28.3258 0
      vertex -50.1482 28.3065 0
    endloop
  endfacet
  facet normal 0 0 -1
    outer loop
      vertex -50.44 -28.3579 0
      vertex -50.2952 28.3258 0
      vertex -50.2952 -28.3258 0
    endloop
  endfacet
  facet normal 0 0 -1
    outer loop
      vertex -50.44 -28.3579 0
      vertex -50.44 28.3579 0
      vertex -50.2952 28.3258 0
    endloop
  endfacet
  facet normal 0 0 -1
    outer loop
      vertex -50.5814 -28.4025 0
      vertex -50.44 28.3579 0
      vertex -50.44 -28.3579 0
    endloop
  endfacet
  facet normal 0 0 -1
    outer loop
      vertex -50.5814 -28.4025 0
      vertex -50.5814 28.4025 0
      vertex -50.44 28.3579 0
    endloop
  endfacet
  facet normal 0 0 -1
    outer loop
      vertex -50.7185 -28.4593 0
      vertex -50.5814 28.4025 0
      vertex -50.5814 -28.4025 0
    endloop
  endfacet
  facet normal 0 0 -1
    outer loop
      vertex -50.7185 -28.4593 0
      vertex -50.7185 28.4593 0
      vertex -50.5814 28.4025 0
    endloop
  endfacet
  facet normal 0 0 -1
    outer loop
      vertex -50.85 -28.5278 0
      vertex -50.7185 28.4593 0
      vertex -50.7185 -28.4593 0
    endloop
  endfacet
  facet normal 0 0 -1
    outer loop
      vertex -50.85 -28.5278 0
      vertex -50.85 28.5278 0
      vertex -50.7185 28.4593 0
    endloop
  endfacet
  facet normal 0 0 -1
    outer loop
      vertex -60 -32 0
      vertex -50.85 -28.5278 0
      vertex -50.9751 -28.6074 0
    endloop
  endfacet
  facet normal -0 0 -1
    outer loop
      vertex -50.85 -28.5278 0
      vertex -60 -32 0
      vertex -50.85 28.5278 0
    endloop
  endfacet
  facet normal 0 0 -1
    outer loop
      vertex -60 -32 0
      vertex -50.9751 -28.6074 0
      vertex -51.0927 -28.6977 0
    endloop
  endfacet
  facet normal 0 0 -1
    outer loop
      vertex -60 32 0
      vertex -50.85 28.5278 0
      vertex -60 -32 0
    endloop
  endfacet
  facet normal 0 0 -1
    outer loop
      vertex -60 -32 0
      vertex -51.0927 -28.6977 0
      vertex -51.2021 -28.7979 0
    endloop
  endfacet
  facet normal 0 0 -1
    outer loop
      vertex -50.85 28.5278 0
      vertex -60 32 0
      vertex -50.9751 28.6074 0
    endloop
  endfacet
  facet normal 0 0 -1
    outer loop
      vertex -60 -32 0
      vertex -51.2021 -28.7979 0
      vertex -51.3023 -28.9073 0
    endloop
  endfacet
  facet normal 0 0 -1
    outer loop
      vertex -50.9751 28.6074 0
      vertex -60 32 0
      vertex -51.0927 28.6977 0
    endloop
  endfacet
  facet normal 0 0 -1
    outer loop
      vertex -60 -32 0
      vertex -51.3023 -28.9073 0
      vertex -51.3926 -29.0249 0
    endloop
  endfacet
  facet normal 0 0 -1
    outer loop
      vertex -51.0927 28.6977 0
      vertex -60 32 0
      vertex -51.2021 28.7979 0
    endloop
  endfacet
  facet normal 0 0 -1
    outer loop
      vertex -60 -32 0
      vertex -51.3926 -29.0249 0
      vertex -51.4722 -29.15 0
    endloop
  endfacet
  facet normal 0 0 -1
    outer loop
      vertex -51.2021 28.7979 0
      vertex -60 32 0
      vertex -51.3023 28.9073 0
    endloop
  endfacet
  facet normal 0 0 -1
    outer loop
      vertex -60 -32 0
      vertex -51.4722 -29.15 0
      vertex -51.5407 -29.2815 0
    endloop
  endfacet
  facet normal 0 0 -1
    outer loop
      vertex -51.3023 28.9073 0
      vertex -60 32 0
      vertex -51.3926 29.0249 0
    endloop
  endfacet
  facet normal 0 0 -1
    outer loop
      vertex -60 -32 0
      vertex -51.5407 -29.2815 0
      vertex -51.5975 -29.4186 0
    endloop
  endfacet
  facet normal 0 0 -1
    outer loop
      vertex -51.3926 29.0249 0
      vertex -60 32 0
      vertex -51.4722 29.15 0
    endloop
  endfacet
  facet normal 0 0 -1
    outer loop
      vertex -60 -32 0
      vertex -51.5975 -29.4186 0
      vertex -51.6421 -29.56 0
    endloop
  endfacet
  facet normal 0 0 -1
    outer loop
      vertex -51.4722 29.15 0
      vertex -60 32 0
      vertex -51.5407 29.2815 0
    endloop
  endfacet
  facet normal 0 0 -1
    outer loop
      vertex -60 -32 0
      vertex -51.6421 -29.56 0
      vertex -51.6742 -29.7048 0
    endloop
  endfacet
  facet normal 0 0 -1
    outer loop
      vertex -51.5407 29.2815 0
      vertex -60 32 0
      vertex -51.5975 29.4186 0
    endloop
  endfacet
  facet normal 0 0 -1
    outer loop
      vertex -60 -32 0
      vertex -51.6742 -29.7048 0
      vertex -51.6935 -29.8518 0
    endloop
  endfacet
  facet normal 0 0 -1
    outer loop
      vertex -51.5975 29.4186 0
      vertex -60 32 0
      vertex -51.6421 29.56 0
    endloop
  endfacet
  facet normal 0 0 -1
    outer loop
      vertex -60 -32 0
      vertex -51.6935 -29.8518 0
      vertex -51.7 -30 0
    endloop
  endfacet
  facet normal 0 0 -1
    outer loop
      vertex -51.6421 29.56 0
      vertex -60 32 0
      vertex -51.6742 29.7048 0
    endloop
  endfacet
  facet normal 0 0 -1
    outer loop
      vertex 51.6421 -29.56 0
      vertex 60 -32 0
      vertex 51.6742 -29.7048 0
    endloop
  endfacet
  facet normal 0 0 -1
    outer loop
      vertex 60 32 0
      vertex 51.6935 29.8518 0
      vertex 51.7 30 0
    endloop
  endfacet
  facet normal 0 0 -1
    outer loop
      vertex 51.5975 -29.4186 0
      vertex 60 -32 0
      vertex 51.6421 -29.56 0
    endloop
  endfacet
  facet normal 0 0 -1
    outer loop
      vertex 60 32 0
      vertex 51.6742 29.7048 0
      vertex 51.6935 29.8518 0
    endloop
  endfacet
  facet normal 0 0 -1
    outer loop
      vertex 51.5407 -29.2815 0
      vertex 60 -32 0
      vertex 51.5975 -29.4186 0
    endloop
  endfacet
  facet normal 0 0 -1
    outer loop
      vertex 60 32 0
      vertex 51.6421 29.56 0
      vertex 51.6742 29.7048 0
    endloop
  endfacet
  facet normal 0 0 -1
    outer loop
      vertex 51.4722 -29.15 0
      vertex 60 -32 0
      vertex 51.5407 -29.2815 0
    endloop
  endfacet
  facet normal 0 0 -1
    outer loop
      vertex 60 32 0
      vertex 51.5975 29.4186 0
      vertex 51.6421 29.56 0
    endloop
  endfacet
  facet normal 0 0 -1
    outer loop
      vertex 51.3926 -29.0249 0
      vertex 60 -32 0
      vertex 51.4722 -29.15 0
    endloop
  endfacet
  facet normal 0 0 -1
    outer loop
      vertex 60 32 0
      vertex 51.5407 29.2815 0
      vertex 51.5975 29.4186 0
    endloop
  endfacet
  facet normal 0 0 -1
    outer loop
      vertex 51.3023 -28.9073 0
      vertex 60 -32 0
      vertex 51.3926 -29.0249 0
    endloop
  endfacet
  facet normal 0 0 -1
    outer loop
      vertex 60 32 0
      vertex 51.4722 29.15 0
      vertex 51.5407 29.2815 0
    endloop
  endfacet
  facet normal 0 0 -1
    outer loop
      vertex 51.2021 -28.7979 0
      vertex 60 -32 0
      vertex 51.3023 -28.9073 0
    endloop
  endfacet
  facet normal 0 0 -1
    outer loop
      vertex 60 32 0
      vertex 51.3926 29.0249 0
      vertex 51.4722 29.15 0
    endloop
  endfacet
  facet normal 0 0 -1
    outer loop
      vertex 51.0927 -28.6977 0
      vertex 60 -32 0
      vertex 51.2021 -28.7979 0
    endloop
  endfacet
  facet normal 0 0 -1
    outer loop
      vertex 60 32 0
      vertex 51.3023 28.9073 0
      vertex 51.3926 29.0249 0
    endloop
  endfacet
  facet normal 0 0 -1
    outer loop
      vertex 50.9751 -28.6074 0
      vertex 60 -32 0
      vertex 51.0927 -28.6977 0
    endloop
  endfacet
  facet normal 0 0 -1
    outer loop
      vertex 60 32 0
      vertex 51.2021 28.7979 0
      vertex 51.3023 28.9073 0
    endloop
  endfacet
  facet normal 0 0 -1
    outer loop
      vertex 50.85 -28.5278 0
      vertex 60 -32 0
      vertex 50.9751 -28.6074 0
    endloop
  endfacet
  facet normal 0 0 -1
    outer loop
      vertex 60 32 0
      vertex 51.0927 28.6977 0
      vertex 51.2021 28.7979 0
    endloop
  endfacet
  facet normal 0 0 -1
    outer loop
      vertex 60 -32 0
      vertex 50.85 -28.5278 0
      vertex 60 32 0
    endloop
  endfacet
  facet normal 0 0 -1
    outer loop
      vertex 60 32 0
      vertex 50.9751 28.6074 0
      vertex 51.0927 28.6977 0
    endloop
  endfacet
  facet normal 0 0 -1
    outer loop
      vertex 50.85 28.5278 0
      vertex 60 32 0
      vertex 50.85 -28.5278 0
    endloop
  endfacet
  facet normal 0 0 -1
    outer loop
      vertex 60 32 0
      vertex 50.85 28.5278 0
      vertex 50.9751 28.6074 0
    endloop
  endfacet
  facet normal 0 0 -1
    outer loop
      vertex 50.7185 -28.4593 0
      vertex 50.85 28.5278 0
      vertex 50.85 -28.5278 0
    endloop
  endfacet
  facet normal 0 0 -1
    outer loop
      vertex 50.7185 -28.4593 0
      vertex 50.7185 28.4593 0
      vertex 50.85 28.5278 0
    endloop
  endfacet
  facet normal 0 0 -1
    outer loop
      vertex 50.5814 -28.4025 0
      vertex 50.7185 28.4593 0
      vertex 50.7185 -28.4593 0
    endloop
  endfacet
  facet normal 0 0 -1
    outer loop
      vertex 50.5814 -28.4025 0
      vertex 50.5814 28.4025 0
      vertex 50.7185 28.4593 0
    endloop
  endfacet
  facet normal 0 0 -1
    outer loop
      vertex 50.44 -28.3579 0
      vertex 50.5814 28.4025 0
      vertex 50.5814 -28.4025 0
    endloop
  endfacet
  facet normal 0 0 -1
    outer loop
      vertex 50.44 -28.3579 0
      vertex 50.44 28.3579 0
      vertex 50.5814 28.4025 0
    endloop
  endfacet
  facet normal 0 0 -1
    outer loop
      vertex 50.2952 -28.3258 0
      vertex 50.44 28.3579 0
      vertex 50.44 -28.3579 0
    endloop
  endfacet
  facet normal 0 0 -1
    outer loop
      vertex 50.2952 -28.3258 0
      vertex 50.2952 28.3258 0
      vertex 50.44 28.3579 0
    endloop
  endfacet
  facet normal 0 0 -1
    outer loop
      vertex 50.1482 -28.3065 0
      vertex 50.2952 28.3258 0
      vertex 50.2952 -28.3258 0
    endloop
  endfacet
  facet normal 0 0 -1
    outer loop
      vertex 50.1482 -28.3065 0
      vertex 50.1482 28.3065 0
      vertex 50.2952 28.3258 0
    endloop
  endfacet
  facet normal 0 0 -1
    outer loop
      vertex 50 -28.3 0
      vertex 50.1482 28.3065 0
      vertex 50.1482 -28.3065 0
    endloop
  endfacet
  facet normal 0 0 -1
    outer loop
      vertex 50 -28.3 0
      vertex 50 28.3 0
      vertex 50.1482 28.3065 0
    endloop
  endfacet
  facet normal 0 0 -1
    outer loop
      vertex 49.8518 -28.3065 0
      vertex 50 28.3 0
      vertex 50 -28.3 0
    endloop
  endfacet
  facet normal 0 0 -1
    outer loop
      vertex 49.8518 -28.3065 0
      vertex 49.8518 28.3065 0
      vertex 50 28.3 0
    endloop
  endfacet
  facet normal 0 0 -1
    outer loop
      vertex 49.7048 -28.3258 0
      vertex 49.8518 28.3065 0
      vertex 49.8518 -28.3065 0
    endloop
  endfacet
  facet normal 0 0 -1
    outer loop
      vertex 49.7048 -28.3258 0
      vertex 49.7048 28.3258 0
      vertex 49.8518 28.3065 0
    endloop
  endfacet
  facet normal 0 0 -1
    outer loop
      vertex 16 0 0
      vertex 49.7048 -28.3258 0
      vertex 49.56 -28.3579 0
    endloop
  endfacet
  facet normal 0 0 -1
    outer loop
      vertex 49.7048 -28.3258 0
      vertex 16 0 0
      vertex 49.7048 28.3258 0
    endloop
  endfacet
  facet normal 0 0 -1
    outer loop
      vertex 15.9391 -1.39449 0
      vertex 49.56 -28.3579 0
      vertex 49.4186 -28.4025 0
    endloop
  endfacet
  facet normal -0 0 -1
    outer loop
      vertex 49.7048 28.3258 0
      vertex 16 0 0
      vertex 49.56 28.3579 0
    endloop
  endfacet
  facet normal 0 0 -1
    outer loop
      vertex 15.7569 -2.77837 0
      vertex 49.4186 -28.4025 0
      vertex 49.2815 -28.4593 0
    endloop
  endfacet
  facet normal 0 0 -1
    outer loop
      vertex 15.9391 1.39449 0
      vertex 49.56 28.3579 0
      vertex 16 0 0
    endloop
  endfacet
  facet normal 0 0 -1
    outer loop
      vertex 15.7569 -2.77837 0
      vertex 49.2815 -28.4593 0
      vertex 49.15 -28.5278 0
    endloop
  endfacet
  facet normal -0 0 -1
    outer loop
      vertex 49.56 28.3579 0
      vertex 15.9391 1.39449 0
      vertex 49.4186 28.4025 0
    endloop
  endfacet
  facet normal 0 0 -1
    outer loop
      vertex 15.4548 -4.1411 0
      vertex 49.15 -28.5278 0
      vertex 49.0249 -28.6074 0
    endloop
  endfacet
  facet normal 0 0 -1
    outer loop
      vertex 15.7569 2.77837 0
      vertex 49.4186 28.4025 0
      vertex 15.9391 1.39449 0
    endloop
  endfacet
  facet normal 0 0 -1
    outer loop
      vertex 15.4548 -4.1411 0
      vertex 49.0249 -28.6074 0
      vertex 48.9073 -28.6977 0
    endloop
  endfacet
  facet normal -0 0 -1
    outer loop
      vertex 49.4186 28.4025 0
      vertex 15.7569 2.77837 0
      vertex 49.2815 28.4593 0
    endloop
  endfacet
  facet normal 0 0 -1
    outer loop
      vertex 15.0351 -5.47232 0
      vertex 48.9073 -28.6977 0
      vertex 48.7979 -28.7979 0
    endloop
  endfacet
  facet normal -0 0 -1
    outer loop
      vertex 49.2815 28.4593 0
      vertex 15.7569 2.77837 0
      vertex 49.15 28.5278 0
    endloop
  endfacet
  facet normal 0 0 -1
    outer loop
      vertex 14.5009 -6.76189 0
      vertex 48.7979 -28.7979 0
      vertex 48.6977 -28.9073 0
    endloop
  endfacet
  facet normal 0 0 -1
    outer loop
      vertex 15.4548 4.1411 0
      vertex 49.15 28.5278 0
      vertex 15.7569 2.77837 0
    endloop
  endfacet
  facet normal 0 0 -1
    outer loop
      vertex 14.5009 -6.76189 0
      vertex 48.6977 -28.9073 0
      vertex 48.6074 -29.0249 0
    endloop
  endfacet
  facet normal -0 0 -1
    outer loop
      vertex 49.15 28.5278 0
      vertex 15.4548 4.1411 0
      vertex 49.0249 28.6074 0
    endloop
  endfacet
  facet normal 0 0 -1
    outer loop
      vertex 13.8564 -8 0
      vertex 48.6074 -29.0249 0
      vertex 48.5278 -29.15 0
    endloop
  endfacet
  facet normal -0 0 -1
    outer loop
      vertex 49.0249 28.6074 0
      vertex 15.4548 4.1411 0
      vertex 48.9073 28.6977 0
    endloop
  endfacet
  facet normal 0 0 -1
    outer loop
      vertex 13.1064 -9.17722 0
      vertex 48.5278 -29.15 0
      vertex 48.4593 -29.2815 0
    endloop
  endfacet
  facet normal 0 0 -1
    outer loop
      vertex 15.0351 5.47232 0
      vertex 48.9073 28.6977 0
      vertex 15.4548 4.1411 0
    endloop
  endfacet
  facet normal 0 0 -1
    outer loop
      vertex 13.1064 -9.17722 0
      vertex 48.4593 -29.2815 0
      vertex 48.4025 -29.4186 0
    endloop
  endfacet
  facet normal -0 0 -1
    outer loop
      vertex 48.9073 28.6977 0
      vertex 15.0351 5.47232 0
      vertex 48.7979 28.7979 0
    endloop
  endfacet
  facet normal 0 0 -1
    outer loop
      vertex 12.2567 -10.2846 0
      vertex 48.4025 -29.4186 0
      vertex 48.3579 -29.56 0
    endloop
  endfacet
  facet normal 0 0 -1
    outer loop
      vertex 14.5009 6.76189 0
      vertex 48.7979 28.7979 0
      vertex 15.0351 5.47232 0
    endloop
  endfacet
  facet normal 0 0 -1
    outer loop
      vertex 12.2567 -10.2846 0
      vertex 48.3579 -29.56 0
      vertex 48.3258 -29.7048 0
    endloop
  endfacet
  facet normal -0 0 -1
    outer loop
      vertex 48.7979 28.7979 0
      vertex 14.5009 6.76189 0
      vertex 48.6977 28.9073 0
    endloop
  endfacet
  facet normal 0 0 -1
    outer loop
      vertex 11.3137 -11.3137 0
      vertex 48.3258 -29.7048 0
      vertex 48.3065 -29.8518 0
    endloop
  endfacet
  facet normal -0 0 -1
    outer loop
      vertex 48.6977 28.9073 0
      vertex 14.5009 6.76189 0
      vertex 48.6074 29.0249 0
    endloop
  endfacet
  facet normal 0 0 -1
    outer loop
      vertex 10.2846 -12.2567 0
      vertex 48.3065 -29.8518 0
      vertex 48.3 -30 0
    endloop
  endfacet
  facet normal 0 0 -1
    outer loop
      vertex 13.8564 8 0
      vertex 48.6074 29.0249 0
      vertex 14.5009 6.76189 0
    endloop
  endfacet
  facet normal 0 0 -1
    outer loop
      vertex 51.5975 -30.5814 0
      vertex 60 -32 0
      vertex 59.9696 -32.6972 0
    endloop
  endfacet
  facet normal 0 0 -1
    outer loop
      vertex 51.6935 -29.8518 0
      vertex 60 -32 0
      vertex 51.7 -30 0
    endloop
  endfacet
  facet normal 0 0 -1
    outer loop
      vertex 51.5407 -30.7185 0
      vertex 59.9696 -32.6972 0
      vertex 59.8785 -33.3892 0
    endloop
  endfacet
  facet normal 0 0 -1
    outer loop
      vertex 51.6742 -29.7048 0
      vertex 60 -32 0
      vertex 51.6935 -29.8518 0
    endloop
  endfacet
  facet normal 0 0 -1
    outer loop
      vertex 51.5407 -30.7185 0
      vertex 59.8785 -33.3892 0
      vertex 59.7274 -34.0706 0
    endloop
  endfacet
  facet normal 0 0 -1
    outer loop
      vertex 51.6935 30.1482 0
      vertex 60 32 0
      vertex 51.7 30 0
    endloop
  endfacet
  facet normal 0 0 -1
    outer loop
      vertex 51.4722 -30.85 0
      vertex 59.7274 -34.0706 0
      vertex 59.5175 -34.7362 0
    endloop
  endfacet
  facet normal 0 0 -1
    outer loop
      vertex 51.6742 30.2952 0
      vertex 60 32 0
      vertex 51.6935 30.1482 0
    endloop
  endfacet
  facet normal 0 0 -1
    outer loop
      vertex 51.4722 -30.85 0
      vertex 59.5175 -34.7362 0
      vertex 59.2505 -35.3809 0
    endloop
  endfacet
  facet normal 0 0 -1
    outer loop
      vertex 51.6421 30.44 0
      vertex 60 32 0
      vertex 51.6742 30.2952 0
    endloop
  endfacet
  facet normal 0 0 -1
    outer loop
      vertex 51.3926 -30.9751 0
      vertex 59.2505 -35.3809 0
      vertex 58.9282 -36 0
    endloop
  endfacet
  facet normal 0 0 -1
    outer loop
      vertex 51.5975 30.5814 0
      vertex 60 32 0
      vertex 51.6421 30.44 0
    endloop
  endfacet
  facet normal 0 0 -1
    outer loop
      vertex 51.3023 -31.0927 0
      vertex 58.9282 -36 0
      vertex 58.5532 -36.5886 0
    endloop
  endfacet
  facet normal -0 0 -1
    outer loop
      vertex 60 32 0
      vertex 51.5975 30.5814 0
      vertex 59.9696 32.6972 0
    endloop
  endfacet
  facet normal 0 0 -1
    outer loop
      vertex 51.3023 -31.0927 0
      vertex 58.5532 -36.5886 0
      vertex 58.1284 -37.1423 0
    endloop
  endfacet
  facet normal 0 0 -1
    outer loop
      vertex 51.5407 30.7185 0
      vertex 59.9696 32.6972 0
      vertex 51.5975 30.5814 0
    endloop
  endfacet
  facet normal 0 0 -1
    outer loop
      vertex 51.2021 -31.2021 0
      vertex 58.1284 -37.1423 0
      vertex 57.6569 -37.6569 0
    endloop
  endfacet
  facet normal -0 0 -1
    outer loop
      vertex 59.9696 32.6972 0
      vertex 51.5407 30.7185 0
      vertex 59.8785 33.3892 0
    endloop
  endfacet
  facet normal 0 0 -1
    outer loop
      vertex 51.2021 -31.2021 0
      vertex 57.6569 -37.6569 0
      vertex 57.1423 -38.1284 0
    endloop
  endfacet
  facet normal -0 0 -1
    outer loop
      vertex 59.8785 33.3892 0
      vertex 51.5407 30.7185 0
      vertex 59.7274 34.0706 0
    endloop
  endfacet
  facet normal 0 0 -1
    outer loop
      vertex 51.0927 -31.3023 0
      vertex 57.1423 -38.1284 0
      vertex 56.5886 -38.5532 0
    endloop
  endfacet
  facet normal 0 0 -1
    outer loop
      vertex 51.4722 30.85 0
      vertex 59.7274 34.0706 0
      vertex 51.5407 30.7185 0
    endloop
  endfacet
  facet normal 0 0 -1
    outer loop
      vertex 51.0927 -31.3023 0
      vertex 56.5886 -38.5532 0
      vertex 56 -38.9282 0
    endloop
  endfacet
  facet normal -0 0 -1
    outer loop
      vertex 59.7274 34.0706 0
      vertex 51.4722 30.85 0
      vertex 59.5175 34.7362 0
    endloop
  endfacet
  facet normal 0 0 -1
    outer loop
      vertex 50.9751 -31.3926 0
      vertex 56 -38.9282 0
      vertex 55.3809 -39.2505 0
    endloop
  endfacet
  facet normal -0 0 -1
    outer loop
      vertex 59.5175 34.7362 0
      vertex 51.4722 30.85 0
      vertex 59.2505 35.3809 0
    endloop
  endfacet
  facet normal 0 0 -1
    outer loop
      vertex 50.9751 -31.3926 0
      vertex 55.3809 -39.2505 0
      vertex 54.7362 -39.5175 0
    endloop
  endfacet
  facet normal 0 0 -1
    outer loop
      vertex 51.3926 30.9751 0
      vertex 59.2505 35.3809 0
      vertex 51.4722 30.85 0
    endloop
  endfacet
  facet normal 0 0 -1
    outer loop
      vertex 50.85 -31.4722 0
      vertex 54.7362 -39.5175 0
      vertex 54.0706 -39.7274 0
    endloop
  endfacet
  facet normal -0 0 -1
    outer loop
      vertex 59.2505 35.3809 0
      vertex 51.3926 30.9751 0
      vertex 58.9282 36 0
    endloop
  endfacet
  facet normal 0 0 -1
    outer loop
      vertex 50.7185 -31.5407 0
      vertex 54.0706 -39.7274 0
      vertex 53.3892 -39.8785 0
    endloop
  endfacet
  facet normal 0 0 -1
    outer loop
      vertex 51.3023 31.0927 0
      vertex 58.9282 36 0
      vertex 51.3926 30.9751 0
    endloop
  endfacet
  facet normal 0 0 -1
    outer loop
      vertex 50.7185 -31.5407 0
      vertex 53.3892 -39.8785 0
      vertex 52.6972 -39.9696 0
    endloop
  endfacet
  facet normal -0 0 -1
    outer loop
      vertex 58.9282 36 0
      vertex 51.3023 31.0927 0
      vertex 58.5532 36.5886 0
    endloop
  endfacet
  facet normal 0 0 -1
    outer loop
      vertex 50.5814 -31.5975 0
      vertex 52.6972 -39.9696 0
      vertex 52 -40 0
    endloop
  endfacet
  facet normal -0 0 -1
    outer loop
      vertex 58.5532 36.5886 0
      vertex 51.3023 31.0927 0
      vertex 58.1284 37.1423 0
    endloop
  endfacet
  facet normal 0 0 -1
    outer loop
      vertex 51.2021 31.2021 0
      vertex 58.1284 37.1423 0
      vertex 51.3023 31.0927 0
    endloop
  endfacet
  facet normal 0 0 -1
    outer loop
      vertex 60 -32 0
      vertex 51.6935 -30.1482 0
      vertex 51.7 -30 0
    endloop
  endfacet
  facet normal 0 0 -1
    outer loop
      vertex 60 -32 0
      vertex 51.6742 -30.2952 0
      vertex 51.6935 -30.1482 0
    endloop
  endfacet
  facet normal 0 0 -1
    outer loop
      vertex 60 -32 0
      vertex 51.6421 -30.44 0
      vertex 51.6742 -30.2952 0
    endloop
  endfacet
  facet normal 0 0 -1
    outer loop
      vertex 60 -32 0
      vertex 51.5975 -30.5814 0
      vertex 51.6421 -30.44 0
    endloop
  endfacet
  facet normal 0 0 -1
    outer loop
      vertex 59.9696 -32.6972 0
      vertex 51.5407 -30.7185 0
      vertex 51.5975 -30.5814 0
    endloop
  endfacet
  facet normal 0 0 -1
    outer loop
      vertex 59.7274 -34.0706 0
      vertex 51.4722 -30.85 0
      vertex 51.5407 -30.7185 0
    endloop
  endfacet
  facet normal 0 0 -1
    outer loop
      vertex 59.2505 -35.3809 0
      vertex 51.3926 -30.9751 0
      vertex 51.4722 -30.85 0
    endloop
  endfacet
  facet normal 0 0 -1
    outer loop
      vertex 58.9282 -36 0
      vertex 51.3023 -31.0927 0
      vertex 51.3926 -30.9751 0
    endloop
  endfacet
  facet normal 0 0 -1
    outer loop
      vertex 58.1284 -37.1423 0
      vertex 51.2021 -31.2021 0
      vertex 51.3023 -31.0927 0
    endloop
  endfacet
  facet normal 0 0 -1
    outer loop
      vertex 57.1423 -38.1284 0
      vertex 51.0927 -31.3023 0
      vertex 51.2021 -31.2021 0
    endloop
  endfacet
  facet normal 0 0 -1
    outer loop
      vertex 56 -38.9282 0
      vertex 50.9751 -31.3926 0
      vertex 51.0927 -31.3023 0
    endloop
  endfacet
  facet normal 0 0 -1
    outer loop
      vertex 54.7362 -39.5175 0
      vertex 50.85 -31.4722 0
      vertex 50.9751 -31.3926 0
    endloop
  endfacet
  facet normal 0 0 -1
    outer loop
      vertex 54.0706 -39.7274 0
      vertex 50.7185 -31.5407 0
      vertex 50.85 -31.4722 0
    endloop
  endfacet
  facet normal 0 0 -1
    outer loop
      vertex 52.6972 -39.9696 0
      vertex 50.5814 -31.5975 0
      vertex 50.7185 -31.5407 0
    endloop
  endfacet
  facet normal 0 0 -1
    outer loop
      vertex 52 -40 0
      vertex 50.44 -31.6421 0
      vertex 50.5814 -31.5975 0
    endloop
  endfacet
  facet normal 0 0 -1
    outer loop
      vertex 52 -40 0
      vertex 50.2952 -31.6742 0
      vertex 50.44 -31.6421 0
    endloop
  endfacet
  facet normal 0 0 -1
    outer loop
      vertex 52 -40 0
      vertex 50.1482 -31.6935 0
      vertex 50.2952 -31.6742 0
    endloop
  endfacet
  facet normal 0 0 -1
    outer loop
      vertex 52 -40 0
      vertex 50 -31.7 0
      vertex 50.1482 -31.6935 0
    endloop
  endfacet
  facet normal 0 0 -1
    outer loop
      vertex 52 -40 0
      vertex 49.8518 -31.6935 0
      vertex 50 -31.7 0
    endloop
  endfacet
  facet normal 0 0 -1
    outer loop
      vertex 52 -40 0
      vertex 49.7048 -31.6742 0
      vertex 49.8518 -31.6935 0
    endloop
  endfacet
  facet normal 0 0 -1
    outer loop
      vertex 52 -40 0
      vertex 49.56 -31.6421 0
      vertex 49.7048 -31.6742 0
    endloop
  endfacet
  facet normal 0 0 -1
    outer loop
      vertex 52 -40 0
      vertex 49.4186 -31.5975 0
      vertex 49.56 -31.6421 0
    endloop
  endfacet
  facet normal 0 0 -1
    outer loop
      vertex 52 -40 0
      vertex 49.2815 -31.5407 0
      vertex 49.4186 -31.5975 0
    endloop
  endfacet
  facet normal 0 0 -1
    outer loop
      vertex 52 -40 0
      vertex 49.15 -31.4722 0
      vertex 49.2815 -31.5407 0
    endloop
  endfacet
  facet normal 0 0 -1
    outer loop
      vertex 52 -40 0
      vertex 49.0249 -31.3926 0
      vertex 49.15 -31.4722 0
    endloop
  endfacet
  facet normal 0 0 -1
    outer loop
      vertex 52 -40 0
      vertex 48.9073 -31.3023 0
      vertex 49.0249 -31.3926 0
    endloop
  endfacet
  facet normal 0 0 -1
    outer loop
      vertex 52 -40 0
      vertex 48.7979 -31.2021 0
      vertex 48.9073 -31.3023 0
    endloop
  endfacet
  facet normal 0 0 -1
    outer loop
      vertex 52 -40 0
      vertex 48.6977 -31.0927 0
      vertex 48.7979 -31.2021 0
    endloop
  endfacet
  facet normal 0 0 -1
    outer loop
      vertex 52 -40 0
      vertex 48.6074 -30.9751 0
      vertex 48.6977 -31.0927 0
    endloop
  endfacet
  facet normal 0 0 -1
    outer loop
      vertex 52 -40 0
      vertex 48.5278 -30.85 0
      vertex 48.6074 -30.9751 0
    endloop
  endfacet
  facet normal 0 0 -1
    outer loop
      vertex 5.47232 -15.0351 0
      vertex 48.5278 -30.85 0
      vertex 52 -40 0
    endloop
  endfacet
  facet normal 0 0 -1
    outer loop
      vertex 48.5278 -30.85 0
      vertex 5.47232 -15.0351 0
      vertex 48.4593 -30.7185 0
    endloop
  endfacet
  facet normal -0 0 -1
    outer loop
      vertex 48.6074 29.0249 0
      vertex 13.8564 8 0
      vertex 48.5278 29.15 0
    endloop
  endfacet
  facet normal 0 0 -1
    outer loop
      vertex 10.2846 -12.2567 0
      vertex 48.3 -30 0
      vertex 48.3065 -30.1482 0
    endloop
  endfacet
  facet normal 0 0 -1
    outer loop
      vertex 9.17722 -13.1064 0
      vertex 48.3065 -30.1482 0
      vertex 48.3258 -30.2952 0
    endloop
  endfacet
  facet normal 0 0 -1
    outer loop
      vertex 8 -13.8564 0
      vertex 48.3258 -30.2952 0
      vertex 48.3579 -30.44 0
    endloop
  endfacet
  facet normal 0 0 -1
    outer loop
      vertex 8 -13.8564 0
      vertex 48.3579 -30.44 0
      vertex 48.4025 -30.5814 0
    endloop
  endfacet
  facet normal 0 -0 -1
    outer loop
      vertex 6.76189 -14.5009 0
      vertex 48.4593 -30.7185 0
      vertex 5.47232 -15.0351 0
    endloop
  endfacet
  facet normal 0 0 -1
    outer loop
      vertex 49.56 -28.3579 0
      vertex 15.9391 -1.39449 0
      vertex 16 0 0
    endloop
  endfacet
  facet normal 0 0 -1
    outer loop
      vertex 49.4186 -28.4025 0
      vertex 15.7569 -2.77837 0
      vertex 15.9391 -1.39449 0
    endloop
  endfacet
  facet normal 0 0 -1
    outer loop
      vertex 49.15 -28.5278 0
      vertex 15.4548 -4.1411 0
      vertex 15.7569 -2.77837 0
    endloop
  endfacet
  facet normal 0 0 -1
    outer loop
      vertex 48.9073 -28.6977 0
      vertex 15.0351 -5.47232 0
      vertex 15.4548 -4.1411 0
    endloop
  endfacet
  facet normal 0 0 -1
    outer loop
      vertex 48.7979 -28.7979 0
      vertex 14.5009 -6.76189 0
      vertex 15.0351 -5.47232 0
    endloop
  endfacet
  facet normal 0 0 -1
    outer loop
      vertex 48.6074 -29.0249 0
      vertex 13.8564 -8 0
      vertex 14.5009 -6.76189 0
    endloop
  endfacet
  facet normal 0 0 -1
    outer loop
      vertex 48.5278 -29.15 0
      vertex 13.1064 -9.17722 0
      vertex 13.8564 -8 0
    endloop
  endfacet
  facet normal 0 0 -1
    outer loop
      vertex 48.4025 -29.4186 0
      vertex 12.2567 -10.2846 0
      vertex 13.1064 -9.17722 0
    endloop
  endfacet
  facet normal 0 0 -1
    outer loop
      vertex 48.3258 -29.7048 0
      vertex 11.3137 -11.3137 0
      vertex 12.2567 -10.2846 0
    endloop
  endfacet
  facet normal 0 0 -1
    outer loop
      vertex 48.3065 -29.8518 0
      vertex 10.2846 -12.2567 0
      vertex 11.3137 -11.3137 0
    endloop
  endfacet
  facet normal 0 0 -1
    outer loop
      vertex 48.3065 -30.1482 0
      vertex 9.17722 -13.1064 0
      vertex 10.2846 -12.2567 0
    endloop
  endfacet
  facet normal 0 0 -1
    outer loop
      vertex 48.3258 -30.2952 0
      vertex 8 -13.8564 0
      vertex 9.17722 -13.1064 0
    endloop
  endfacet
  facet normal 0 0 -1
    outer loop
      vertex 48.4025 -30.5814 0
      vertex 6.76189 -14.5009 0
      vertex 8 -13.8564 0
    endloop
  endfacet
  facet normal 0 0 -1
    outer loop
      vertex 48.4593 -30.7185 0
      vertex 6.76189 -14.5009 0
      vertex 48.4025 -30.5814 0
    endloop
  endfacet
  facet normal 0 0 -1
    outer loop
      vertex 52 -40 0
      vertex 4.1411 -15.4548 0
      vertex 5.47232 -15.0351 0
    endloop
  endfacet
  facet normal 0 0 -1
    outer loop
      vertex 52 -40 0
      vertex 2.77837 -15.7569 0
      vertex 4.1411 -15.4548 0
    endloop
  endfacet
  facet normal 0 0 -1
    outer loop
      vertex 52 -40 0
      vertex 1.39449 -15.9391 0
      vertex 2.77837 -15.7569 0
    endloop
  endfacet
  facet normal 0 0 -1
    outer loop
      vertex 52 -40 0
      vertex 0 -16 0
      vertex 1.39449 -15.9391 0
    endloop
  endfacet
  facet normal 0 0 -1
    outer loop
      vertex -52 -40 0
      vertex 0 -16 0
      vertex 52 -40 0
    endloop
  endfacet
  facet normal -0 0 -1
    outer loop
      vertex 0 -16 0
      vertex -52 -40 0
      vertex -1.39449 -15.9391 0
    endloop
  endfacet
  facet normal -0 0 -1
    outer loop
      vertex -1.39449 -15.9391 0
      vertex -52 -40 0
      vertex -2.77837 -15.7569 0
    endloop
  endfacet
  facet normal -0 0 -1
    outer loop
      vertex -2.77837 -15.7569 0
      vertex -52 -40 0
      vertex -4.1411 -15.4548 0
    endloop
  endfacet
  facet normal -0 0 -1
    outer loop
      vertex -4.1411 -15.4548 0
      vertex -52 -40 0
      vertex -5.47232 -15.0351 0
    endloop
  endfacet
  facet normal -0 0 -1
    outer loop
      vertex -13.1064 -9.17722 0
      vertex -48.5278 -29.15 0
      vertex -13.8564 -8 0
    endloop
  endfacet
  facet normal 0 0 -1
    outer loop
      vertex -48.5278 -29.15 0
      vertex -13.1064 -9.17722 0
      vertex -48.4593 -29.2815 0
    endloop
  endfacet
  facet normal 0 0 -1
    outer loop
      vertex -48.4593 -29.2815 0
      vertex -13.1064 -9.17722 0
      vertex -48.4025 -29.4186 0
    endloop
  endfacet
  facet normal -0 0 -1
    outer loop
      vertex -12.2567 -10.2846 0
      vertex -48.4025 -29.4186 0
      vertex -13.1064 -9.17722 0
    endloop
  endfacet
  facet normal 0 0 -1
    outer loop
      vertex -48.4025 -29.4186 0
      vertex -12.2567 -10.2846 0
      vertex -48.3579 -29.56 0
    endloop
  endfacet
  facet normal 0 0 -1
    outer loop
      vertex -48.3579 -29.56 0
      vertex -12.2567 -10.2846 0
      vertex -48.3258 -29.7048 0
    endloop
  endfacet
  facet normal -0 0 -1
    outer loop
      vertex -11.3137 -11.3137 0
      vertex -48.3258 -29.7048 0
      vertex -12.2567 -10.2846 0
    endloop
  endfacet
  facet normal 0 0 -1
    outer loop
      vertex -48.3258 -29.7048 0
      vertex -11.3137 -11.3137 0
      vertex -48.3065 -29.8518 0
    endloop
  endfacet
  facet normal -0 0 -1
    outer loop
      vertex -10.2846 -12.2567 0
      vertex -48.3065 -29.8518 0
      vertex -11.3137 -11.3137 0
    endloop
  endfacet
  facet normal 0 0 -1
    outer loop
      vertex -48.3065 -29.8518 0
      vertex -10.2846 -12.2567 0
      vertex -48.3 -30 0
    endloop
  endfacet
  facet normal 0 0 -1
    outer loop
      vertex -48.3065 -30.1482 0
      vertex -10.2846 -12.2567 0
      vertex -9.17722 -13.1064 0
    endloop
  endfacet
  facet normal 0 0 -1
    outer loop
      vertex -48.3258 -30.2952 0
      vertex -9.17722 -13.1064 0
      vertex -8 -13.8564 0
    endloop
  endfacet
  facet normal 0 0 -1
    outer loop
      vertex -48.4025 -30.5814 0
      vertex -8 -13.8564 0
      vertex -6.76189 -14.5009 0
    endloop
  endfacet
  facet normal 0 -0 -1
    outer loop
      vertex -48.5278 -30.85 0
      vertex -5.47232 -15.0351 0
      vertex -52 -40 0
    endloop
  endfacet
  facet normal 0 0 -1
    outer loop
      vertex -10.2846 -12.2567 0
      vertex -48.3065 -30.1482 0
      vertex -48.3 -30 0
    endloop
  endfacet
  facet normal 0 0 -1
    outer loop
      vertex -9.17722 -13.1064 0
      vertex -48.3258 -30.2952 0
      vertex -48.3065 -30.1482 0
    endloop
  endfacet
  facet normal 0 0 -1
    outer loop
      vertex -8 -13.8564 0
      vertex -48.3579 -30.44 0
      vertex -48.3258 -30.2952 0
    endloop
  endfacet
  facet normal 0 0 -1
    outer loop
      vertex -8 -13.8564 0
      vertex -48.4025 -30.5814 0
      vertex -48.3579 -30.44 0
    endloop
  endfacet
  facet normal 0 0 -1
    outer loop
      vertex -6.76189 -14.5009 0
      vertex -48.4593 -30.7185 0
      vertex -48.4025 -30.5814 0
    endloop
  endfacet
  facet normal 0 -0 -1
    outer loop
      vertex -48.4593 -30.7185 0
      vertex -5.47232 -15.0351 0
      vertex -48.5278 -30.85 0
    endloop
  endfacet
  facet normal -0 0 -1
    outer loop
      vertex -5.47232 -15.0351 0
      vertex -48.4593 -30.7185 0
      vertex -6.76189 -14.5009 0
    endloop
  endfacet
  facet normal 0 0 -1
    outer loop
      vertex -48.5278 -30.85 0
      vertex -52 -40 0
      vertex -48.6074 -30.9751 0
    endloop
  endfacet
  facet normal 0 0 -1
    outer loop
      vertex -48.6074 -30.9751 0
      vertex -52 -40 0
      vertex -48.6977 -31.0927 0
    endloop
  endfacet
  facet normal 0 0 -1
    outer loop
      vertex -48.6977 -31.0927 0
      vertex -52 -40 0
      vertex -48.7979 -31.2021 0
    endloop
  endfacet
  facet normal 0 0 -1
    outer loop
      vertex -48.7979 -31.2021 0
      vertex -52 -40 0
      vertex -48.9073 -31.3023 0
    endloop
  endfacet
  facet normal 0 0 -1
    outer loop
      vertex -48.9073 -31.3023 0
      vertex -52 -40 0
      vertex -49.0249 -31.3926 0
    endloop
  endfacet
  facet normal 0 0 -1
    outer loop
      vertex -49.0249 -31.3926 0
      vertex -52 -40 0
      vertex -49.15 -31.4722 0
    endloop
  endfacet
  facet normal 0 0 -1
    outer loop
      vertex -49.15 -31.4722 0
      vertex -52 -40 0
      vertex -49.2815 -31.5407 0
    endloop
  endfacet
  facet normal 0 0 -1
    outer loop
      vertex -49.2815 -31.5407 0
      vertex -52 -40 0
      vertex -49.4186 -31.5975 0
    endloop
  endfacet
  facet normal 0 0 -1
    outer loop
      vertex -49.4186 -31.5975 0
      vertex -52 -40 0
      vertex -49.56 -31.6421 0
    endloop
  endfacet
  facet normal 0 0 -1
    outer loop
      vertex -49.56 -31.6421 0
      vertex -52 -40 0
      vertex -49.7048 -31.6742 0
    endloop
  endfacet
  facet normal 0 0 -1
    outer loop
      vertex -49.7048 -31.6742 0
      vertex -52 -40 0
      vertex -49.8518 -31.6935 0
    endloop
  endfacet
  facet normal 0 0 -1
    outer loop
      vertex -49.8518 -31.6935 0
      vertex -52 -40 0
      vertex -50 -31.7 0
    endloop
  endfacet
  facet normal 0 0 -1
    outer loop
      vertex -58.1284 -37.1423 0
      vertex -51.2021 -31.2021 0
      vertex -57.6569 -37.6569 0
    endloop
  endfacet
  facet normal 0 0 -1
    outer loop
      vertex -57.6569 -37.6569 0
      vertex -51.2021 -31.2021 0
      vertex -57.1423 -38.1284 0
    endloop
  endfacet
  facet normal -0 0 -1
    outer loop
      vertex -51.0927 -31.3023 0
      vertex -57.1423 -38.1284 0
      vertex -51.2021 -31.2021 0
    endloop
  endfacet
  facet normal 0 0 -1
    outer loop
      vertex -57.1423 -38.1284 0
      vertex -51.0927 -31.3023 0
      vertex -56.5886 -38.5532 0
    endloop
  endfacet
  facet normal 0 0 -1
    outer loop
      vertex -56.5886 -38.5532 0
      vertex -51.0927 -31.3023 0
      vertex -56 -38.9282 0
    endloop
  endfacet
  facet normal -0 0 -1
    outer loop
      vertex -50.9751 -31.3926 0
      vertex -56 -38.9282 0
      vertex -51.0927 -31.3023 0
    endloop
  endfacet
  facet normal 0 0 -1
    outer loop
      vertex -56 -38.9282 0
      vertex -50.9751 -31.3926 0
      vertex -55.3809 -39.2505 0
    endloop
  endfacet
  facet normal 0 0 -1
    outer loop
      vertex -55.3809 -39.2505 0
      vertex -50.9751 -31.3926 0
      vertex -54.7362 -39.5175 0
    endloop
  endfacet
  facet normal -0 0 -1
    outer loop
      vertex -50.85 -31.4722 0
      vertex -54.7362 -39.5175 0
      vertex -50.9751 -31.3926 0
    endloop
  endfacet
  facet normal 0 0 -1
    outer loop
      vertex -54.7362 -39.5175 0
      vertex -50.85 -31.4722 0
      vertex -54.0706 -39.7274 0
    endloop
  endfacet
  facet normal -0 0 -1
    outer loop
      vertex -50.7185 -31.5407 0
      vertex -54.0706 -39.7274 0
      vertex -50.85 -31.4722 0
    endloop
  endfacet
  facet normal 0 0 -1
    outer loop
      vertex -54.0706 -39.7274 0
      vertex -50.7185 -31.5407 0
      vertex -53.3892 -39.8785 0
    endloop
  endfacet
  facet normal 0 0 -1
    outer loop
      vertex -53.3892 -39.8785 0
      vertex -50.7185 -31.5407 0
      vertex -52.6972 -39.9696 0
    endloop
  endfacet
  facet normal -0 0 -1
    outer loop
      vertex -50.5814 -31.5975 0
      vertex -52.6972 -39.9696 0
      vertex -50.7185 -31.5407 0
    endloop
  endfacet
  facet normal 0 0 -1
    outer loop
      vertex -52.6972 -39.9696 0
      vertex -50.5814 -31.5975 0
      vertex -52 -40 0
    endloop
  endfacet
  facet normal -0 0 -1
    outer loop
      vertex -50.44 -31.6421 0
      vertex -52 -40 0
      vertex -50.5814 -31.5975 0
    endloop
  endfacet
  facet normal -0 0 -1
    outer loop
      vertex -50.2952 -31.6742 0
      vertex -52 -40 0
      vertex -50.44 -31.6421 0
    endloop
  endfacet
  facet normal -0 0 -1
    outer loop
      vertex -50.1482 -31.6935 0
      vertex -52 -40 0
      vertex -50.2952 -31.6742 0
    endloop
  endfacet
  facet normal -0 0 -1
    outer loop
      vertex -50 -31.7 0
      vertex -52 -40 0
      vertex -50.1482 -31.6935 0
    endloop
  endfacet
  facet normal -0 0 -1
    outer loop
      vertex 58.1284 37.1423 0
      vertex 51.2021 31.2021 0
      vertex 57.6569 37.6569 0
    endloop
  endfacet
  facet normal -0 0 -1
    outer loop
      vertex 57.6569 37.6569 0
      vertex 51.2021 31.2021 0
      vertex 57.1423 38.1284 0
    endloop
  endfacet
  facet normal 0 0 -1
    outer loop
      vertex 51.0927 31.3023 0
      vertex 57.1423 38.1284 0
      vertex 51.2021 31.2021 0
    endloop
  endfacet
  facet normal -0 0 -1
    outer loop
      vertex 57.1423 38.1284 0
      vertex 51.0927 31.3023 0
      vertex 56.5886 38.5532 0
    endloop
  endfacet
  facet normal -0 0 -1
    outer loop
      vertex 56.5886 38.5532 0
      vertex 51.0927 31.3023 0
      vertex 56 38.9282 0
    endloop
  endfacet
  facet normal 0 0 -1
    outer loop
      vertex 50.9751 31.3926 0
      vertex 56 38.9282 0
      vertex 51.0927 31.3023 0
    endloop
  endfacet
  facet normal -0 0 -1
    outer loop
      vertex 56 38.9282 0
      vertex 50.9751 31.3926 0
      vertex 55.3809 39.2505 0
    endloop
  endfacet
  facet normal -0 0 -1
    outer loop
      vertex 55.3809 39.2505 0
      vertex 50.9751 31.3926 0
      vertex 54.7362 39.5175 0
    endloop
  endfacet
  facet normal 0 0 -1
    outer loop
      vertex 50.85 31.4722 0
      vertex 54.7362 39.5175 0
      vertex 50.9751 31.3926 0
    endloop
  endfacet
  facet normal -0 0 -1
    outer loop
      vertex 54.7362 39.5175 0
      vertex 50.85 31.4722 0
      vertex 54.0706 39.7274 0
    endloop
  endfacet
  facet normal 0 0 -1
    outer loop
      vertex 50.7185 31.5407 0
      vertex 54.0706 39.7274 0
      vertex 50.85 31.4722 0
    endloop
  endfacet
  facet normal -0 0 -1
    outer loop
      vertex 54.0706 39.7274 0
      vertex 50.7185 31.5407 0
      vertex 53.3892 39.8785 0
    endloop
  endfacet
  facet normal -0 0 -1
    outer loop
      vertex 53.3892 39.8785 0
      vertex 50.7185 31.5407 0
      vertex 52.6972 39.9696 0
    endloop
  endfacet
  facet normal 0 0 -1
    outer loop
      vertex 50.5814 31.5975 0
      vertex 52.6972 39.9696 0
      vertex 50.7185 31.5407 0
    endloop
  endfacet
  facet normal -0 0 -1
    outer loop
      vertex 52.6972 39.9696 0
      vertex 50.5814 31.5975 0
      vertex 52 40 0
    endloop
  endfacet
  facet normal 0 0 -1
    outer loop
      vertex 50.44 31.6421 0
      vertex 52 40 0
      vertex 50.5814 31.5975 0
    endloop
  endfacet
  facet normal 0 0 -1
    outer loop
      vertex 50.2952 31.6742 0
      vertex 52 40 0
      vertex 50.44 31.6421 0
    endloop
  endfacet
  facet normal 0 0 -1
    outer loop
      vertex 50.1482 31.6935 0
      vertex 52 40 0
      vertex 50.2952 31.6742 0
    endloop
  endfacet
  facet normal 0 0 -1
    outer loop
      vertex 50 31.7 0
      vertex 52 40 0
      vertex 50.1482 31.6935 0
    endloop
  endfacet
  facet normal 0 0 -1
    outer loop
      vertex 49.8518 31.6935 0
      vertex 52 40 0
      vertex 50 31.7 0
    endloop
  endfacet
  facet normal 0 0 -1
    outer loop
      vertex 49.7048 31.6742 0
      vertex 52 40 0
      vertex 49.8518 31.6935 0
    endloop
  endfacet
  facet normal 0 0 -1
    outer loop
      vertex 49.56 31.6421 0
      vertex 52 40 0
      vertex 49.7048 31.6742 0
    endloop
  endfacet
  facet normal 0 0 -1
    outer loop
      vertex 49.4186 31.5975 0
      vertex 52 40 0
      vertex 49.56 31.6421 0
    endloop
  endfacet
  facet normal 0 0 -1
    outer loop
      vertex 49.2815 31.5407 0
      vertex 52 40 0
      vertex 49.4186 31.5975 0
    endloop
  endfacet
  facet normal 0 0 -1
    outer loop
      vertex 49.15 31.4722 0
      vertex 52 40 0
      vertex 49.2815 31.5407 0
    endloop
  endfacet
  facet normal 0 0 -1
    outer loop
      vertex 49.0249 31.3926 0
      vertex 52 40 0
      vertex 49.15 31.4722 0
    endloop
  endfacet
  facet normal 0 0 -1
    outer loop
      vertex 48.9073 31.3023 0
      vertex 52 40 0
      vertex 49.0249 31.3926 0
    endloop
  endfacet
  facet normal 0 0 -1
    outer loop
      vertex 48.7979 31.2021 0
      vertex 52 40 0
      vertex 48.9073 31.3023 0
    endloop
  endfacet
  facet normal 0 0 -1
    outer loop
      vertex 48.6977 31.0927 0
      vertex 52 40 0
      vertex 48.7979 31.2021 0
    endloop
  endfacet
  facet normal 0 0 -1
    outer loop
      vertex 48.6074 30.9751 0
      vertex 52 40 0
      vertex 48.6977 31.0927 0
    endloop
  endfacet
  facet normal 0 0 -1
    outer loop
      vertex 48.5278 30.85 0
      vertex 52 40 0
      vertex 48.6074 30.9751 0
    endloop
  endfacet
  facet normal 0 0 -1
    outer loop
      vertex 5.47232 15.0351 0
      vertex 48.5278 30.85 0
      vertex 48.4593 30.7185 0
    endloop
  endfacet
  facet normal 0 0 -1
    outer loop
      vertex 6.76189 14.5009 0
      vertex 48.4593 30.7185 0
      vertex 48.4025 30.5814 0
    endloop
  endfacet
  facet normal 0 0 -1
    outer loop
      vertex 13.1064 9.17722 0
      vertex 48.5278 29.15 0
      vertex 13.8564 8 0
    endloop
  endfacet
  facet normal -0 0 -1
    outer loop
      vertex 48.5278 29.15 0
      vertex 13.1064 9.17722 0
      vertex 48.4593 29.2815 0
    endloop
  endfacet
  facet normal -0 0 -1
    outer loop
      vertex 48.4593 29.2815 0
      vertex 13.1064 9.17722 0
      vertex 48.4025 29.4186 0
    endloop
  endfacet
  facet normal 0 0 -1
    outer loop
      vertex 12.2567 10.2846 0
      vertex 48.4025 29.4186 0
      vertex 13.1064 9.17722 0
    endloop
  endfacet
  facet normal -0 0 -1
    outer loop
      vertex 48.4025 29.4186 0
      vertex 12.2567 10.2846 0
      vertex 48.3579 29.56 0
    endloop
  endfacet
  facet normal -0 0 -1
    outer loop
      vertex 48.3579 29.56 0
      vertex 12.2567 10.2846 0
      vertex 48.3258 29.7048 0
    endloop
  endfacet
  facet normal 0 0 -1
    outer loop
      vertex 11.3137 11.3137 0
      vertex 48.3258 29.7048 0
      vertex 12.2567 10.2846 0
    endloop
  endfacet
  facet normal -0 0 -1
    outer loop
      vertex 48.3258 29.7048 0
      vertex 11.3137 11.3137 0
      vertex 48.3065 29.8518 0
    endloop
  endfacet
  facet normal 0 0 -1
    outer loop
      vertex 10.2846 12.2567 0
      vertex 48.3065 29.8518 0
      vertex 11.3137 11.3137 0
    endloop
  endfacet
  facet normal -0 0 -1
    outer loop
      vertex 48.3065 29.8518 0
      vertex 10.2846 12.2567 0
      vertex 48.3 30 0
    endloop
  endfacet
  facet normal -0 0 -1
    outer loop
      vertex 48.3 30 0
      vertex 10.2846 12.2567 0
      vertex 48.3065 30.1482 0
    endloop
  endfacet
  facet normal 0 0 -1
    outer loop
      vertex 9.17722 13.1064 0
      vertex 48.3065 30.1482 0
      vertex 10.2846 12.2567 0
    endloop
  endfacet
  facet normal -0 0 -1
    outer loop
      vertex 48.3065 30.1482 0
      vertex 9.17722 13.1064 0
      vertex 48.3258 30.2952 0
    endloop
  endfacet
  facet normal 0 0 -1
    outer loop
      vertex 8 13.8564 0
      vertex 48.3258 30.2952 0
      vertex 9.17722 13.1064 0
    endloop
  endfacet
  facet normal -0 0 -1
    outer loop
      vertex 48.3258 30.2952 0
      vertex 8 13.8564 0
      vertex 48.3579 30.44 0
    endloop
  endfacet
  facet normal -0 0 -1
    outer loop
      vertex 48.3579 30.44 0
      vertex 8 13.8564 0
      vertex 48.4025 30.5814 0
    endloop
  endfacet
  facet normal 0 0 -1
    outer loop
      vertex 6.76189 14.5009 0
      vertex 48.4025 30.5814 0
      vertex 8 13.8564 0
    endloop
  endfacet
  facet normal 0 0 -1
    outer loop
      vertex 48.4593 30.7185 0
      vertex 6.76189 14.5009 0
      vertex 5.47232 15.0351 0
    endloop
  endfacet
  facet normal -0 0 -1
    outer loop
      vertex 48.5278 30.85 0
      vertex 5.47232 15.0351 0
      vertex 52 40 0
    endloop
  endfacet
  facet normal 0 0 -1
    outer loop
      vertex 4.1411 15.4548 0
      vertex 52 40 0
      vertex 5.47232 15.0351 0
    endloop
  endfacet
  facet normal 0 0 -1
    outer loop
      vertex 2.77837 15.7569 0
      vertex 52 40 0
      vertex 4.1411 15.4548 0
    endloop
  endfacet
  facet normal 0 0 -1
    outer loop
      vertex 1.39449 15.9391 0
      vertex 52 40 0
      vertex 2.77837 15.7569 0
    endloop
  endfacet
  facet normal 0 0 -1
    outer loop
      vertex 0 16 0
      vertex 52 40 0
      vertex 1.39449 15.9391 0
    endloop
  endfacet
  facet normal 0 0 -1
    outer loop
      vertex -52 40 0
      vertex 0 16 0
      vertex -1.39449 15.9391 0
    endloop
  endfacet
  facet normal 0 0 -1
    outer loop
      vertex -52 40 0
      vertex -1.39449 15.9391 0
      vertex -2.77837 15.7569 0
    endloop
  endfacet
  facet normal 0 0 -1
    outer loop
      vertex -52 40 0
      vertex -2.77837 15.7569 0
      vertex -4.1411 15.4548 0
    endloop
  endfacet
  facet normal 0 0 -1
    outer loop
      vertex -52 40 0
      vertex -4.1411 15.4548 0
      vertex -5.47232 15.0351 0
    endloop
  endfacet
  facet normal 0 0 -1
    outer loop
      vertex -48.4593 30.7185 0
      vertex -5.47232 15.0351 0
      vertex -6.76189 14.5009 0
    endloop
  endfacet
  facet normal 0 0 -1
    outer loop
      vertex -48.6074 -29.0249 0
      vertex -13.8564 -8 0
      vertex -48.5278 -29.15 0
    endloop
  endfacet
  facet normal 0 0 -1
    outer loop
      vertex -16 0 0
      vertex -48.3 30 0
      vertex -15.9391 1.39449 0
    endloop
  endfacet
  facet normal 0 0 -1
    outer loop
      vertex -15.9391 1.39449 0
      vertex -48.3 30 0
      vertex -15.7569 2.77837 0
    endloop
  endfacet
  facet normal 0 0 -1
    outer loop
      vertex -15.7569 2.77837 0
      vertex -48.3 30 0
      vertex -15.4548 4.1411 0
    endloop
  endfacet
  facet normal 0 0 -1
    outer loop
      vertex -15.4548 4.1411 0
      vertex -48.3 30 0
      vertex -15.0351 5.47232 0
    endloop
  endfacet
  facet normal 0 0 -1
    outer loop
      vertex -15.0351 5.47232 0
      vertex -48.3 30 0
      vertex -14.5009 6.76189 0
    endloop
  endfacet
  facet normal 0 0 -1
    outer loop
      vertex -14.5009 6.76189 0
      vertex -48.3 30 0
      vertex -13.8564 8 0
    endloop
  endfacet
  facet normal 0 0 -1
    outer loop
      vertex -13.8564 8 0
      vertex -48.3 30 0
      vertex -13.1064 9.17722 0
    endloop
  endfacet
  facet normal 0 0 -1
    outer loop
      vertex -13.1064 9.17722 0
      vertex -48.3 30 0
      vertex -12.2567 10.2846 0
    endloop
  endfacet
  facet normal 0 0 -1
    outer loop
      vertex -48.3 30 0
      vertex -11.3137 11.3137 0
      vertex -12.2567 10.2846 0
    endloop
  endfacet
  facet normal 0 0 -1
    outer loop
      vertex -48.3 30 0
      vertex -10.2846 12.2567 0
      vertex -11.3137 11.3137 0
    endloop
  endfacet
  facet normal 0 0 -1
    outer loop
      vertex -48.3065 30.1482 0
      vertex -10.2846 12.2567 0
      vertex -48.3 30 0
    endloop
  endfacet
  facet normal 0 0 -1
    outer loop
      vertex -10.2846 12.2567 0
      vertex -48.3065 30.1482 0
      vertex -9.17722 13.1064 0
    endloop
  endfacet
  facet normal 0 0 -1
    outer loop
      vertex -48.3258 30.2952 0
      vertex -9.17722 13.1064 0
      vertex -48.3065 30.1482 0
    endloop
  endfacet
  facet normal 0 0 -1
    outer loop
      vertex -9.17722 13.1064 0
      vertex -48.3258 30.2952 0
      vertex -8 13.8564 0
    endloop
  endfacet
  facet normal 0 0 -1
    outer loop
      vertex -48.3579 30.44 0
      vertex -8 13.8564 0
      vertex -48.3258 30.2952 0
    endloop
  endfacet
  facet normal 0 0 -1
    outer loop
      vertex -48.4025 30.5814 0
      vertex -8 13.8564 0
      vertex -48.3579 30.44 0
    endloop
  endfacet
  facet normal 0 0 -1
    outer loop
      vertex -8 13.8564 0
      vertex -48.4025 30.5814 0
      vertex -6.76189 14.5009 0
    endloop
  endfacet
  facet normal 0 0 -1
    outer loop
      vertex -48.4593 30.7185 0
      vertex -6.76189 14.5009 0
      vertex -48.4025 30.5814 0
    endloop
  endfacet
  facet normal 0 0 -1
    outer loop
      vertex -5.47232 15.0351 0
      vertex -48.4593 30.7185 0
      vertex -48.5278 30.85 0
    endloop
  endfacet
  facet normal 0 0 -1
    outer loop
      vertex -5.47232 15.0351 0
      vertex -48.5278 30.85 0
      vertex -52 40 0
    endloop
  endfacet
  facet normal 0 0 -1
    outer loop
      vertex -52 40 0
      vertex -48.5278 30.85 0
      vertex -48.6074 30.9751 0
    endloop
  endfacet
  facet normal 0 0 -1
    outer loop
      vertex -52 40 0
      vertex -48.6074 30.9751 0
      vertex -48.6977 31.0927 0
    endloop
  endfacet
  facet normal 0 0 -1
    outer loop
      vertex -52 40 0
      vertex -48.6977 31.0927 0
      vertex -48.7979 31.2021 0
    endloop
  endfacet
  facet normal 0 0 -1
    outer loop
      vertex -52 40 0
      vertex -48.7979 31.2021 0
      vertex -48.9073 31.3023 0
    endloop
  endfacet
  facet normal 0 0 -1
    outer loop
      vertex -52 40 0
      vertex -48.9073 31.3023 0
      vertex -49.0249 31.3926 0
    endloop
  endfacet
  facet normal 0 0 -1
    outer loop
      vertex -52 40 0
      vertex -49.0249 31.3926 0
      vertex -49.15 31.4722 0
    endloop
  endfacet
  facet normal 0 0 -1
    outer loop
      vertex -52 40 0
      vertex -49.15 31.4722 0
      vertex -49.2815 31.5407 0
    endloop
  endfacet
  facet normal 0 0 -1
    outer loop
      vertex -52 40 0
      vertex -49.2815 31.5407 0
      vertex -49.4186 31.5975 0
    endloop
  endfacet
  facet normal 0 0 -1
    outer loop
      vertex -52 40 0
      vertex -49.4186 31.5975 0
      vertex -49.56 31.6421 0
    endloop
  endfacet
  facet normal 0 0 -1
    outer loop
      vertex -52 40 0
      vertex -49.56 31.6421 0
      vertex -49.7048 31.6742 0
    endloop
  endfacet
  facet normal 0 0 -1
    outer loop
      vertex -52 40 0
      vertex -49.7048 31.6742 0
      vertex -49.8518 31.6935 0
    endloop
  endfacet
  facet normal 0 0 -1
    outer loop
      vertex -52 40 0
      vertex -49.8518 31.6935 0
      vertex -50 31.7 0
    endloop
  endfacet
  facet normal 0 0 -1
    outer loop
      vertex -52 40 0
      vertex -50 31.7 0
      vertex -50.1482 31.6935 0
    endloop
  endfacet
  facet normal 0 0 -1
    outer loop
      vertex 0 16 0
      vertex -52 40 0
      vertex 52 40 0
    endloop
  endfacet
  facet normal 0 0 -1
    outer loop
      vertex -50.2952 31.6742 0
      vertex -52 40 0
      vertex -50.1482 31.6935 0
    endloop
  endfacet
  facet normal 0 0 -1
    outer loop
      vertex -50.44 31.6421 0
      vertex -52 40 0
      vertex -50.2952 31.6742 0
    endloop
  endfacet
  facet normal 0 0 -1
    outer loop
      vertex -50.5814 31.5975 0
      vertex -52 40 0
      vertex -50.44 31.6421 0
    endloop
  endfacet
  facet normal 0 0 -1
    outer loop
      vertex -52.6972 39.9696 0
      vertex -50.5814 31.5975 0
      vertex -50.7185 31.5407 0
    endloop
  endfacet
  facet normal 0 0 -1
    outer loop
      vertex -54.0706 39.7274 0
      vertex -50.7185 31.5407 0
      vertex -50.85 31.4722 0
    endloop
  endfacet
  facet normal 0 0 -1
    outer loop
      vertex -54.7362 39.5175 0
      vertex -50.85 31.4722 0
      vertex -50.9751 31.3926 0
    endloop
  endfacet
  facet normal 0 0 -1
    outer loop
      vertex -56 38.9282 0
      vertex -50.9751 31.3926 0
      vertex -51.0927 31.3023 0
    endloop
  endfacet
  facet normal 0 0 -1
    outer loop
      vertex -57.1423 38.1284 0
      vertex -51.0927 31.3023 0
      vertex -51.2021 31.2021 0
    endloop
  endfacet
  facet normal 0 0 -1
    outer loop
      vertex -58.1284 37.1423 0
      vertex -51.2021 31.2021 0
      vertex -51.3023 31.0927 0
    endloop
  endfacet
  facet normal 0 0 -1
    outer loop
      vertex -58.9282 36 0
      vertex -51.3023 31.0927 0
      vertex -51.3926 30.9751 0
    endloop
  endfacet
  facet normal 0 0 -1
    outer loop
      vertex -59.2505 35.3809 0
      vertex -51.3926 30.9751 0
      vertex -51.4722 30.85 0
    endloop
  endfacet
  facet normal 0 0 -1
    outer loop
      vertex -59.7274 34.0706 0
      vertex -51.4722 30.85 0
      vertex -51.5407 30.7185 0
    endloop
  endfacet
  facet normal 0 0 -1
    outer loop
      vertex -59.9696 32.6972 0
      vertex -51.5407 30.7185 0
      vertex -51.5975 30.5814 0
    endloop
  endfacet
  facet normal 0 0 -1
    outer loop
      vertex -60 32 0
      vertex -51.5975 30.5814 0
      vertex -51.6421 30.44 0
    endloop
  endfacet
  facet normal 0 0 -1
    outer loop
      vertex -60 32 0
      vertex -51.6421 30.44 0
      vertex -51.6742 30.2952 0
    endloop
  endfacet
  facet normal 0 0 -1
    outer loop
      vertex -60 32 0
      vertex -51.6742 30.2952 0
      vertex -51.6935 30.1482 0
    endloop
  endfacet
  facet normal 0 0 -1
    outer loop
      vertex -60 32 0
      vertex -51.6935 30.1482 0
      vertex -51.7 30 0
    endloop
  endfacet
  facet normal 0 0 -1
    outer loop
      vertex -51.6742 29.7048 0
      vertex -60 32 0
      vertex -51.6935 29.8518 0
    endloop
  endfacet
  facet normal -0 0 -1
    outer loop
      vertex -51.2021 -31.2021 0
      vertex -58.1284 -37.1423 0
      vertex -51.3023 -31.0927 0
    endloop
  endfacet
  facet normal 0 0 -1
    outer loop
      vertex -51.6935 29.8518 0
      vertex -60 32 0
      vertex -51.7 30 0
    endloop
  endfacet
  facet normal 0 0 -1
    outer loop
      vertex -58.5532 -36.5886 0
      vertex -51.3023 -31.0927 0
      vertex -58.1284 -37.1423 0
    endloop
  endfacet
  facet normal 0 0 -1
    outer loop
      vertex -51.5975 30.5814 0
      vertex -60 32 0
      vertex -59.9696 32.6972 0
    endloop
  endfacet
  facet normal 0 0 -1
    outer loop
      vertex -58.9282 -36 0
      vertex -51.3023 -31.0927 0
      vertex -58.5532 -36.5886 0
    endloop
  endfacet
  facet normal 0 0 -1
    outer loop
      vertex -50.5814 31.5975 0
      vertex -52.6972 39.9696 0
      vertex -52 40 0
    endloop
  endfacet
  facet normal -0 0 -1
    outer loop
      vertex -51.3023 -31.0927 0
      vertex -58.9282 -36 0
      vertex -51.3926 -30.9751 0
    endloop
  endfacet
  facet normal 0 0 -1
    outer loop
      vertex -50.7185 31.5407 0
      vertex -53.3892 39.8785 0
      vertex -52.6972 39.9696 0
    endloop
  endfacet
  facet normal 0 0 -1
    outer loop
      vertex -59.2505 -35.3809 0
      vertex -51.3926 -30.9751 0
      vertex -58.9282 -36 0
    endloop
  endfacet
  facet normal 0 0 -1
    outer loop
      vertex -50.7185 31.5407 0
      vertex -54.0706 39.7274 0
      vertex -53.3892 39.8785 0
    endloop
  endfacet
  facet normal -0 0 -1
    outer loop
      vertex -51.3926 -30.9751 0
      vertex -59.2505 -35.3809 0
      vertex -51.4722 -30.85 0
    endloop
  endfacet
  facet normal 0 0 -1
    outer loop
      vertex -50.85 31.4722 0
      vertex -54.7362 39.5175 0
      vertex -54.0706 39.7274 0
    endloop
  endfacet
  facet normal 0 0 -1
    outer loop
      vertex -59.5175 -34.7362 0
      vertex -51.4722 -30.85 0
      vertex -59.2505 -35.3809 0
    endloop
  endfacet
  facet normal 0 0 -1
    outer loop
      vertex -50.9751 31.3926 0
      vertex -55.3809 39.2505 0
      vertex -54.7362 39.5175 0
    endloop
  endfacet
  facet normal 0 0 -1
    outer loop
      vertex -59.7274 -34.0706 0
      vertex -51.4722 -30.85 0
      vertex -59.5175 -34.7362 0
    endloop
  endfacet
  facet normal 0 0 -1
    outer loop
      vertex -50.9751 31.3926 0
      vertex -56 38.9282 0
      vertex -55.3809 39.2505 0
    endloop
  endfacet
  facet normal -0 0 -1
    outer loop
      vertex -51.4722 -30.85 0
      vertex -59.7274 -34.0706 0
      vertex -51.5407 -30.7185 0
    endloop
  endfacet
  facet normal 0 0 -1
    outer loop
      vertex -51.0927 31.3023 0
      vertex -56.5886 38.5532 0
      vertex -56 38.9282 0
    endloop
  endfacet
  facet normal 0 0 -1
    outer loop
      vertex -59.8785 -33.3892 0
      vertex -51.5407 -30.7185 0
      vertex -59.7274 -34.0706 0
    endloop
  endfacet
  facet normal 0 0 -1
    outer loop
      vertex -51.0927 31.3023 0
      vertex -57.1423 38.1284 0
      vertex -56.5886 38.5532 0
    endloop
  endfacet
  facet normal 0 0 -1
    outer loop
      vertex -59.9696 -32.6972 0
      vertex -51.5407 -30.7185 0
      vertex -59.8785 -33.3892 0
    endloop
  endfacet
  facet normal 0 0 -1
    outer loop
      vertex -51.2021 31.2021 0
      vertex -57.6569 37.6569 0
      vertex -57.1423 38.1284 0
    endloop
  endfacet
  facet normal -0 0 -1
    outer loop
      vertex -51.5407 -30.7185 0
      vertex -59.9696 -32.6972 0
      vertex -51.5975 -30.5814 0
    endloop
  endfacet
  facet normal 0 0 -1
    outer loop
      vertex -51.2021 31.2021 0
      vertex -58.1284 37.1423 0
      vertex -57.6569 37.6569 0
    endloop
  endfacet
  facet normal 0 0 -1
    outer loop
      vertex -60 -32 0
      vertex -51.5975 -30.5814 0
      vertex -59.9696 -32.6972 0
    endloop
  endfacet
  facet normal 0 0 -1
    outer loop
      vertex -51.3023 31.0927 0
      vertex -58.5532 36.5886 0
      vertex -58.1284 37.1423 0
    endloop
  endfacet
  facet normal -0 0 -1
    outer loop
      vertex -51.5975 -30.5814 0
      vertex -60 -32 0
      vertex -51.6421 -30.44 0
    endloop
  endfacet
  facet normal 0 0 -1
    outer loop
      vertex -51.3023 31.0927 0
      vertex -58.9282 36 0
      vertex -58.5532 36.5886 0
    endloop
  endfacet
  facet normal -0 0 -1
    outer loop
      vertex -51.6421 -30.44 0
      vertex -60 -32 0
      vertex -51.6742 -30.2952 0
    endloop
  endfacet
  facet normal 0 0 -1
    outer loop
      vertex -51.3926 30.9751 0
      vertex -59.2505 35.3809 0
      vertex -58.9282 36 0
    endloop
  endfacet
  facet normal -0 0 -1
    outer loop
      vertex -51.6742 -30.2952 0
      vertex -60 -32 0
      vertex -51.6935 -30.1482 0
    endloop
  endfacet
  facet normal 0 0 -1
    outer loop
      vertex -51.4722 30.85 0
      vertex -59.5175 34.7362 0
      vertex -59.2505 35.3809 0
    endloop
  endfacet
  facet normal -0 0 -1
    outer loop
      vertex -51.6935 -30.1482 0
      vertex -60 -32 0
      vertex -51.7 -30 0
    endloop
  endfacet
  facet normal 0 0 -1
    outer loop
      vertex -51.4722 30.85 0
      vertex -59.7274 34.0706 0
      vertex -59.5175 34.7362 0
    endloop
  endfacet
  facet normal 0 0 -1
    outer loop
      vertex -51.5407 30.7185 0
      vertex -59.8785 33.3892 0
      vertex -59.7274 34.0706 0
    endloop
  endfacet
  facet normal 0 0 -1
    outer loop
      vertex -51.5407 30.7185 0
      vertex -59.9696 32.6972 0
      vertex -59.8785 33.3892 0
    endloop
  endfacet
  facet normal 0.675556 0.737309 -0
    outer loop
      vertex 57.6569 37.6569 0
      vertex 57.1423 38.1284 6
      vertex 57.6569 37.6569 6
    endloop
  endfacet
  facet normal 0.675556 0.737309 0
    outer loop
      vertex 57.1423 38.1284 6
      vertex 57.6569 37.6569 0
      vertex 57.1423 38.1284 0
    endloop
  endfacet
  facet normal 0.38263 0.923902 -0
    outer loop
      vertex 55.3809 39.2505 0
      vertex 54.7362 39.5175 6
      vertex 55.3809 39.2505 6
    endloop
  endfacet
  facet normal 0.38263 0.923902 0
    outer loop
      vertex 54.7362 39.5175 6
      vertex 55.3809 39.2505 0
      vertex 54.7362 39.5175 0
    endloop
  endfacet
  facet normal 0.887001 0.461768 0
    outer loop
      vertex 59.2505 35.3809 6
      vertex 58.9282 36 0
      vertex 58.9282 36 6
    endloop
  endfacet
  facet normal 0.887001 0.461768 0
    outer loop
      vertex 58.9282 36 0
      vertex 59.2505 35.3809 6
      vertex 59.2505 35.3809 0
    endloop
  endfacet
  facet normal -0.21649 -0.976285 0
    outer loop
      vertex -54.0706 -39.7274 0
      vertex -53.3892 -39.8785 6
      vertex -54.0706 -39.7274 6
    endloop
  endfacet
  facet normal -0.21649 -0.976285 -0
    outer loop
      vertex -53.3892 -39.8785 6
      vertex -54.0706 -39.7274 0
      vertex -53.3892 -39.8785 0
    endloop
  endfacet
  facet normal -0.953702 -0.300754 0
    outer loop
      vertex -59.5175 -34.7362 0
      vertex -59.7274 -34.0706 6
      vertex -59.7274 -34.0706 0
    endloop
  endfacet
  facet normal -0.953702 -0.300754 0
    outer loop
      vertex -59.7274 -34.0706 6
      vertex -59.5175 -34.7362 0
      vertex -59.5175 -34.7362 6
    endloop
  endfacet
  facet normal 0.461768 0.887001 -0
    outer loop
      vertex 56 38.9282 0
      vertex 55.3809 39.2505 6
      vertex 56 38.9282 6
    endloop
  endfacet
  facet normal 0.461768 0.887001 0
    outer loop
      vertex 55.3809 39.2505 6
      vertex 56 38.9282 0
      vertex 55.3809 39.2505 0
    endloop
  endfacet
  facet normal 0.21649 0.976285 -0
    outer loop
      vertex 54.0706 39.7274 0
      vertex 53.3892 39.8785 6
      vertex 54.0706 39.7274 6
    endloop
  endfacet
  facet normal 0.21649 0.976285 0
    outer loop
      vertex 53.3892 39.8785 6
      vertex 54.0706 39.7274 0
      vertex 53.3892 39.8785 0
    endloop
  endfacet
  facet normal -0.461768 0.887001 0
    outer loop
      vertex -55.3809 39.2505 0
      vertex -56 38.9282 6
      vertex -55.3809 39.2505 6
    endloop
  endfacet
  facet normal -0.461768 0.887001 0
    outer loop
      vertex -56 38.9282 6
      vertex -55.3809 39.2505 0
      vertex -56 38.9282 0
    endloop
  endfacet
  facet normal 0.38263 -0.923902 0
    outer loop
      vertex 54.7362 -39.5175 0
      vertex 55.3809 -39.2505 6
      vertex 54.7362 -39.5175 6
    endloop
  endfacet
  facet normal 0.38263 -0.923902 0
    outer loop
      vertex 55.3809 -39.2505 6
      vertex 54.7362 -39.5175 0
      vertex 55.3809 -39.2505 0
    endloop
  endfacet
  facet normal 0.300754 0.953702 -0
    outer loop
      vertex 54.7362 39.5175 0
      vertex 54.0706 39.7274 6
      vertex 54.7362 39.5175 6
    endloop
  endfacet
  facet normal 0.300754 0.953702 0
    outer loop
      vertex 54.0706 39.7274 6
      vertex 54.7362 39.5175 0
      vertex 54.0706 39.7274 0
    endloop
  endfacet
  facet normal 0.130521 -0.991446 0
    outer loop
      vertex 52.6972 -39.9696 0
      vertex 53.3892 -39.8785 6
      vertex 52.6972 -39.9696 6
    endloop
  endfacet
  facet normal 0.130521 -0.991446 0
    outer loop
      vertex 53.3892 -39.8785 6
      vertex 52.6972 -39.9696 0
      vertex 53.3892 -39.8785 0
    endloop
  endfacet
  facet normal 0.21649 -0.976285 0
    outer loop
      vertex 53.3892 -39.8785 0
      vertex 54.0706 -39.7274 6
      vertex 53.3892 -39.8785 6
    endloop
  endfacet
  facet normal 0.21649 -0.976285 0
    outer loop
      vertex 54.0706 -39.7274 6
      vertex 53.3892 -39.8785 0
      vertex 54.0706 -39.7274 0
    endloop
  endfacet
  facet normal -0.923902 -0.38263 0
    outer loop
      vertex -59.2505 -35.3809 0
      vertex -59.5175 -34.7362 6
      vertex -59.5175 -34.7362 0
    endloop
  endfacet
  facet normal -0.923902 -0.38263 0
    outer loop
      vertex -59.5175 -34.7362 6
      vertex -59.2505 -35.3809 0
      vertex -59.2505 -35.3809 6
    endloop
  endfacet
  facet normal 0.608751 0.793361 -0
    outer loop
      vertex -9.17722 -13.1064 0
      vertex -10.2846 -12.2567 6
      vertex -9.17722 -13.1064 6
    endloop
  endfacet
  facet normal 0.608751 0.793361 0
    outer loop
      vertex -10.2846 -12.2567 6
      vertex -9.17722 -13.1064 0
      vertex -10.2846 -12.2567 0
    endloop
  endfacet
  facet normal -0.991444 -0.130532 0
    outer loop
      vertex 15.9391 1.39449 0
      vertex 15.7569 2.77837 6
      vertex 15.7569 2.77837 0
    endloop
  endfacet
  facet normal -0.991444 -0.130532 0
    outer loop
      vertex 15.7569 2.77837 6
      vertex 15.9391 1.39449 0
      vertex 15.9391 1.39449 6
    endloop
  endfacet
  facet normal 0.300685 0.953724 -0
    outer loop
      vertex -4.1411 -15.4548 0
      vertex -5.47232 -15.0351 6
      vertex -4.1411 -15.4548 6
    endloop
  endfacet
  facet normal 0.300685 0.953724 0
    outer loop
      vertex -5.47232 -15.0351 6
      vertex -4.1411 -15.4548 0
      vertex -5.47232 -15.0351 0
    endloop
  endfacet
  facet normal -0.130532 0.991444 0
    outer loop
      vertex 2.77837 -15.7569 0
      vertex 1.39449 -15.9391 6
      vertex 2.77837 -15.7569 6
    endloop
  endfacet
  facet normal -0.130532 0.991444 0
    outer loop
      vertex 1.39449 -15.9391 6
      vertex 2.77837 -15.7569 0
      vertex 1.39449 -15.9391 0
    endloop
  endfacet
  facet normal -0.461738 0.887016 0
    outer loop
      vertex 8 -13.8564 0
      vertex 6.76189 -14.5009 6
      vertex 8 -13.8564 6
    endloop
  endfacet
  facet normal -0.461738 0.887016 0
    outer loop
      vertex 6.76189 -14.5009 6
      vertex 8 -13.8564 0
      vertex 6.76189 -14.5009 0
    endloop
  endfacet
  facet normal -0.130532 -0.991444 0
    outer loop
      vertex 1.39449 15.9391 0
      vertex 2.77837 15.7569 6
      vertex 1.39449 15.9391 6
    endloop
  endfacet
  facet normal -0.130532 -0.991444 -0
    outer loop
      vertex 2.77837 15.7569 6
      vertex 1.39449 15.9391 0
      vertex 2.77837 15.7569 0
    endloop
  endfacet
  facet normal 0.887016 -0.461738 0
    outer loop
      vertex -14.5009 6.76189 6
      vertex -13.8564 8 0
      vertex -13.8564 8 6
    endloop
  endfacet
  facet normal 0.887016 -0.461738 0
    outer loop
      vertex -13.8564 8 0
      vertex -14.5009 6.76189 6
      vertex -14.5009 6.76189 0
    endloop
  endfacet
  facet normal -0.737276 0.675592 0
    outer loop
      vertex 11.3137 -11.3137 0
      vertex 12.2567 -10.2846 6
      vertex 12.2567 -10.2846 0
    endloop
  endfacet
  facet normal -0.737276 0.675592 0
    outer loop
      vertex 12.2567 -10.2846 6
      vertex 11.3137 -11.3137 0
      vertex 11.3137 -11.3137 6
    endloop
  endfacet
  facet normal -0.953724 -0.300684 0
    outer loop
      vertex 15.0351 5.47232 0
      vertex 15.25 4.79069 6
      vertex 15.0351 5.47232 6
    endloop
  endfacet
  facet normal -0.953724 -0.300685 -1.11405e-07
    outer loop
      vertex 15.4548 4.1411 0
      vertex 15.25 4.79069 6
      vertex 15.0351 5.47232 0
    endloop
  endfacet
  facet normal -0.953723 -0.300686 0
    outer loop
      vertex 15.25 4.79069 6
      vertex 15.4548 4.1411 0
      vertex 15.4548 4.1411 6
    endloop
  endfacet
  facet normal 0.991444 -0.130532 0
    outer loop
      vertex -15.9391 1.39449 6
      vertex -15.7569 2.77837 0
      vertex -15.7569 2.77837 6
    endloop
  endfacet
  facet normal 0.991444 -0.130532 0
    outer loop
      vertex -15.7569 2.77837 0
      vertex -15.9391 1.39449 6
      vertex -15.9391 1.39449 0
    endloop
  endfacet
  facet normal 0.675624 -0.737247 0
    outer loop
      vertex -11.3137 11.3137 0
      vertex -10.95 11.647 6
      vertex -11.3137 11.3137 6
    endloop
  endfacet
  facet normal 0.675592 -0.737276 3.57378e-06
    outer loop
      vertex -10.2846 12.2567 0
      vertex -10.95 11.647 6
      vertex -11.3137 11.3137 0
    endloop
  endfacet
  facet normal 0.675574 -0.737292 0
    outer loop
      vertex -10.95 11.647 6
      vertex -10.2846 12.2567 0
      vertex -10.2846 12.2567 6
    endloop
  endfacet
  facet normal 0.608751 -0.793361 0
    outer loop
      vertex -10.2846 12.2567 0
      vertex -9.17722 13.1064 6
      vertex -10.2846 12.2567 6
    endloop
  endfacet
  facet normal 0.608751 -0.793361 0
    outer loop
      vertex -9.17722 13.1064 6
      vertex -10.2846 12.2567 0
      vertex -9.17722 13.1064 0
    endloop
  endfacet
  facet normal 0.216433 -0.976298 0
    outer loop
      vertex -4.1411 15.4548 0
      vertex -2.77837 15.7569 6
      vertex -4.1411 15.4548 6
    endloop
  endfacet
  facet normal 0.216433 -0.976298 0
    outer loop
      vertex -2.77837 15.7569 6
      vertex -4.1411 15.4548 0
      vertex -2.77837 15.7569 0
    endloop
  endfacet
  facet normal -0.793361 0.608751 0
    outer loop
      vertex 12.2567 -10.2846 0
      vertex 13.1064 -9.17722 6
      vertex 13.1064 -9.17722 0
    endloop
  endfacet
  facet normal -0.793361 0.608751 0
    outer loop
      vertex 13.1064 -9.17722 6
      vertex 12.2567 -10.2846 0
      vertex 12.2567 -10.2846 6
    endloop
  endfacet
  facet normal -0.976298 0.216433 0
    outer loop
      vertex 15.4548 -4.1411 0
      vertex 15.7569 -2.77837 6
      vertex 15.7569 -2.77837 0
    endloop
  endfacet
  facet normal -0.976298 0.216433 0
    outer loop
      vertex 15.7569 -2.77837 6
      vertex 15.4548 -4.1411 0
      vertex 15.4548 -4.1411 6
    endloop
  endfacet
  facet normal -0.737276 -0.675592 0
    outer loop
      vertex 12.2567 10.2846 0
      vertex 11.3137 11.3137 6
      vertex 11.3137 11.3137 0
    endloop
  endfacet
  facet normal -0.737276 -0.675592 0
    outer loop
      vertex 11.3137 11.3137 6
      vertex 12.2567 10.2846 0
      vertex 12.2567 10.2846 6
    endloop
  endfacet
  facet normal -0.887016 0.461738 0
    outer loop
      vertex 13.8564 -8 0
      vertex 14.5009 -6.76189 6
      vertex 14.5009 -6.76189 0
    endloop
  endfacet
  facet normal -0.887016 0.461738 0
    outer loop
      vertex 14.5009 -6.76189 6
      vertex 13.8564 -8 0
      vertex 13.8564 -8 6
    endloop
  endfacet
  facet normal 0.461738 -0.887016 0
    outer loop
      vertex -8 13.8564 0
      vertex -6.76189 14.5009 6
      vertex -8 13.8564 6
    endloop
  endfacet
  facet normal 0.461738 -0.887016 0
    outer loop
      vertex -6.76189 14.5009 6
      vertex -8 13.8564 0
      vertex -6.76189 14.5009 0
    endloop
  endfacet
  facet normal -0.216433 0.976298 0
    outer loop
      vertex 4.1411 -15.4548 0
      vertex 2.77837 -15.7569 6
      vertex 4.1411 -15.4548 6
    endloop
  endfacet
  facet normal -0.216433 0.976298 0
    outer loop
      vertex 2.77837 -15.7569 6
      vertex 4.1411 -15.4548 0
      vertex 2.77837 -15.7569 0
    endloop
  endfacet
  facet normal -0.843382 0.537314 0
    outer loop
      vertex 13.1064 -9.17722 0
      vertex 13.8564 -8 6
      vertex 13.8564 -8 0
    endloop
  endfacet
  facet normal -0.843382 0.537314 0
    outer loop
      vertex 13.8564 -8 6
      vertex 13.1064 -9.17722 0
      vertex 13.1064 -9.17722 6
    endloop
  endfacet
  facet normal -0.999048 -0.0436303 0
    outer loop
      vertex 16 0 0
      vertex 15.9391 1.39449 6
      vertex 15.9391 1.39449 0
    endloop
  endfacet
  facet normal -0.999048 -0.0436303 0
    outer loop
      vertex 15.9391 1.39449 6
      vertex 16 0 0
      vertex 16 0 6
    endloop
  endfacet
  facet normal -0.991444 0.130532 0
    outer loop
      vertex 15.7569 -2.77837 0
      vertex 15.9391 -1.39449 6
      vertex 15.9391 -1.39449 0
    endloop
  endfacet
  facet normal -0.991444 0.130532 0
    outer loop
      vertex 15.9391 -1.39449 6
      vertex 15.7569 -2.77837 0
      vertex 15.7569 -2.77837 6
    endloop
  endfacet
  facet normal -0.976298 -0.216433 0
    outer loop
      vertex 15.7569 2.77837 0
      vertex 15.4548 4.1411 6
      vertex 15.4548 4.1411 0
    endloop
  endfacet
  facet normal -0.976298 -0.216433 0
    outer loop
      vertex 15.4548 4.1411 6
      vertex 15.7569 2.77837 0
      vertex 15.7569 2.77837 6
    endloop
  endfacet
  facet normal 0.999048 -0.0436303 0
    outer loop
      vertex -16 0 6
      vertex -15.9391 1.39449 0
      vertex -15.9391 1.39449 6
    endloop
  endfacet
  facet normal 0.999048 -0.0436303 0
    outer loop
      vertex -15.9391 1.39449 0
      vertex -16 0 6
      vertex -16 0 0
    endloop
  endfacet
  facet normal -0.608751 -0.793361 0
    outer loop
      vertex 9.17722 13.1064 0
      vertex 10.2846 12.2567 6
      vertex 9.17722 13.1064 6
    endloop
  endfacet
  facet normal -0.608751 -0.793361 -0
    outer loop
      vertex 10.2846 12.2567 6
      vertex 9.17722 13.1064 0
      vertex 10.2846 12.2567 0
    endloop
  endfacet
  facet normal 0.0436303 -0.999048 0
    outer loop
      vertex -1.39449 15.9391 0
      vertex 0 16 6
      vertex -1.39449 15.9391 6
    endloop
  endfacet
  facet normal 0.0436303 -0.999048 0
    outer loop
      vertex 0 16 6
      vertex -1.39449 15.9391 0
      vertex 0 16 0
    endloop
  endfacet
  facet normal 0.976298 0.216433 0
    outer loop
      vertex -15.4548 -4.1411 6
      vertex -15.7569 -2.77837 0
      vertex -15.7569 -2.77837 6
    endloop
  endfacet
  facet normal 0.976298 0.216433 0
    outer loop
      vertex -15.7569 -2.77837 0
      vertex -15.4548 -4.1411 6
      vertex -15.4548 -4.1411 0
    endloop
  endfacet
  facet normal -0.216433 -0.976298 0
    outer loop
      vertex 2.77837 15.7569 0
      vertex 4.1411 15.4548 6
      vertex 2.77837 15.7569 6
    endloop
  endfacet
  facet normal -0.216433 -0.976298 -0
    outer loop
      vertex 4.1411 15.4548 6
      vertex 2.77837 15.7569 0
      vertex 4.1411 15.4548 0
    endloop
  endfacet
  facet normal 0.991444 0.130532 0
    outer loop
      vertex -15.7569 -2.77837 6
      vertex -15.9391 -1.39449 0
      vertex -15.9391 -1.39449 6
    endloop
  endfacet
  facet normal 0.991444 0.130532 0
    outer loop
      vertex -15.9391 -1.39449 0
      vertex -15.7569 -2.77837 6
      vertex -15.7569 -2.77837 0
    endloop
  endfacet
  facet normal 0.953723 0.300686 0
    outer loop
      vertex -15.25 -4.79069 6
      vertex -15.4548 -4.1411 0
      vertex -15.4548 -4.1411 6
    endloop
  endfacet
  facet normal 0.953724 0.300684 -0
    outer loop
      vertex -15.0351 -5.47232 0
      vertex -15.25 -4.79069 6
      vertex -15.0351 -5.47232 6
    endloop
  endfacet
  facet normal 0.953724 0.300685 -1.11405e-07
    outer loop
      vertex -15.25 -4.79069 6
      vertex -15.0351 -5.47232 0
      vertex -15.4548 -4.1411 0
    endloop
  endfacet
  facet normal 0.537314 -0.843382 0
    outer loop
      vertex -9.17722 13.1064 0
      vertex -8 13.8564 6
      vertex -9.17722 13.1064 6
    endloop
  endfacet
  facet normal 0.537314 -0.843382 0
    outer loop
      vertex -8 13.8564 6
      vertex -9.17722 13.1064 0
      vertex -8 13.8564 0
    endloop
  endfacet
  facet normal 0.130532 0.991444 -0
    outer loop
      vertex -1.39449 -15.9391 0
      vertex -2.77837 -15.7569 6
      vertex -1.39449 -15.9391 6
    endloop
  endfacet
  facet normal 0.130532 0.991444 0
    outer loop
      vertex -2.77837 -15.7569 6
      vertex -1.39449 -15.9391 0
      vertex -2.77837 -15.7569 0
    endloop
  endfacet
  facet normal -0.793361 -0.608751 0
    outer loop
      vertex 13.1064 9.17722 0
      vertex 12.2567 10.2846 6
      vertex 12.2567 10.2846 0
    endloop
  endfacet
  facet normal -0.793361 -0.608751 0
    outer loop
      vertex 12.2567 10.2846 6
      vertex 13.1064 9.17722 0
      vertex 13.1064 9.17722 6
    endloop
  endfacet
  facet normal -0.382709 -0.923869 0
    outer loop
      vertex 5.47232 15.0351 0
      vertex 6.76189 14.5009 6
      vertex 5.47232 15.0351 6
    endloop
  endfacet
  facet normal -0.382709 -0.923869 -0
    outer loop
      vertex 6.76189 14.5009 6
      vertex 5.47232 15.0351 0
      vertex 6.76189 14.5009 0
    endloop
  endfacet
  facet normal -0.0436303 -0.999048 0
    outer loop
      vertex 0 16 0
      vertex 1.39449 15.9391 6
      vertex 0 16 6
    endloop
  endfacet
  facet normal -0.0436303 -0.999048 -0
    outer loop
      vertex 1.39449 15.9391 6
      vertex 0 16 0
      vertex 1.39449 15.9391 0
    endloop
  endfacet
  facet normal 0.999048 0.0436303 0
    outer loop
      vertex -15.9391 -1.39449 6
      vertex -16 0 0
      vertex -16 0 6
    endloop
  endfacet
  facet normal 0.999048 0.0436303 0
    outer loop
      vertex -16 0 0
      vertex -15.9391 -1.39449 6
      vertex -15.9391 -1.39449 0
    endloop
  endfacet
  facet normal 0.953724 -0.300684 0
    outer loop
      vertex -15.25 4.79069 6
      vertex -15.0351 5.47232 0
      vertex -15.0351 5.47232 6
    endloop
  endfacet
  facet normal 0.953723 -0.300686 0
    outer loop
      vertex -15.4548 4.1411 0
      vertex -15.25 4.79069 6
      vertex -15.4548 4.1411 6
    endloop
  endfacet
  facet normal 0.953724 -0.300685 -1.11405e-07
    outer loop
      vertex -15.25 4.79069 6
      vertex -15.4548 4.1411 0
      vertex -15.0351 5.47232 0
    endloop
  endfacet
  facet normal 0.130532 -0.991444 0
    outer loop
      vertex -2.77837 15.7569 0
      vertex -1.39449 15.9391 6
      vertex -2.77837 15.7569 6
    endloop
  endfacet
  facet normal 0.130532 -0.991444 0
    outer loop
      vertex -1.39449 15.9391 6
      vertex -2.77837 15.7569 0
      vertex -1.39449 15.9391 0
    endloop
  endfacet
  facet normal -0.923869 -0.382709 0
    outer loop
      vertex 15.0351 5.47232 0
      vertex 14.5009 6.76189 6
      vertex 14.5009 6.76189 0
    endloop
  endfacet
  facet normal -0.923869 -0.382709 0
    outer loop
      vertex 14.5009 6.76189 6
      vertex 15.0351 5.47232 0
      vertex 15.0351 5.47232 6
    endloop
  endfacet
  facet normal -0.0436303 0.999048 0
    outer loop
      vertex 1.39449 -15.9391 0
      vertex 0 -16 6
      vertex 1.39449 -15.9391 6
    endloop
  endfacet
  facet normal -0.0436303 0.999048 0
    outer loop
      vertex 0 -16 6
      vertex 1.39449 -15.9391 0
      vertex 0 -16 0
    endloop
  endfacet
  facet normal -0.537314 0.843382 0
    outer loop
      vertex 9.17722 -13.1064 0
      vertex 8 -13.8564 6
      vertex 9.17722 -13.1064 6
    endloop
  endfacet
  facet normal -0.537314 0.843382 0
    outer loop
      vertex 8 -13.8564 6
      vertex 9.17722 -13.1064 0
      vertex 8 -13.8564 0
    endloop
  endfacet
  facet normal -0.675574 -0.737292 0
    outer loop
      vertex 10.2846 12.2567 0
      vertex 10.95 11.647 6
      vertex 10.2846 12.2567 6
    endloop
  endfacet
  facet normal -0.675592 -0.737276 3.57378e-06
    outer loop
      vertex 11.3137 11.3137 0
      vertex 10.95 11.647 6
      vertex 10.2846 12.2567 0
    endloop
  endfacet
  facet normal -0.675624 -0.737247 0
    outer loop
      vertex 10.95 11.647 6
      vertex 11.3137 11.3137 0
      vertex 11.3137 11.3137 6
    endloop
  endfacet
  facet normal 0.382709 0.923869 -0
    outer loop
      vertex -5.47232 -15.0351 0
      vertex -6.76189 -14.5009 6
      vertex -5.47232 -15.0351 6
    endloop
  endfacet
  facet normal 0.382709 0.923869 0
    outer loop
      vertex -6.76189 -14.5009 6
      vertex -5.47232 -15.0351 0
      vertex -6.76189 -14.5009 0
    endloop
  endfacet
  facet normal -0.887016 -0.461738 0
    outer loop
      vertex 14.5009 6.76189 0
      vertex 13.8564 8 6
      vertex 13.8564 8 0
    endloop
  endfacet
  facet normal -0.887016 -0.461738 0
    outer loop
      vertex 13.8564 8 6
      vertex 14.5009 6.76189 0
      vertex 14.5009 6.76189 6
    endloop
  endfacet
  facet normal -0.999048 0.0436303 0
    outer loop
      vertex 15.9391 -1.39449 0
      vertex 16 0 6
      vertex 16 0 0
    endloop
  endfacet
  facet normal -0.999048 0.0436303 0
    outer loop
      vertex 16 0 6
      vertex 15.9391 -1.39449 0
      vertex 15.9391 -1.39449 6
    endloop
  endfacet
  facet normal 0.675574 0.737292 -0
    outer loop
      vertex -10.2846 -12.2567 0
      vertex -10.95 -11.647 6
      vertex -10.2846 -12.2567 6
    endloop
  endfacet
  facet normal 0.675592 0.737276 3.57378e-06
    outer loop
      vertex -11.3137 -11.3137 0
      vertex -10.95 -11.647 6
      vertex -10.2846 -12.2567 0
    endloop
  endfacet
  facet normal 0.675624 0.737247 0
    outer loop
      vertex -10.95 -11.647 6
      vertex -11.3137 -11.3137 0
      vertex -11.3137 -11.3137 6
    endloop
  endfacet
  facet normal -0.953723 0.300686 0
    outer loop
      vertex 15.4548 -4.1411 0
      vertex 15.25 -4.79069 6
      vertex 15.4548 -4.1411 6
    endloop
  endfacet
  facet normal -0.953724 0.300685 -1.11405e-07
    outer loop
      vertex 15.0351 -5.47232 0
      vertex 15.25 -4.79069 6
      vertex 15.4548 -4.1411 0
    endloop
  endfacet
  facet normal -0.953724 0.300684 0
    outer loop
      vertex 15.25 -4.79069 6
      vertex 15.0351 -5.47232 0
      vertex 15.0351 -5.47232 6
    endloop
  endfacet
  facet normal -0.923869 0.382709 0
    outer loop
      vertex 14.5009 -6.76189 0
      vertex 15.0351 -5.47232 6
      vertex 15.0351 -5.47232 0
    endloop
  endfacet
  facet normal -0.923869 0.382709 0
    outer loop
      vertex 15.0351 -5.47232 6
      vertex 14.5009 -6.76189 0
      vertex 14.5009 -6.76189 6
    endloop
  endfacet
  facet normal 0.793361 0.608751 0
    outer loop
      vertex -12.2567 -10.2846 6
      vertex -13.1064 -9.17722 0
      vertex -13.1064 -9.17722 6
    endloop
  endfacet
  facet normal 0.793361 0.608751 0
    outer loop
      vertex -13.1064 -9.17722 0
      vertex -12.2567 -10.2846 6
      vertex -12.2567 -10.2846 0
    endloop
  endfacet
  facet normal -0.843382 -0.537314 0
    outer loop
      vertex 13.8564 8 0
      vertex 13.1064 9.17722 6
      vertex 13.1064 9.17722 0
    endloop
  endfacet
  facet normal -0.843382 -0.537314 0
    outer loop
      vertex 13.1064 9.17722 6
      vertex 13.8564 8 0
      vertex 13.8564 8 6
    endloop
  endfacet
  facet normal -0.461738 -0.887016 0
    outer loop
      vertex 6.76189 14.5009 0
      vertex 8 13.8564 6
      vertex 6.76189 14.5009 6
    endloop
  endfacet
  facet normal -0.461738 -0.887016 -0
    outer loop
      vertex 8 13.8564 6
      vertex 6.76189 14.5009 0
      vertex 8 13.8564 0
    endloop
  endfacet
  facet normal 0.737276 0.675592 0
    outer loop
      vertex -11.3137 -11.3137 6
      vertex -12.2567 -10.2846 0
      vertex -12.2567 -10.2846 6
    endloop
  endfacet
  facet normal 0.737276 0.675592 0
    outer loop
      vertex -12.2567 -10.2846 0
      vertex -11.3137 -11.3137 6
      vertex -11.3137 -11.3137 0
    endloop
  endfacet
  facet normal 0.923869 0.382709 0
    outer loop
      vertex -14.5009 -6.76189 6
      vertex -15.0351 -5.47232 0
      vertex -15.0351 -5.47232 6
    endloop
  endfacet
  facet normal 0.923869 0.382709 0
    outer loop
      vertex -15.0351 -5.47232 0
      vertex -14.5009 -6.76189 6
      vertex -14.5009 -6.76189 0
    endloop
  endfacet
  facet normal 0.976298 -0.216433 0
    outer loop
      vertex -15.7569 2.77837 6
      vertex -15.4548 4.1411 0
      vertex -15.4548 4.1411 6
    endloop
  endfacet
  facet normal 0.976298 -0.216433 0
    outer loop
      vertex -15.4548 4.1411 0
      vertex -15.7569 2.77837 6
      vertex -15.7569 2.77837 0
    endloop
  endfacet
  facet normal 0.216433 0.976298 -0
    outer loop
      vertex -2.77837 -15.7569 0
      vertex -4.1411 -15.4548 6
      vertex -2.77837 -15.7569 6
    endloop
  endfacet
  facet normal 0.216433 0.976298 0
    outer loop
      vertex -4.1411 -15.4548 6
      vertex -2.77837 -15.7569 0
      vertex -4.1411 -15.4548 0
    endloop
  endfacet
  facet normal 0.300685 -0.953724 0
    outer loop
      vertex -5.47232 15.0351 0
      vertex -4.1411 15.4548 6
      vertex -5.47232 15.0351 6
    endloop
  endfacet
  facet normal 0.300685 -0.953724 0
    outer loop
      vertex -4.1411 15.4548 6
      vertex -5.47232 15.0351 0
      vertex -4.1411 15.4548 0
    endloop
  endfacet
  facet normal -0.675624 0.737247 0
    outer loop
      vertex 11.3137 -11.3137 0
      vertex 10.95 -11.647 6
      vertex 11.3137 -11.3137 6
    endloop
  endfacet
  facet normal -0.675592 0.737276 3.57378e-06
    outer loop
      vertex 10.2846 -12.2567 0
      vertex 10.95 -11.647 6
      vertex 11.3137 -11.3137 0
    endloop
  endfacet
  facet normal -0.675574 0.737292 0
    outer loop
      vertex 10.95 -11.647 6
      vertex 10.2846 -12.2567 0
      vertex 10.2846 -12.2567 6
    endloop
  endfacet
  facet normal -0.537314 -0.843382 0
    outer loop
      vertex 8 13.8564 0
      vertex 9.17722 13.1064 6
      vertex 8 13.8564 6
    endloop
  endfacet
  facet normal -0.537314 -0.843382 -0
    outer loop
      vertex 9.17722 13.1064 6
      vertex 8 13.8564 0
      vertex 9.17722 13.1064 0
    endloop
  endfacet
  facet normal 0.923869 -0.382709 0
    outer loop
      vertex -15.0351 5.47232 6
      vertex -14.5009 6.76189 0
      vertex -14.5009 6.76189 6
    endloop
  endfacet
  facet normal 0.923869 -0.382709 0
    outer loop
      vertex -14.5009 6.76189 0
      vertex -15.0351 5.47232 6
      vertex -15.0351 5.47232 0
    endloop
  endfacet
  facet normal -0.300685 0.953724 0
    outer loop
      vertex 5.47232 -15.0351 0
      vertex 4.1411 -15.4548 6
      vertex 5.47232 -15.0351 6
    endloop
  endfacet
  facet normal -0.300685 0.953724 0
    outer loop
      vertex 4.1411 -15.4548 6
      vertex 5.47232 -15.0351 0
      vertex 4.1411 -15.4548 0
    endloop
  endfacet
  facet normal 0.887016 0.461738 0
    outer loop
      vertex -13.8564 -8 6
      vertex -14.5009 -6.76189 0
      vertex -14.5009 -6.76189 6
    endloop
  endfacet
  facet normal 0.887016 0.461738 0
    outer loop
      vertex -14.5009 -6.76189 0
      vertex -13.8564 -8 6
      vertex -13.8564 -8 0
    endloop
  endfacet
  facet normal -0.382709 0.923869 0
    outer loop
      vertex 6.76189 -14.5009 0
      vertex 5.47232 -15.0351 6
      vertex 6.76189 -14.5009 6
    endloop
  endfacet
  facet normal -0.382709 0.923869 0
    outer loop
      vertex 5.47232 -15.0351 6
      vertex 6.76189 -14.5009 0
      vertex 5.47232 -15.0351 0
    endloop
  endfacet
  facet normal 0.737276 -0.675592 0
    outer loop
      vertex -12.2567 10.2846 6
      vertex -11.3137 11.3137 0
      vertex -11.3137 11.3137 6
    endloop
  endfacet
  facet normal 0.737276 -0.675592 0
    outer loop
      vertex -11.3137 11.3137 0
      vertex -12.2567 10.2846 6
      vertex -12.2567 10.2846 0
    endloop
  endfacet
  facet normal -0.608751 0.793361 0
    outer loop
      vertex 10.2846 -12.2567 0
      vertex 9.17722 -13.1064 6
      vertex 10.2846 -12.2567 6
    endloop
  endfacet
  facet normal -0.608751 0.793361 0
    outer loop
      vertex 9.17722 -13.1064 6
      vertex 10.2846 -12.2567 0
      vertex 9.17722 -13.1064 0
    endloop
  endfacet
  facet normal 0.0436303 0.999048 -0
    outer loop
      vertex 0 -16 0
      vertex -1.39449 -15.9391 6
      vertex 0 -16 6
    endloop
  endfacet
  facet normal 0.0436303 0.999048 0
    outer loop
      vertex -1.39449 -15.9391 6
      vertex 0 -16 0
      vertex -1.39449 -15.9391 0
    endloop
  endfacet
  facet normal -0.300685 -0.953724 0
    outer loop
      vertex 4.1411 15.4548 0
      vertex 5.47232 15.0351 6
      vertex 4.1411 15.4548 6
    endloop
  endfacet
  facet normal -0.300685 -0.953724 -0
    outer loop
      vertex 5.47232 15.0351 6
      vertex 4.1411 15.4548 0
      vertex 5.47232 15.0351 0
    endloop
  endfacet
  facet normal 0.382709 -0.923869 0
    outer loop
      vertex -6.76189 14.5009 0
      vertex -5.47232 15.0351 6
      vertex -6.76189 14.5009 6
    endloop
  endfacet
  facet normal 0.382709 -0.923869 0
    outer loop
      vertex -5.47232 15.0351 6
      vertex -6.76189 14.5009 0
      vertex -5.47232 15.0351 0
    endloop
  endfacet
  facet normal 0.461738 0.887016 -0
    outer loop
      vertex -6.76189 -14.5009 0
      vertex -8 -13.8564 6
      vertex -6.76189 -14.5009 6
    endloop
  endfacet
  facet normal 0.461738 0.887016 0
    outer loop
      vertex -8 -13.8564 6
      vertex -6.76189 -14.5009 0
      vertex -8 -13.8564 0
    endloop
  endfacet
  facet normal 0.843382 -0.537314 0
    outer loop
      vertex -13.8564 8 6
      vertex -13.1064 9.17722 0
      vertex -13.1064 9.17722 6
    endloop
  endfacet
  facet normal 0.843382 -0.537314 0
    outer loop
      vertex -13.1064 9.17722 0
      vertex -13.8564 8 6
      vertex -13.8564 8 0
    endloop
  endfacet
  facet normal 0.793361 -0.608751 0
    outer loop
      vertex -13.1064 9.17722 6
      vertex -12.2567 10.2846 0
      vertex -12.2567 10.2846 6
    endloop
  endfacet
  facet normal 0.793361 -0.608751 0
    outer loop
      vertex -12.2567 10.2846 0
      vertex -13.1064 9.17722 6
      vertex -13.1064 9.17722 0
    endloop
  endfacet
  facet normal 0.843382 0.537314 0
    outer loop
      vertex -13.1064 -9.17722 6
      vertex -13.8564 -8 0
      vertex -13.8564 -8 6
    endloop
  endfacet
  facet normal 0.843382 0.537314 0
    outer loop
      vertex -13.8564 -8 0
      vertex -13.1064 -9.17722 6
      vertex -13.1064 -9.17722 0
    endloop
  endfacet
  facet normal 0.537314 0.843382 -0
    outer loop
      vertex -8 -13.8564 0
      vertex -9.17722 -13.1064 6
      vertex -8 -13.8564 6
    endloop
  endfacet
  facet normal 0.537314 0.843382 0
    outer loop
      vertex -9.17722 -13.1064 6
      vertex -8 -13.8564 0
      vertex -9.17722 -13.1064 0
    endloop
  endfacet
  facet normal 1 0 0
    outer loop
      vertex 15.25 21.25 28.275
      vertex 15.25 4.79069 6
      vertex 15.25 21.25 6
    endloop
  endfacet
  facet normal 1 0 0
    outer loop
      vertex 15.25 21.25 28.275
      vertex 15.25 -4.79069 6
      vertex 15.25 4.79069 6
    endloop
  endfacet
  facet normal 1 -0 0
    outer loop
      vertex 15.25 -21.25 28.275
      vertex 15.25 -4.79069 6
      vertex 15.25 21.25 28.275
    endloop
  endfacet
  facet normal 1 0 0
    outer loop
      vertex 15.25 -4.79069 6
      vertex 15.25 -21.25 28.275
      vertex 15.25 -21.25 6
    endloop
  endfacet
  facet normal 0.300624 0.953743 -0
    outer loop
      vertex 12.6181 25.0088 6
      vertex 12.2853 25.1137 28.275
      vertex 12.6181 25.0088 28.275
    endloop
  endfacet
  facet normal 0.300624 0.953743 0
    outer loop
      vertex 12.2853 25.1137 28.275
      vertex 12.6181 25.0088 6
      vertex 12.2853 25.1137 6
    endloop
  endfacet
  facet normal -0.999051 -0.0435616 0
    outer loop
      vertex -15.2348 -21.5986 6
      vertex -15.25 -21.25 28.275
      vertex -15.25 -21.25 6
    endloop
  endfacet
  facet normal -0.999051 -0.0435616 0
    outer loop
      vertex -15.25 -21.25 28.275
      vertex -15.2348 -21.5986 6
      vertex -15.2348 -21.5986 28.275
    endloop
  endfacet
  facet normal -1 0 0
    outer loop
      vertex -15.25 4.79069 6
      vertex -15.25 21.25 28.275
      vertex -15.25 21.25 6
    endloop
  endfacet
  facet normal -1 0 0
    outer loop
      vertex -15.25 -4.79069 6
      vertex -15.25 21.25 28.275
      vertex -15.25 4.79069 6
    endloop
  endfacet
  facet normal -1 0 0
    outer loop
      vertex -15.25 -21.25 28.275
      vertex -15.25 -4.79069 6
      vertex -15.25 -21.25 6
    endloop
  endfacet
  facet normal -1 0 0
    outer loop
      vertex -15.25 -4.79069 6
      vertex -15.25 -21.25 28.275
      vertex -15.25 21.25 28.275
    endloop
  endfacet
  facet normal -0.923821 -0.382824 0
    outer loop
      vertex -14.8752 -22.9405 6
      vertex -15.0088 -22.6181 28.275
      vertex -15.0088 -22.6181 6
    endloop
  endfacet
  facet normal -0.923821 -0.382824 0
    outer loop
      vertex -15.0088 -22.6181 28.275
      vertex -14.8752 -22.9405 6
      vertex -14.8752 -22.9405 28.275
    endloop
  endfacet
  facet normal -0.999051 0.0435616 0
    outer loop
      vertex -15.25 21.25 6
      vertex -15.2348 21.5986 28.275
      vertex -15.2348 21.5986 6
    endloop
  endfacet
  facet normal -0.999051 0.0435616 0
    outer loop
      vertex -15.2348 21.5986 28.275
      vertex -15.25 21.25 6
      vertex -15.25 21.25 28.275
    endloop
  endfacet
  facet normal -0.461714 0.887029 0
    outer loop
      vertex -12.9405 24.8752 6
      vertex -13.25 24.7141 28.275
      vertex -12.9405 24.8752 28.275
    endloop
  endfacet
  facet normal -0.461714 0.887029 0
    outer loop
      vertex -13.25 24.7141 28.275
      vertex -12.9405 24.8752 6
      vertex -13.25 24.7141 6
    endloop
  endfacet
  facet normal -0.976315 0.216354 0
    outer loop
      vertex -15.1892 21.9446 6
      vertex -15.1137 22.2853 28.275
      vertex -15.1137 22.2853 6
    endloop
  endfacet
  facet normal -0.976315 0.216354 0
    outer loop
      vertex -15.1137 22.2853 28.275
      vertex -15.1892 21.9446 6
      vertex -15.1892 21.9446 28.275
    endloop
  endfacet
  facet normal -0.976315 -0.216354 0
    outer loop
      vertex -15.1137 -22.2853 6
      vertex -15.1892 -21.9446 28.275
      vertex -15.1892 -21.9446 6
    endloop
  endfacet
  facet normal -0.976315 -0.216354 0
    outer loop
      vertex -15.1892 -21.9446 28.275
      vertex -15.1137 -22.2853 6
      vertex -15.1137 -22.2853 28.275
    endloop
  endfacet
  facet normal 0.953743 0.300624 0
    outer loop
      vertex 15.1137 22.2853 28.275
      vertex 15.0088 22.6181 6
      vertex 15.0088 22.6181 28.275
    endloop
  endfacet
  facet normal 0.953743 0.300624 0
    outer loop
      vertex 15.0088 22.6181 6
      vertex 15.1137 22.2853 28.275
      vertex 15.1137 22.2853 6
    endloop
  endfacet
  facet normal 0.461714 0.887029 -0
    outer loop
      vertex 13.25 24.7141 6
      vertex 12.9405 24.8752 28.275
      vertex 13.25 24.7141 28.275
    endloop
  endfacet
  facet normal 0.461714 0.887029 0
    outer loop
      vertex 12.9405 24.8752 28.275
      vertex 13.25 24.7141 6
      vertex 12.9405 24.8752 6
    endloop
  endfacet
  facet normal -0.461714 -0.887029 0
    outer loop
      vertex -13.25 -24.7141 6
      vertex -12.9405 -24.8752 28.275
      vertex -13.25 -24.7141 28.275
    endloop
  endfacet
  facet normal -0.461714 -0.887029 -0
    outer loop
      vertex -12.9405 -24.8752 28.275
      vertex -13.25 -24.7141 6
      vertex -12.9405 -24.8752 6
    endloop
  endfacet
  facet normal -0.382824 -0.923821 0
    outer loop
      vertex -12.9405 -24.8752 6
      vertex -12.6181 -25.0088 28.275
      vertex -12.9405 -24.8752 28.275
    endloop
  endfacet
  facet normal -0.382824 -0.923821 -0
    outer loop
      vertex -12.6181 -25.0088 28.275
      vertex -12.9405 -24.8752 6
      vertex -12.6181 -25.0088 6
    endloop
  endfacet
  facet normal -0.887029 0.461714 0
    outer loop
      vertex -14.8752 22.9405 6
      vertex -14.7141 23.25 28.275
      vertex -14.7141 23.25 6
    endloop
  endfacet
  facet normal -0.887029 0.461714 0
    outer loop
      vertex -14.7141 23.25 28.275
      vertex -14.8752 22.9405 6
      vertex -14.8752 22.9405 28.275
    endloop
  endfacet
  facet normal -0.991427 -0.130662 0
    outer loop
      vertex -15.1892 -21.9446 6
      vertex -15.2348 -21.5986 28.275
      vertex -15.2348 -21.5986 6
    endloop
  endfacet
  facet normal -0.991427 -0.130662 0
    outer loop
      vertex -15.2348 -21.5986 28.275
      vertex -15.1892 -21.9446 6
      vertex -15.1892 -21.9446 28.275
    endloop
  endfacet
  facet normal -0.737237 -0.675634 0
    outer loop
      vertex -14.0784 -24.0784 6
      vertex -14.3142 -23.8211 28.275
      vertex -14.3142 -23.8211 6
    endloop
  endfacet
  facet normal -0.737237 -0.675634 0
    outer loop
      vertex -14.3142 -23.8211 28.275
      vertex -14.0784 -24.0784 6
      vertex -14.0784 -24.0784 28.275
    endloop
  endfacet
  facet normal -0.382824 0.923821 0
    outer loop
      vertex -12.6181 25.0088 6
      vertex -12.9405 24.8752 28.275
      vertex -12.6181 25.0088 28.275
    endloop
  endfacet
  facet normal -0.382824 0.923821 0
    outer loop
      vertex -12.9405 24.8752 28.275
      vertex -12.6181 25.0088 6
      vertex -12.9405 24.8752 6
    endloop
  endfacet
  facet normal 0.461714 -0.887029 0
    outer loop
      vertex 12.9405 -24.8752 6
      vertex 13.25 -24.7141 28.275
      vertex 12.9405 -24.8752 28.275
    endloop
  endfacet
  facet normal 0.461714 -0.887029 0
    outer loop
      vertex 13.25 -24.7141 28.275
      vertex 12.9405 -24.8752 6
      vertex 13.25 -24.7141 6
    endloop
  endfacet
  facet normal 0.999051 0.0435616 0
    outer loop
      vertex 15.25 21.25 28.275
      vertex 15.2348 21.5986 6
      vertex 15.2348 21.5986 28.275
    endloop
  endfacet
  facet normal 0.999051 0.0435616 0
    outer loop
      vertex 15.2348 21.5986 6
      vertex 15.25 21.25 28.275
      vertex 15.25 21.25 6
    endloop
  endfacet
  facet normal -0.843378 0.53732 0
    outer loop
      vertex -14.7141 23.25 6
      vertex -14.5266 23.5443 28.275
      vertex -14.5266 23.5443 6
    endloop
  endfacet
  facet normal -0.843378 0.53732 0
    outer loop
      vertex -14.5266 23.5443 28.275
      vertex -14.7141 23.25 6
      vertex -14.7141 23.25 28.275
    endloop
  endfacet
  facet normal -0.843378 -0.53732 0
    outer loop
      vertex -14.5266 -23.5443 6
      vertex -14.7141 -23.25 28.275
      vertex -14.7141 -23.25 6
    endloop
  endfacet
  facet normal -0.843378 -0.53732 0
    outer loop
      vertex -14.7141 -23.25 28.275
      vertex -14.5266 -23.5443 6
      vertex -14.5266 -23.5443 28.275
    endloop
  endfacet
  facet normal 0.976315 -0.216354 0
    outer loop
      vertex 15.1137 -22.2853 28.275
      vertex 15.1892 -21.9446 6
      vertex 15.1892 -21.9446 28.275
    endloop
  endfacet
  facet normal 0.976315 -0.216354 0
    outer loop
      vertex 15.1892 -21.9446 6
      vertex 15.1137 -22.2853 28.275
      vertex 15.1137 -22.2853 6
    endloop
  endfacet
  facet normal 0.887029 0.461714 0
    outer loop
      vertex 14.8752 22.9405 28.275
      vertex 14.7141 23.25 6
      vertex 14.7141 23.25 28.275
    endloop
  endfacet
  facet normal 0.887029 0.461714 0
    outer loop
      vertex 14.7141 23.25 6
      vertex 14.8752 22.9405 28.275
      vertex 14.8752 22.9405 6
    endloop
  endfacet
  facet normal 0.608768 0.793348 -0
    outer loop
      vertex 13.8211 24.3142 6
      vertex 13.5443 24.5266 28.275
      vertex 13.8211 24.3142 28.275
    endloop
  endfacet
  facet normal 0.608768 0.793348 0
    outer loop
      vertex 13.5443 24.5266 28.275
      vertex 13.8211 24.3142 6
      vertex 13.5443 24.5266 6
    endloop
  endfacet
  facet normal -0.923821 0.382824 0
    outer loop
      vertex -15.0088 22.6181 6
      vertex -14.8752 22.9405 28.275
      vertex -14.8752 22.9405 6
    endloop
  endfacet
  facet normal -0.923821 0.382824 0
    outer loop
      vertex -14.8752 22.9405 28.275
      vertex -15.0088 22.6181 6
      vertex -15.0088 22.6181 28.275
    endloop
  endfacet
  facet normal -0.130662 0.991427 0
    outer loop
      vertex -11.5986 25.2348 6
      vertex -11.9446 25.1892 28.275
      vertex -11.5986 25.2348 28.275
    endloop
  endfacet
  facet normal -0.130662 0.991427 0
    outer loop
      vertex -11.9446 25.1892 28.275
      vertex -11.5986 25.2348 6
      vertex -11.9446 25.1892 6
    endloop
  endfacet
  facet normal -0.0435616 -0.999051 0
    outer loop
      vertex -11.5986 -25.2348 6
      vertex -11.25 -25.25 28.275
      vertex -11.5986 -25.2348 28.275
    endloop
  endfacet
  facet normal -0.0435616 -0.999051 -0
    outer loop
      vertex -11.25 -25.25 28.275
      vertex -11.5986 -25.2348 6
      vertex -11.25 -25.25 6
    endloop
  endfacet
  facet normal 0 1 0
    outer loop
      vertex 11.25 25.25 28.275
      vertex 5 25.25 25.25
      vertex -11.25 25.25 28.275
    endloop
  endfacet
  facet normal 0 1 -0
    outer loop
      vertex 11.25 25.25 6
      vertex 5 25.25 25.25
      vertex 11.25 25.25 28.275
    endloop
  endfacet
  facet normal 0 1 0
    outer loop
      vertex 5 25.25 25.25
      vertex 11.25 25.25 6
      vertex 5 25.25 6
    endloop
  endfacet
  facet normal 0 1 -0
    outer loop
      vertex -5 25.25 25.25
      vertex -11.25 25.25 28.275
      vertex 5 25.25 25.25
    endloop
  endfacet
  facet normal 0 1 0
    outer loop
      vertex -11.25 25.25 6
      vertex -5 25.25 25.25
      vertex -5 25.25 6
    endloop
  endfacet
  facet normal 0 1 0
    outer loop
      vertex -5 25.25 25.25
      vertex -11.25 25.25 6
      vertex -11.25 25.25 28.275
    endloop
  endfacet
  facet normal -0.887029 -0.461714 0
    outer loop
      vertex -14.7141 -23.25 6
      vertex -14.8752 -22.9405 28.275
      vertex -14.8752 -22.9405 6
    endloop
  endfacet
  facet normal -0.887029 -0.461714 0
    outer loop
      vertex -14.8752 -22.9405 28.275
      vertex -14.7141 -23.25 6
      vertex -14.7141 -23.25 28.275
    endloop
  endfacet
  facet normal 0.953743 -0.300624 0
    outer loop
      vertex 15.0088 -22.6181 28.275
      vertex 15.1137 -22.2853 6
      vertex 15.1137 -22.2853 28.275
    endloop
  endfacet
  facet normal 0.953743 -0.300624 0
    outer loop
      vertex 15.1137 -22.2853 6
      vertex 15.0088 -22.6181 28.275
      vertex 15.0088 -22.6181 6
    endloop
  endfacet
  facet normal 0.793348 -0.608768 0
    outer loop
      vertex 14.3142 -23.8211 28.275
      vertex 14.5266 -23.5443 6
      vertex 14.5266 -23.5443 28.275
    endloop
  endfacet
  facet normal 0.793348 -0.608768 0
    outer loop
      vertex 14.5266 -23.5443 6
      vertex 14.3142 -23.8211 28.275
      vertex 14.3142 -23.8211 6
    endloop
  endfacet
  facet normal 0.991427 0.130662 0
    outer loop
      vertex 15.2348 21.5986 28.275
      vertex 15.1892 21.9446 6
      vertex 15.1892 21.9446 28.275
    endloop
  endfacet
  facet normal 0.991427 0.130662 0
    outer loop
      vertex 15.1892 21.9446 6
      vertex 15.2348 21.5986 28.275
      vertex 15.2348 21.5986 6
    endloop
  endfacet
  facet normal -0.608768 0.793348 0
    outer loop
      vertex -13.5443 24.5266 6
      vertex -13.8211 24.3142 28.275
      vertex -13.5443 24.5266 28.275
    endloop
  endfacet
  facet normal -0.608768 0.793348 0
    outer loop
      vertex -13.8211 24.3142 28.275
      vertex -13.5443 24.5266 6
      vertex -13.8211 24.3142 6
    endloop
  endfacet
  facet normal -0.737237 0.675634 0
    outer loop
      vertex -14.3142 23.8211 6
      vertex -14.0784 24.0784 28.275
      vertex -14.0784 24.0784 6
    endloop
  endfacet
  facet normal -0.737237 0.675634 0
    outer loop
      vertex -14.0784 24.0784 28.275
      vertex -14.3142 23.8211 6
      vertex -14.3142 23.8211 28.275
    endloop
  endfacet
  facet normal -0.953743 -0.300624 0
    outer loop
      vertex -15.0088 -22.6181 6
      vertex -15.1137 -22.2853 28.275
      vertex -15.1137 -22.2853 6
    endloop
  endfacet
  facet normal -0.953743 -0.300624 0
    outer loop
      vertex -15.1137 -22.2853 28.275
      vertex -15.0088 -22.6181 6
      vertex -15.0088 -22.6181 28.275
    endloop
  endfacet
  facet normal -0.300624 -0.953743 0
    outer loop
      vertex -12.6181 -25.0088 6
      vertex -12.2853 -25.1137 28.275
      vertex -12.6181 -25.0088 28.275
    endloop
  endfacet
  facet normal -0.300624 -0.953743 -0
    outer loop
      vertex -12.2853 -25.1137 28.275
      vertex -12.6181 -25.0088 6
      vertex -12.2853 -25.1137 6
    endloop
  endfacet
  facet normal 0.0435616 0.999051 -0
    outer loop
      vertex 11.5986 25.2348 6
      vertex 11.25 25.25 28.275
      vertex 11.5986 25.2348 28.275
    endloop
  endfacet
  facet normal 0.0435616 0.999051 0
    outer loop
      vertex 11.25 25.25 28.275
      vertex 11.5986 25.2348 6
      vertex 11.25 25.25 6
    endloop
  endfacet
  facet normal -0.953743 0.300624 0
    outer loop
      vertex -15.1137 22.2853 6
      vertex -15.0088 22.6181 28.275
      vertex -15.0088 22.6181 6
    endloop
  endfacet
  facet normal -0.953743 0.300624 0
    outer loop
      vertex -15.0088 22.6181 28.275
      vertex -15.1137 22.2853 6
      vertex -15.1137 22.2853 28.275
    endloop
  endfacet
  facet normal 0.887029 -0.461714 0
    outer loop
      vertex 14.7141 -23.25 28.275
      vertex 14.8752 -22.9405 6
      vertex 14.8752 -22.9405 28.275
    endloop
  endfacet
  facet normal 0.887029 -0.461714 0
    outer loop
      vertex 14.8752 -22.9405 6
      vertex 14.7141 -23.25 28.275
      vertex 14.7141 -23.25 6
    endloop
  endfacet
  facet normal -0.53732 -0.843378 0
    outer loop
      vertex -13.5443 -24.5266 6
      vertex -13.25 -24.7141 28.275
      vertex -13.5443 -24.5266 28.275
    endloop
  endfacet
  facet normal -0.53732 -0.843378 -0
    outer loop
      vertex -13.25 -24.7141 28.275
      vertex -13.5443 -24.5266 6
      vertex -13.25 -24.7141 6
    endloop
  endfacet
  facet normal -0.53732 0.843378 0
    outer loop
      vertex -13.25 24.7141 6
      vertex -13.5443 24.5266 28.275
      vertex -13.25 24.7141 28.275
    endloop
  endfacet
  facet normal -0.53732 0.843378 0
    outer loop
      vertex -13.5443 24.5266 28.275
      vertex -13.25 24.7141 6
      vertex -13.5443 24.5266 6
    endloop
  endfacet
  facet normal -0.300624 0.953743 0
    outer loop
      vertex -12.2853 25.1137 6
      vertex -12.6181 25.0088 28.275
      vertex -12.2853 25.1137 28.275
    endloop
  endfacet
  facet normal -0.300624 0.953743 0
    outer loop
      vertex -12.6181 25.0088 28.275
      vertex -12.2853 25.1137 6
      vertex -12.6181 25.0088 6
    endloop
  endfacet
  facet normal -0.0435616 0.999051 0
    outer loop
      vertex -11.25 25.25 6
      vertex -11.5986 25.2348 28.275
      vertex -11.25 25.25 28.275
    endloop
  endfacet
  facet normal -0.0435616 0.999051 0
    outer loop
      vertex -11.5986 25.2348 28.275
      vertex -11.25 25.25 6
      vertex -11.5986 25.2348 6
    endloop
  endfacet
  facet normal -0.991427 0.130662 0
    outer loop
      vertex -15.2348 21.5986 6
      vertex -15.1892 21.9446 28.275
      vertex -15.1892 21.9446 6
    endloop
  endfacet
  facet normal -0.991427 0.130662 0
    outer loop
      vertex -15.1892 21.9446 28.275
      vertex -15.2348 21.5986 6
      vertex -15.2348 21.5986 28.275
    endloop
  endfacet
  facet normal 0.216354 -0.976315 0
    outer loop
      vertex 11.9446 -25.1892 6
      vertex 12.2853 -25.1137 28.275
      vertex 11.9446 -25.1892 28.275
    endloop
  endfacet
  facet normal 0.216354 -0.976315 0
    outer loop
      vertex 12.2853 -25.1137 28.275
      vertex 11.9446 -25.1892 6
      vertex 12.2853 -25.1137 6
    endloop
  endfacet
  facet normal -0.216354 0.976315 0
    outer loop
      vertex -11.9446 25.1892 6
      vertex -12.2853 25.1137 28.275
      vertex -11.9446 25.1892 28.275
    endloop
  endfacet
  facet normal -0.216354 0.976315 0
    outer loop
      vertex -12.2853 25.1137 28.275
      vertex -11.9446 25.1892 6
      vertex -12.2853 25.1137 6
    endloop
  endfacet
  facet normal 0.923821 0.382824 0
    outer loop
      vertex 15.0088 22.6181 28.275
      vertex 14.8752 22.9405 6
      vertex 14.8752 22.9405 28.275
    endloop
  endfacet
  facet normal 0.923821 0.382824 0
    outer loop
      vertex 14.8752 22.9405 6
      vertex 15.0088 22.6181 28.275
      vertex 15.0088 22.6181 6
    endloop
  endfacet
  facet normal 0.53732 -0.843378 0
    outer loop
      vertex 13.25 -24.7141 6
      vertex 13.5443 -24.5266 28.275
      vertex 13.25 -24.7141 28.275
    endloop
  endfacet
  facet normal 0.53732 -0.843378 0
    outer loop
      vertex 13.5443 -24.5266 28.275
      vertex 13.25 -24.7141 6
      vertex 13.5443 -24.5266 6
    endloop
  endfacet
  facet normal 0.843378 -0.53732 0
    outer loop
      vertex 14.5266 -23.5443 28.275
      vertex 14.7141 -23.25 6
      vertex 14.7141 -23.25 28.275
    endloop
  endfacet
  facet normal 0.843378 -0.53732 0
    outer loop
      vertex 14.7141 -23.25 6
      vertex 14.5266 -23.5443 28.275
      vertex 14.5266 -23.5443 6
    endloop
  endfacet
  facet normal 0.0435616 -0.999051 0
    outer loop
      vertex 11.25 -25.25 6
      vertex 11.5986 -25.2348 28.275
      vertex 11.25 -25.25 28.275
    endloop
  endfacet
  facet normal 0.0435616 -0.999051 0
    outer loop
      vertex 11.5986 -25.2348 28.275
      vertex 11.25 -25.25 6
      vertex 11.5986 -25.2348 6
    endloop
  endfacet
  facet normal 0.53732 0.843378 -0
    outer loop
      vertex 13.5443 24.5266 6
      vertex 13.25 24.7141 28.275
      vertex 13.5443 24.5266 28.275
    endloop
  endfacet
  facet normal 0.53732 0.843378 0
    outer loop
      vertex 13.25 24.7141 28.275
      vertex 13.5443 24.5266 6
      vertex 13.25 24.7141 6
    endloop
  endfacet
  facet normal 0 -1 0
    outer loop
      vertex -11.25 -25.25 28.275
      vertex -5 -25.25 25.25
      vertex 11.25 -25.25 28.275
    endloop
  endfacet
  facet normal 0 -1 0
    outer loop
      vertex -11.25 -25.25 6
      vertex -5 -25.25 25.25
      vertex -11.25 -25.25 28.275
    endloop
  endfacet
  facet normal 0 -1 -0
    outer loop
      vertex -5 -25.25 25.25
      vertex -11.25 -25.25 6
      vertex -5 -25.25 6
    endloop
  endfacet
  facet normal 0 -1 0
    outer loop
      vertex 5 -25.25 25.25
      vertex 11.25 -25.25 28.275
      vertex -5 -25.25 25.25
    endloop
  endfacet
  facet normal 0 -1 0
    outer loop
      vertex 11.25 -25.25 6
      vertex 5 -25.25 25.25
      vertex 5 -25.25 6
    endloop
  endfacet
  facet normal 0 -1 0
    outer loop
      vertex 5 -25.25 25.25
      vertex 11.25 -25.25 6
      vertex 11.25 -25.25 28.275
    endloop
  endfacet
  facet normal -0.793348 -0.608768 0
    outer loop
      vertex -14.3142 -23.8211 6
      vertex -14.5266 -23.5443 28.275
      vertex -14.5266 -23.5443 6
    endloop
  endfacet
  facet normal -0.793348 -0.608768 0
    outer loop
      vertex -14.5266 -23.5443 28.275
      vertex -14.3142 -23.8211 6
      vertex -14.3142 -23.8211 28.275
    endloop
  endfacet
  facet normal 0.976315 0.216354 0
    outer loop
      vertex 15.1892 21.9446 28.275
      vertex 15.1137 22.2853 6
      vertex 15.1137 22.2853 28.275
    endloop
  endfacet
  facet normal 0.976315 0.216354 0
    outer loop
      vertex 15.1137 22.2853 6
      vertex 15.1892 21.9446 28.275
      vertex 15.1892 21.9446 6
    endloop
  endfacet
  facet normal 0.382824 0.923821 -0
    outer loop
      vertex 12.9405 24.8752 6
      vertex 12.6181 25.0088 28.275
      vertex 12.9405 24.8752 28.275
    endloop
  endfacet
  facet normal 0.382824 0.923821 0
    outer loop
      vertex 12.6181 25.0088 28.275
      vertex 12.9405 24.8752 6
      vertex 12.6181 25.0088 6
    endloop
  endfacet
  facet normal 0.675634 0.737237 -0
    outer loop
      vertex 14.0784 24.0784 6
      vertex 13.8211 24.3142 28.275
      vertex 14.0784 24.0784 28.275
    endloop
  endfacet
  facet normal 0.675634 0.737237 0
    outer loop
      vertex 13.8211 24.3142 28.275
      vertex 14.0784 24.0784 6
      vertex 13.8211 24.3142 6
    endloop
  endfacet
  facet normal -0.130662 -0.991427 0
    outer loop
      vertex -11.9446 -25.1892 6
      vertex -11.5986 -25.2348 28.275
      vertex -11.9446 -25.1892 28.275
    endloop
  endfacet
  facet normal -0.130662 -0.991427 -0
    outer loop
      vertex -11.5986 -25.2348 28.275
      vertex -11.9446 -25.1892 6
      vertex -11.5986 -25.2348 6
    endloop
  endfacet
  facet normal 0.793348 0.608768 0
    outer loop
      vertex 14.5266 23.5443 28.275
      vertex 14.3142 23.8211 6
      vertex 14.3142 23.8211 28.275
    endloop
  endfacet
  facet normal 0.793348 0.608768 0
    outer loop
      vertex 14.3142 23.8211 6
      vertex 14.5266 23.5443 28.275
      vertex 14.5266 23.5443 6
    endloop
  endfacet
  facet normal -0.608768 -0.793348 0
    outer loop
      vertex -13.8211 -24.3142 6
      vertex -13.5443 -24.5266 28.275
      vertex -13.8211 -24.3142 28.275
    endloop
  endfacet
  facet normal -0.608768 -0.793348 -0
    outer loop
      vertex -13.5443 -24.5266 28.275
      vertex -13.8211 -24.3142 6
      vertex -13.5443 -24.5266 6
    endloop
  endfacet
  facet normal 0.991427 -0.130662 0
    outer loop
      vertex 15.1892 -21.9446 28.275
      vertex 15.2348 -21.5986 6
      vertex 15.2348 -21.5986 28.275
    endloop
  endfacet
  facet normal 0.991427 -0.130662 0
    outer loop
      vertex 15.2348 -21.5986 6
      vertex 15.1892 -21.9446 28.275
      vertex 15.1892 -21.9446 6
    endloop
  endfacet
  facet normal 0.300624 -0.953743 0
    outer loop
      vertex 12.2853 -25.1137 6
      vertex 12.6181 -25.0088 28.275
      vertex 12.2853 -25.1137 28.275
    endloop
  endfacet
  facet normal 0.300624 -0.953743 0
    outer loop
      vertex 12.6181 -25.0088 28.275
      vertex 12.2853 -25.1137 6
      vertex 12.6181 -25.0088 6
    endloop
  endfacet
  facet normal 0.737237 -0.675634 0
    outer loop
      vertex 14.0784 -24.0784 28.275
      vertex 14.3142 -23.8211 6
      vertex 14.3142 -23.8211 28.275
    endloop
  endfacet
  facet normal 0.737237 -0.675634 0
    outer loop
      vertex 14.3142 -23.8211 6
      vertex 14.0784 -24.0784 28.275
      vertex 14.0784 -24.0784 6
    endloop
  endfacet
  facet normal -0.675634 -0.737237 0
    outer loop
      vertex -14.0784 -24.0784 6
      vertex -13.8211 -24.3142 28.275
      vertex -14.0784 -24.0784 28.275
    endloop
  endfacet
  facet normal -0.675634 -0.737237 -0
    outer loop
      vertex -13.8211 -24.3142 28.275
      vertex -14.0784 -24.0784 6
      vertex -13.8211 -24.3142 6
    endloop
  endfacet
  facet normal 0.843378 0.53732 0
    outer loop
      vertex 14.7141 23.25 28.275
      vertex 14.5266 23.5443 6
      vertex 14.5266 23.5443 28.275
    endloop
  endfacet
  facet normal 0.843378 0.53732 0
    outer loop
      vertex 14.5266 23.5443 6
      vertex 14.7141 23.25 28.275
      vertex 14.7141 23.25 6
    endloop
  endfacet
  facet normal 0.130662 -0.991427 0
    outer loop
      vertex 11.5986 -25.2348 6
      vertex 11.9446 -25.1892 28.275
      vertex 11.5986 -25.2348 28.275
    endloop
  endfacet
  facet normal 0.130662 -0.991427 0
    outer loop
      vertex 11.9446 -25.1892 28.275
      vertex 11.5986 -25.2348 6
      vertex 11.9446 -25.1892 6
    endloop
  endfacet
  facet normal -0.793348 0.608768 0
    outer loop
      vertex -14.5266 23.5443 6
      vertex -14.3142 23.8211 28.275
      vertex -14.3142 23.8211 6
    endloop
  endfacet
  facet normal -0.793348 0.608768 0
    outer loop
      vertex -14.3142 23.8211 28.275
      vertex -14.5266 23.5443 6
      vertex -14.5266 23.5443 28.275
    endloop
  endfacet
  facet normal 0.923821 -0.382824 0
    outer loop
      vertex 14.8752 -22.9405 28.275
      vertex 15.0088 -22.6181 6
      vertex 15.0088 -22.6181 28.275
    endloop
  endfacet
  facet normal 0.923821 -0.382824 0
    outer loop
      vertex 15.0088 -22.6181 6
      vertex 14.8752 -22.9405 28.275
      vertex 14.8752 -22.9405 6
    endloop
  endfacet
  facet normal -0.675634 0.737237 0
    outer loop
      vertex -13.8211 24.3142 6
      vertex -14.0784 24.0784 28.275
      vertex -13.8211 24.3142 28.275
    endloop
  endfacet
  facet normal -0.675634 0.737237 0
    outer loop
      vertex -14.0784 24.0784 28.275
      vertex -13.8211 24.3142 6
      vertex -14.0784 24.0784 6
    endloop
  endfacet
  facet normal 0.382824 -0.923821 0
    outer loop
      vertex 12.6181 -25.0088 6
      vertex 12.9405 -24.8752 28.275
      vertex 12.6181 -25.0088 28.275
    endloop
  endfacet
  facet normal 0.382824 -0.923821 0
    outer loop
      vertex 12.9405 -24.8752 28.275
      vertex 12.6181 -25.0088 6
      vertex 12.9405 -24.8752 6
    endloop
  endfacet
  facet normal 0.675634 -0.737237 0
    outer loop
      vertex 13.8211 -24.3142 6
      vertex 14.0784 -24.0784 28.275
      vertex 13.8211 -24.3142 28.275
    endloop
  endfacet
  facet normal 0.675634 -0.737237 0
    outer loop
      vertex 14.0784 -24.0784 28.275
      vertex 13.8211 -24.3142 6
      vertex 14.0784 -24.0784 6
    endloop
  endfacet
  facet normal 0.999051 -0.0435616 0
    outer loop
      vertex 15.2348 -21.5986 28.275
      vertex 15.25 -21.25 6
      vertex 15.25 -21.25 28.275
    endloop
  endfacet
  facet normal 0.999051 -0.0435616 0
    outer loop
      vertex 15.25 -21.25 6
      vertex 15.2348 -21.5986 28.275
      vertex 15.2348 -21.5986 6
    endloop
  endfacet
  facet normal 0.737237 0.675634 0
    outer loop
      vertex 14.3142 23.8211 28.275
      vertex 14.0784 24.0784 6
      vertex 14.0784 24.0784 28.275
    endloop
  endfacet
  facet normal 0.737237 0.675634 0
    outer loop
      vertex 14.0784 24.0784 6
      vertex 14.3142 23.8211 28.275
      vertex 14.3142 23.8211 6
    endloop
  endfacet
  facet normal 0.608768 -0.793348 0
    outer loop
      vertex 13.5443 -24.5266 6
      vertex 13.8211 -24.3142 28.275
      vertex 13.5443 -24.5266 28.275
    endloop
  endfacet
  facet normal 0.608768 -0.793348 0
    outer loop
      vertex 13.8211 -24.3142 28.275
      vertex 13.5443 -24.5266 6
      vertex 13.8211 -24.3142 6
    endloop
  endfacet
  facet normal -0.216354 -0.976315 0
    outer loop
      vertex -12.2853 -25.1137 6
      vertex -11.9446 -25.1892 28.275
      vertex -12.2853 -25.1137 28.275
    endloop
  endfacet
  facet normal -0.216354 -0.976315 -0
    outer loop
      vertex -11.9446 -25.1892 28.275
      vertex -12.2853 -25.1137 6
      vertex -11.9446 -25.1892 6
    endloop
  endfacet
  facet normal 0.216354 0.976315 -0
    outer loop
      vertex 12.2853 25.1137 6
      vertex 11.9446 25.1892 28.275
      vertex 12.2853 25.1137 28.275
    endloop
  endfacet
  facet normal 0.216354 0.976315 0
    outer loop
      vertex 11.9446 25.1892 28.275
      vertex 12.2853 25.1137 6
      vertex 11.9446 25.1892 6
    endloop
  endfacet
  facet normal 0.130662 0.991427 -0
    outer loop
      vertex 11.9446 25.1892 6
      vertex 11.5986 25.2348 28.275
      vertex 11.9446 25.1892 28.275
    endloop
  endfacet
  facet normal 0.130662 0.991427 0
    outer loop
      vertex 11.5986 25.2348 28.275
      vertex 11.9446 25.1892 6
      vertex 11.5986 25.2348 6
    endloop
  endfacet
  facet normal 0 0 1
    outer loop
      vertex 10.95 20.95 28.275
      vertex 15.25 21.25 28.275
      vertex 15.2348 21.5986 28.275
    endloop
  endfacet
  facet normal 0 0 1
    outer loop
      vertex 15.25 21.25 28.275
      vertex 10.95 20.95 28.275
      vertex 15.25 -21.25 28.275
    endloop
  endfacet
  facet normal 0 0 1
    outer loop
      vertex 10.95 20.95 28.275
      vertex 15.2348 21.5986 28.275
      vertex 15.1892 21.9446 28.275
    endloop
  endfacet
  facet normal -0 0 1
    outer loop
      vertex 10.95 -20.95 28.275
      vertex 15.25 -21.25 28.275
      vertex 10.95 20.95 28.275
    endloop
  endfacet
  facet normal 0 0 1
    outer loop
      vertex 10.95 20.95 28.275
      vertex 15.1892 21.9446 28.275
      vertex 15.1137 22.2853 28.275
    endloop
  endfacet
  facet normal 0 0 1
    outer loop
      vertex 15.25 -21.25 28.275
      vertex 10.95 -20.95 28.275
      vertex 15.2348 -21.5986 28.275
    endloop
  endfacet
  facet normal 0 0 1
    outer loop
      vertex 10.95 20.95 28.275
      vertex 15.1137 22.2853 28.275
      vertex 15.0088 22.6181 28.275
    endloop
  endfacet
  facet normal 0 0 1
    outer loop
      vertex 15.2348 -21.5986 28.275
      vertex 10.95 -20.95 28.275
      vertex 15.1892 -21.9446 28.275
    endloop
  endfacet
  facet normal 0 0 1
    outer loop
      vertex 10.95 20.95 28.275
      vertex 15.0088 22.6181 28.275
      vertex 14.8752 22.9405 28.275
    endloop
  endfacet
  facet normal 0 0 1
    outer loop
      vertex 15.1892 -21.9446 28.275
      vertex 10.95 -20.95 28.275
      vertex 15.1137 -22.2853 28.275
    endloop
  endfacet
  facet normal 0 0 1
    outer loop
      vertex 10.95 20.95 28.275
      vertex 14.8752 22.9405 28.275
      vertex 14.7141 23.25 28.275
    endloop
  endfacet
  facet normal 0 0 1
    outer loop
      vertex 15.1137 -22.2853 28.275
      vertex 10.95 -20.95 28.275
      vertex 15.0088 -22.6181 28.275
    endloop
  endfacet
  facet normal 0 0 1
    outer loop
      vertex 10.95 20.95 28.275
      vertex 14.7141 23.25 28.275
      vertex 14.5266 23.5443 28.275
    endloop
  endfacet
  facet normal 0 0 1
    outer loop
      vertex 15.0088 -22.6181 28.275
      vertex 10.95 -20.95 28.275
      vertex 14.8752 -22.9405 28.275
    endloop
  endfacet
  facet normal 0 0 1
    outer loop
      vertex 10.95 20.95 28.275
      vertex 14.5266 23.5443 28.275
      vertex 14.3142 23.8211 28.275
    endloop
  endfacet
  facet normal 0 0 1
    outer loop
      vertex 14.8752 -22.9405 28.275
      vertex 10.95 -20.95 28.275
      vertex 14.7141 -23.25 28.275
    endloop
  endfacet
  facet normal 0 0 1
    outer loop
      vertex 10.95 20.95 28.275
      vertex 14.3142 23.8211 28.275
      vertex 14.0784 24.0784 28.275
    endloop
  endfacet
  facet normal 0 0 1
    outer loop
      vertex 14.7141 -23.25 28.275
      vertex 10.95 -20.95 28.275
      vertex 14.5266 -23.5443 28.275
    endloop
  endfacet
  facet normal 0 0 1
    outer loop
      vertex 10.95 20.95 28.275
      vertex 14.0784 24.0784 28.275
      vertex 13.8211 24.3142 28.275
    endloop
  endfacet
  facet normal 0 0 1
    outer loop
      vertex 14.5266 -23.5443 28.275
      vertex 10.95 -20.95 28.275
      vertex 14.3142 -23.8211 28.275
    endloop
  endfacet
  facet normal 0 0 1
    outer loop
      vertex 10.95 20.95 28.275
      vertex 13.8211 24.3142 28.275
      vertex 13.5443 24.5266 28.275
    endloop
  endfacet
  facet normal 0 0 1
    outer loop
      vertex 14.3142 -23.8211 28.275
      vertex 10.95 -20.95 28.275
      vertex 14.0784 -24.0784 28.275
    endloop
  endfacet
  facet normal 0 0 1
    outer loop
      vertex 10.95 20.95 28.275
      vertex 13.5443 24.5266 28.275
      vertex 13.25 24.7141 28.275
    endloop
  endfacet
  facet normal 0 0 1
    outer loop
      vertex 14.0784 -24.0784 28.275
      vertex 10.95 -20.95 28.275
      vertex 13.8211 -24.3142 28.275
    endloop
  endfacet
  facet normal 0 0 1
    outer loop
      vertex 10.95 20.95 28.275
      vertex 13.25 24.7141 28.275
      vertex 12.9405 24.8752 28.275
    endloop
  endfacet
  facet normal 0 0 1
    outer loop
      vertex 13.8211 -24.3142 28.275
      vertex 10.95 -20.95 28.275
      vertex 13.5443 -24.5266 28.275
    endloop
  endfacet
  facet normal 0 0 1
    outer loop
      vertex 10.95 20.95 28.275
      vertex 12.9405 24.8752 28.275
      vertex 12.6181 25.0088 28.275
    endloop
  endfacet
  facet normal 0 0 1
    outer loop
      vertex 13.5443 -24.5266 28.275
      vertex 10.95 -20.95 28.275
      vertex 13.25 -24.7141 28.275
    endloop
  endfacet
  facet normal 0 0 1
    outer loop
      vertex 10.95 20.95 28.275
      vertex 12.6181 25.0088 28.275
      vertex 12.2853 25.1137 28.275
    endloop
  endfacet
  facet normal 0 0 1
    outer loop
      vertex 13.25 -24.7141 28.275
      vertex 10.95 -20.95 28.275
      vertex 12.9405 -24.8752 28.275
    endloop
  endfacet
  facet normal 0 0 1
    outer loop
      vertex 10.95 20.95 28.275
      vertex 12.2853 25.1137 28.275
      vertex 11.9446 25.1892 28.275
    endloop
  endfacet
  facet normal 0 0 1
    outer loop
      vertex 12.9405 -24.8752 28.275
      vertex 10.95 -20.95 28.275
      vertex 12.6181 -25.0088 28.275
    endloop
  endfacet
  facet normal 0 0 1
    outer loop
      vertex 10.95 20.95 28.275
      vertex 11.9446 25.1892 28.275
      vertex 11.5986 25.2348 28.275
    endloop
  endfacet
  facet normal 0 0 1
    outer loop
      vertex 12.6181 -25.0088 28.275
      vertex 10.95 -20.95 28.275
      vertex 12.2853 -25.1137 28.275
    endloop
  endfacet
  facet normal 0 0 1
    outer loop
      vertex 10.95 20.95 28.275
      vertex 11.5986 25.2348 28.275
      vertex 11.25 25.25 28.275
    endloop
  endfacet
  facet normal 0 0 1
    outer loop
      vertex 12.2853 -25.1137 28.275
      vertex 10.95 -20.95 28.275
      vertex 11.9446 -25.1892 28.275
    endloop
  endfacet
  facet normal 0 0 1
    outer loop
      vertex 11.9446 -25.1892 28.275
      vertex 10.95 -20.95 28.275
      vertex 11.5986 -25.2348 28.275
    endloop
  endfacet
  facet normal 0 0 1
    outer loop
      vertex 11.25 25.25 28.275
      vertex -10.95 20.95 28.275
      vertex 10.95 20.95 28.275
    endloop
  endfacet
  facet normal -0 0 1
    outer loop
      vertex -11.5986 25.2348 28.275
      vertex -10.95 20.95 28.275
      vertex -11.25 25.25 28.275
    endloop
  endfacet
  facet normal -0 0 1
    outer loop
      vertex -11.25 25.25 28.275
      vertex -10.95 20.95 28.275
      vertex 11.25 25.25 28.275
    endloop
  endfacet
  facet normal 0 0 1
    outer loop
      vertex 11.5986 -25.2348 28.275
      vertex 10.95 -20.95 28.275
      vertex 11.25 -25.25 28.275
    endloop
  endfacet
  facet normal -0 0 1
    outer loop
      vertex -10.95 -20.95 28.275
      vertex 11.25 -25.25 28.275
      vertex 10.95 -20.95 28.275
    endloop
  endfacet
  facet normal 0 0 1
    outer loop
      vertex -10.95 -20.95 28.275
      vertex -11.25 -25.25 28.275
      vertex 11.25 -25.25 28.275
    endloop
  endfacet
  facet normal 0 0 1
    outer loop
      vertex -10.95 20.95 28.275
      vertex -15.25 21.25 28.275
      vertex -10.95 -20.95 28.275
    endloop
  endfacet
  facet normal -0 0 1
    outer loop
      vertex -11.9446 25.1892 28.275
      vertex -10.95 20.95 28.275
      vertex -11.5986 25.2348 28.275
    endloop
  endfacet
  facet normal 0 0 1
    outer loop
      vertex -15.25 -21.25 28.275
      vertex -10.95 -20.95 28.275
      vertex -15.25 21.25 28.275
    endloop
  endfacet
  facet normal -0 0 1
    outer loop
      vertex -12.2853 25.1137 28.275
      vertex -10.95 20.95 28.275
      vertex -11.9446 25.1892 28.275
    endloop
  endfacet
  facet normal 0 -0 1
    outer loop
      vertex -15.2348 -21.5986 28.275
      vertex -10.95 -20.95 28.275
      vertex -15.25 -21.25 28.275
    endloop
  endfacet
  facet normal -0 0 1
    outer loop
      vertex -12.6181 25.0088 28.275
      vertex -10.95 20.95 28.275
      vertex -12.2853 25.1137 28.275
    endloop
  endfacet
  facet normal 0 0 1
    outer loop
      vertex -10.95 -20.95 28.275
      vertex -11.5986 -25.2348 28.275
      vertex -11.25 -25.25 28.275
    endloop
  endfacet
  facet normal -0 0 1
    outer loop
      vertex -12.9405 24.8752 28.275
      vertex -10.95 20.95 28.275
      vertex -12.6181 25.0088 28.275
    endloop
  endfacet
  facet normal 0 0 1
    outer loop
      vertex -10.95 -20.95 28.275
      vertex -11.9446 -25.1892 28.275
      vertex -11.5986 -25.2348 28.275
    endloop
  endfacet
  facet normal -0 0 1
    outer loop
      vertex -13.25 24.7141 28.275
      vertex -10.95 20.95 28.275
      vertex -12.9405 24.8752 28.275
    endloop
  endfacet
  facet normal 0 0 1
    outer loop
      vertex -10.95 -20.95 28.275
      vertex -12.2853 -25.1137 28.275
      vertex -11.9446 -25.1892 28.275
    endloop
  endfacet
  facet normal -0 0 1
    outer loop
      vertex -13.5443 24.5266 28.275
      vertex -10.95 20.95 28.275
      vertex -13.25 24.7141 28.275
    endloop
  endfacet
  facet normal 0 0 1
    outer loop
      vertex -10.95 -20.95 28.275
      vertex -12.6181 -25.0088 28.275
      vertex -12.2853 -25.1137 28.275
    endloop
  endfacet
  facet normal -0 0 1
    outer loop
      vertex -13.8211 24.3142 28.275
      vertex -10.95 20.95 28.275
      vertex -13.5443 24.5266 28.275
    endloop
  endfacet
  facet normal 0 0 1
    outer loop
      vertex -10.95 -20.95 28.275
      vertex -12.9405 -24.8752 28.275
      vertex -12.6181 -25.0088 28.275
    endloop
  endfacet
  facet normal -0 0 1
    outer loop
      vertex -14.0784 24.0784 28.275
      vertex -10.95 20.95 28.275
      vertex -13.8211 24.3142 28.275
    endloop
  endfacet
  facet normal 0 0 1
    outer loop
      vertex -10.95 -20.95 28.275
      vertex -13.25 -24.7141 28.275
      vertex -12.9405 -24.8752 28.275
    endloop
  endfacet
  facet normal -0 0 1
    outer loop
      vertex -14.3142 23.8211 28.275
      vertex -10.95 20.95 28.275
      vertex -14.0784 24.0784 28.275
    endloop
  endfacet
  facet normal 0 0 1
    outer loop
      vertex -10.95 -20.95 28.275
      vertex -13.5443 -24.5266 28.275
      vertex -13.25 -24.7141 28.275
    endloop
  endfacet
  facet normal -0 0 1
    outer loop
      vertex -14.5266 23.5443 28.275
      vertex -10.95 20.95 28.275
      vertex -14.3142 23.8211 28.275
    endloop
  endfacet
  facet normal 0 0 1
    outer loop
      vertex -10.95 -20.95 28.275
      vertex -13.8211 -24.3142 28.275
      vertex -13.5443 -24.5266 28.275
    endloop
  endfacet
  facet normal -0 0 1
    outer loop
      vertex -14.7141 23.25 28.275
      vertex -10.95 20.95 28.275
      vertex -14.5266 23.5443 28.275
    endloop
  endfacet
  facet normal 0 0 1
    outer loop
      vertex -10.95 -20.95 28.275
      vertex -14.0784 -24.0784 28.275
      vertex -13.8211 -24.3142 28.275
    endloop
  endfacet
  facet normal -0 0 1
    outer loop
      vertex -14.8752 22.9405 28.275
      vertex -10.95 20.95 28.275
      vertex -14.7141 23.25 28.275
    endloop
  endfacet
  facet normal 0 0 1
    outer loop
      vertex -10.95 -20.95 28.275
      vertex -14.3142 -23.8211 28.275
      vertex -14.0784 -24.0784 28.275
    endloop
  endfacet
  facet normal -0 0 1
    outer loop
      vertex -15.0088 22.6181 28.275
      vertex -10.95 20.95 28.275
      vertex -14.8752 22.9405 28.275
    endloop
  endfacet
  facet normal 0 0 1
    outer loop
      vertex -10.95 -20.95 28.275
      vertex -14.5266 -23.5443 28.275
      vertex -14.3142 -23.8211 28.275
    endloop
  endfacet
  facet normal -0 0 1
    outer loop
      vertex -15.1137 22.2853 28.275
      vertex -10.95 20.95 28.275
      vertex -15.0088 22.6181 28.275
    endloop
  endfacet
  facet normal 0 0 1
    outer loop
      vertex -10.95 -20.95 28.275
      vertex -14.7141 -23.25 28.275
      vertex -14.5266 -23.5443 28.275
    endloop
  endfacet
  facet normal -0 0 1
    outer loop
      vertex -15.1892 21.9446 28.275
      vertex -10.95 20.95 28.275
      vertex -15.1137 22.2853 28.275
    endloop
  endfacet
  facet normal 0 0 1
    outer loop
      vertex -10.95 -20.95 28.275
      vertex -14.8752 -22.9405 28.275
      vertex -14.7141 -23.25 28.275
    endloop
  endfacet
  facet normal -0 0 1
    outer loop
      vertex -15.2348 21.5986 28.275
      vertex -10.95 20.95 28.275
      vertex -15.1892 21.9446 28.275
    endloop
  endfacet
  facet normal 0 0 1
    outer loop
      vertex -10.95 -20.95 28.275
      vertex -15.0088 -22.6181 28.275
      vertex -14.8752 -22.9405 28.275
    endloop
  endfacet
  facet normal 0 0 1
    outer loop
      vertex -10.95 20.95 28.275
      vertex -15.2348 21.5986 28.275
      vertex -15.25 21.25 28.275
    endloop
  endfacet
  facet normal 0 0 1
    outer loop
      vertex -10.95 -20.95 28.275
      vertex -15.1137 -22.2853 28.275
      vertex -15.0088 -22.6181 28.275
    endloop
  endfacet
  facet normal 0 0 1
    outer loop
      vertex -10.95 -20.95 28.275
      vertex -15.1892 -21.9446 28.275
      vertex -15.1137 -22.2853 28.275
    endloop
  endfacet
  facet normal 0 0 1
    outer loop
      vertex -10.95 -20.95 28.275
      vertex -15.2348 -21.5986 28.275
      vertex -15.1892 -21.9446 28.275
    endloop
  endfacet
  facet normal 0 -1 0
    outer loop
      vertex -10.95 20.95 28.275
      vertex -5 20.95 25.25
      vertex 10.95 20.95 28.275
    endloop
  endfacet
  facet normal 0 -1 0
    outer loop
      vertex -10.95 20.95 6
      vertex -5 20.95 25.25
      vertex -10.95 20.95 28.275
    endloop
  endfacet
  facet normal 0 -1 -0
    outer loop
      vertex -5 20.95 25.25
      vertex -10.95 20.95 6
      vertex -5 20.95 6
    endloop
  endfacet
  facet normal 0 -1 0
    outer loop
      vertex 5 20.95 25.25
      vertex 10.95 20.95 28.275
      vertex -5 20.95 25.25
    endloop
  endfacet
  facet normal 0 -1 0
    outer loop
      vertex 10.95 20.95 6
      vertex 5 20.95 25.25
      vertex 5 20.95 6
    endloop
  endfacet
  facet normal 0 -1 0
    outer loop
      vertex 5 20.95 25.25
      vertex 10.95 20.95 6
      vertex 10.95 20.95 28.275
    endloop
  endfacet
  facet normal 0 1 0
    outer loop
      vertex 10.95 -20.95 28.275
      vertex 5 -20.95 25.25
      vertex -10.95 -20.95 28.275
    endloop
  endfacet
  facet normal 0 1 -0
    outer loop
      vertex 10.95 -20.95 6
      vertex 5 -20.95 25.25
      vertex 10.95 -20.95 28.275
    endloop
  endfacet
  facet normal 0 1 0
    outer loop
      vertex 5 -20.95 25.25
      vertex 10.95 -20.95 6
      vertex 5 -20.95 6
    endloop
  endfacet
  facet normal 0 1 -0
    outer loop
      vertex -5 -20.95 25.25
      vertex -10.95 -20.95 28.275
      vertex 5 -20.95 25.25
    endloop
  endfacet
  facet normal 0 1 0
    outer loop
      vertex -10.95 -20.95 6
      vertex -5 -20.95 25.25
      vertex -5 -20.95 6
    endloop
  endfacet
  facet normal 0 1 0
    outer loop
      vertex -5 -20.95 25.25
      vertex -10.95 -20.95 6
      vertex -10.95 -20.95 28.275
    endloop
  endfacet
  facet normal 1 0 0
    outer loop
      vertex -10.95 20.95 28.275
      vertex -10.95 11.647 6
      vertex -10.95 20.95 6
    endloop
  endfacet
  facet normal 1 0 0
    outer loop
      vertex -10.95 20.95 28.275
      vertex -10.95 -11.647 6
      vertex -10.95 11.647 6
    endloop
  endfacet
  facet normal 1 -0 0
    outer loop
      vertex -10.95 -20.95 28.275
      vertex -10.95 -11.647 6
      vertex -10.95 20.95 28.275
    endloop
  endfacet
  facet normal 1 0 0
    outer loop
      vertex -10.95 -11.647 6
      vertex -10.95 -20.95 28.275
      vertex -10.95 -20.95 6
    endloop
  endfacet
  facet normal -1 0 0
    outer loop
      vertex 10.95 11.647 6
      vertex 10.95 20.95 28.275
      vertex 10.95 20.95 6
    endloop
  endfacet
  facet normal -1 0 0
    outer loop
      vertex 10.95 -11.647 6
      vertex 10.95 20.95 28.275
      vertex 10.95 11.647 6
    endloop
  endfacet
  facet normal -1 0 0
    outer loop
      vertex 10.95 -20.95 28.275
      vertex 10.95 -11.647 6
      vertex 10.95 -20.95 6
    endloop
  endfacet
  facet normal -1 0 0
    outer loop
      vertex 10.95 -11.647 6
      vertex 10.95 -20.95 28.275
      vertex 10.95 20.95 28.275
    endloop
  endfacet
  facet normal -1 0 0
    outer loop
      vertex 5 20.95 6
      vertex 5 25.25 25.25
      vertex 5 25.25 6
    endloop
  endfacet
  facet normal -1 -0 0
    outer loop
      vertex 5 25.25 25.25
      vertex 5 20.95 6
      vertex 5 20.95 25.25
    endloop
  endfacet
  facet normal -1 0 0
    outer loop
      vertex 5 -25.25 6
      vertex 5 -20.95 25.25
      vertex 5 -20.95 6
    endloop
  endfacet
  facet normal -1 -0 0
    outer loop
      vertex 5 -20.95 25.25
      vertex 5 -25.25 6
      vertex 5 -25.25 25.25
    endloop
  endfacet
  facet normal 0 0 -1
    outer loop
      vertex -5 20.95 25.25
      vertex 5 25.25 25.25
      vertex 5 20.95 25.25
    endloop
  endfacet
  facet normal -0 0 -1
    outer loop
      vertex 5 25.25 25.25
      vertex -5 20.95 25.25
      vertex -5 25.25 25.25
    endloop
  endfacet
  facet normal 0 0 -1
    outer loop
      vertex -5 -25.25 25.25
      vertex 5 -20.95 25.25
      vertex 5 -25.25 25.25
    endloop
  endfacet
  facet normal -0 0 -1
    outer loop
      vertex 5 -20.95 25.25
      vertex -5 -25.25 25.25
      vertex -5 -20.95 25.25
    endloop
  endfacet
  facet normal 1 -0 0
    outer loop
      vertex -5 20.95 25.25
      vertex -5 25.25 6
      vertex -5 25.25 25.25
    endloop
  endfacet
  facet normal 1 0 0
    outer loop
      vertex -5 25.25 6
      vertex -5 20.95 25.25
      vertex -5 20.95 6
    endloop
  endfacet
  facet normal 1 -0 0
    outer loop
      vertex -5 -25.25 25.25
      vertex -5 -20.95 6
      vertex -5 -20.95 25.25
    endloop
  endfacet
  facet normal 1 0 0
    outer loop
      vertex -5 -20.95 6
      vertex -5 -25.25 25.25
      vertex -5 -25.25 6
    endloop
  endfacet
endsolid OpenSCAD_Model
